tile_id,assignment,country,project_name,num_buildings,is_empty,n_instances,block
OAM-116572-237189-19,fold_3,Mexico,MEXICO ACAPULCO RECOVERY FROM HURRICANE OTIS 2023 - DAMAGED BUILDINGS (12),1,False,1,MEXICO ACAPULCO RECOVERY FROM HURRICANE OTIS 2023 - DAMAGED BUILDINGS (12)|29143_59297
OAM-116580-237195-19,fold_2,Mexico,MEXICO ACAPULCO RECOVERY FROM HURRICANE OTIS 2023 - DAMAGED BUILDINGS (13),0,True,0,MEXICO ACAPULCO RECOVERY FROM HURRICANE OTIS 2023 - DAMAGED BUILDINGS (13)|29145_59298
OAM-116591-237180-19,fold_0,Mexico,MEXICO ACAPULCO RECOVERY FROM HURRICANE OTIS 2023 - DAMAGED BUILDINGS (12),0,True,0,MEXICO ACAPULCO RECOVERY FROM HURRICANE OTIS 2023 - DAMAGED BUILDINGS (12)|29147_59295
OAM-116597-237183-19,fold_6,Mexico,MEXICO ACAPULCO RECOVERY FROM HURRICANE OTIS 2023 - DAMAGED BUILDINGS (13),0,True,0,MEXICO ACAPULCO RECOVERY FROM HURRICANE OTIS 2023 - DAMAGED BUILDINGS (13)|29149_59295
OAM-116630-237243-19,fold_0,Mexico,MEXICO ACAPULCO RECOVERY FROM HURRICANE OTIS 2023 - DAMAGED BUILDINGS (8),0,True,0,MEXICO ACAPULCO RECOVERY FROM HURRICANE OTIS 2023 - DAMAGED BUILDINGS (8)|29157_59310
OAM-116631-237267-19,fold_5,Mexico,MEXICO ACAPULCO RECOVERY FROM HURRICANE OTIS 2023 - DAMAGED BUILDINGS - (5),6,False,6,MEXICO ACAPULCO RECOVERY FROM HURRICANE OTIS 2023 - DAMAGED BUILDINGS - (5)|29157_59316
OAM-116632-237199-19,fold_5,Mexico,MEXICO ACAPULCO RECOVERY FROM HURRICANE OTIS 2023 - DAMAGED BUILDINGS - (1),0,True,0,MEXICO ACAPULCO RECOVERY FROM HURRICANE OTIS 2023 - DAMAGED BUILDINGS - (1)|29158_59299
OAM-116633-237248-19,fold_0,Mexico,MEXICO ACAPULCO RECOVERY FROM HURRICANE OTIS 2023 - DAMAGED BUILDINGS (8),2,False,2,MEXICO ACAPULCO RECOVERY FROM HURRICANE OTIS 2023 - DAMAGED BUILDINGS (8)|29158_59312
OAM-116634-237202-19,fold_0,Mexico,MEXICO ACAPULCO RECOVERY FROM HURRICANE OTIS 2023 - DAMAGED BUILDINGS - (1),5,False,5,MEXICO ACAPULCO RECOVERY FROM HURRICANE OTIS 2023 - DAMAGED BUILDINGS - (1)|29158_59300
OAM-116634-237205-19,fold_4,Mexico,MEXICO ACAPULCO RECOVERY FROM HURRICANE OTIS 2023 - DAMAGED BUILDINGS - (1),5,False,5,MEXICO ACAPULCO RECOVERY FROM HURRICANE OTIS 2023 - DAMAGED BUILDINGS - (1)|29158_59301
OAM-116634-237243-19,fold_1,Mexico,MEXICO ACAPULCO RECOVERY FROM HURRICANE OTIS 2023 - DAMAGED BUILDINGS (8),21,False,21,MEXICO ACAPULCO RECOVERY FROM HURRICANE OTIS 2023 - DAMAGED BUILDINGS (8)|29158_59310
OAM-116636-237255-19,fold_4,Mexico,MEXICO ACAPULCO RECOVERY FROM HURRICANE OTIS 2023 - DAMAGED BUILDINGS - (4),10,False,10,MEXICO ACAPULCO RECOVERY FROM HURRICANE OTIS 2023 - DAMAGED BUILDINGS - (4)|29159_59313
OAM-116638-237258-19,fold_3,Mexico,MEXICO ACAPULCO RECOVERY FROM HURRICANE OTIS 2023 - DAMAGED BUILDINGS - (4),1,False,1,MEXICO ACAPULCO RECOVERY FROM HURRICANE OTIS 2023 - DAMAGED BUILDINGS - (4)|29159_59314
OAM-116646-237196-19,fold_6,Mexico,MEXICO ACAPULCO RECOVERY FROM HURRICANE OTIS 2023 - DAMAGED BUILDINGS - (2),6,False,6,MEXICO ACAPULCO RECOVERY FROM HURRICANE OTIS 2023 - DAMAGED BUILDINGS - (2)|29161_59299
OAM-116664-237209-19,fold_3,Mexico,MEXICO ACAPULCO RECOVERY FROM HURRICANE OTIS 2023 - DAMAGED BUILDINGS - (6),20,False,20,MEXICO ACAPULCO RECOVERY FROM HURRICANE OTIS 2023 - DAMAGED BUILDINGS - (6)|29166_59302
OAM-116685-237226-19,fold_6,Mexico,MEXICO ACAPULCO RECOVERY FROM HURRICANE OTIS 2023 - DAMAGED BUILDINGS (9),1,False,1,MEXICO ACAPULCO RECOVERY FROM HURRICANE OTIS 2023 - DAMAGED BUILDINGS (9)|29171_59306
OAM-116688-237219-19,fold_2,Mexico,MEXICO ACAPULCO RECOVERY FROM HURRICANE OTIS 2023 - DAMAGED BUILDINGS (9),2,False,2,MEXICO ACAPULCO RECOVERY FROM HURRICANE OTIS 2023 - DAMAGED BUILDINGS (9)|29172_59304
OAM-116696-237219-19,fold_0,Mexico,MEXICO ACAPULCO RECOVERY FROM HURRICANE OTIS 2023 - DAMAGED BUILDINGS (9),0,True,0,MEXICO ACAPULCO RECOVERY FROM HURRICANE OTIS 2023 - DAMAGED BUILDINGS (9)|29174_59304
OAM-116746-237182-19,fold_5,Mexico,MEXICO ACAPULCO RECOVERY FROM HURRICANE OTIS 2023 - DAMAGED BUILDINGS (18),0,True,0,MEXICO ACAPULCO RECOVERY FROM HURRICANE OTIS 2023 - DAMAGED BUILDINGS (18)|29186_59295
OAM-116754-237187-19,fold_6,Mexico,MEXICO ACAPULCO RECOVERY FROM HURRICANE OTIS 2023 - DAMAGED BUILDINGS (18),0,True,0,MEXICO ACAPULCO RECOVERY FROM HURRICANE OTIS 2023 - DAMAGED BUILDINGS (18)|29188_59296
OAM-116756-237173-19,fold_3,Mexico,MEXICO ACAPULCO RECOVERY FROM HURRICANE OTIS 2023 - DAMAGED BUILDINGS (18),4,False,4,MEXICO ACAPULCO RECOVERY FROM HURRICANE OTIS 2023 - DAMAGED BUILDINGS (18)|29189_59293
OAM-116756-237187-19,fold_2,Mexico,MEXICO ACAPULCO RECOVERY FROM HURRICANE OTIS 2023 - DAMAGED BUILDINGS (18),0,True,0,MEXICO ACAPULCO RECOVERY FROM HURRICANE OTIS 2023 - DAMAGED BUILDINGS (18)|29189_59296
OAM-116757-237183-19,fold_0,Mexico,MEXICO ACAPULCO RECOVERY FROM HURRICANE OTIS 2023 - DAMAGED BUILDINGS (18),0,True,0,MEXICO ACAPULCO RECOVERY FROM HURRICANE OTIS 2023 - DAMAGED BUILDINGS (18)|29189_59295
OAM-116757-237185-19,fold_2,Mexico,MEXICO ACAPULCO RECOVERY FROM HURRICANE OTIS 2023 - DAMAGED BUILDINGS (18),1,False,1,MEXICO ACAPULCO RECOVERY FROM HURRICANE OTIS 2023 - DAMAGED BUILDINGS (18)|29189_59296
OAM-116757-237187-19,fold_2,Mexico,MEXICO ACAPULCO RECOVERY FROM HURRICANE OTIS 2023 - DAMAGED BUILDINGS (18),0,True,0,MEXICO ACAPULCO RECOVERY FROM HURRICANE OTIS 2023 - DAMAGED BUILDINGS (18)|29189_59296
OAM-116758-237186-19,fold_2,Mexico,MEXICO ACAPULCO RECOVERY FROM HURRICANE OTIS 2023 - DAMAGED BUILDINGS (18),0,True,0,MEXICO ACAPULCO RECOVERY FROM HURRICANE OTIS 2023 - DAMAGED BUILDINGS (18)|29189_59296
OAM-116758-237188-19,fold_0,Mexico,MEXICO ACAPULCO RECOVERY FROM HURRICANE OTIS 2023 - DAMAGED BUILDINGS (18),0,True,0,MEXICO ACAPULCO RECOVERY FROM HURRICANE OTIS 2023 - DAMAGED BUILDINGS (18)|29189_59297
OAM-116763-237159-19,fold_0,Mexico,MEXICO ACAPULCO RECOVERY FROM HURRICANE OTIS 2023 - DAMAGED BUILDINGS (14),1,False,1,MEXICO ACAPULCO RECOVERY FROM HURRICANE OTIS 2023 - DAMAGED BUILDINGS (14)|29190_59289
OAM-116765-237181-19,fold_0,Mexico,MEXICO ACAPULCO RECOVERY FROM HURRICANE OTIS 2023 - DAMAGED BUILDINGS (18),0,True,0,MEXICO ACAPULCO RECOVERY FROM HURRICANE OTIS 2023 - DAMAGED BUILDINGS (18)|29191_59295
OAM-116766-237149-19,fold_4,Mexico,MEXICO ACAPULCO RECOVERY FROM HURRICANE OTIS 2023 - DAMAGED BUILDINGS (15),0,True,0,MEXICO ACAPULCO RECOVERY FROM HURRICANE OTIS 2023 - DAMAGED BUILDINGS (15)|29191_59287
OAM-116770-237191-19,fold_6,Mexico,MEXICO ACAPULCO RECOVERY FROM HURRICANE OTIS 2023 - DAMAGED BUILDINGS (18),0,True,0,MEXICO ACAPULCO RECOVERY FROM HURRICANE OTIS 2023 - DAMAGED BUILDINGS (18)|29192_59297
OAM-116771-237151-19,fold_5,Mexico,MEXICO ACAPULCO RECOVERY FROM HURRICANE OTIS 2023 - DAMAGED BUILDINGS (15),0,True,0,MEXICO ACAPULCO RECOVERY FROM HURRICANE OTIS 2023 - DAMAGED BUILDINGS (15)|29192_59287
OAM-116772-237152-19,fold_4,Mexico,MEXICO ACAPULCO RECOVERY FROM HURRICANE OTIS 2023 - DAMAGED BUILDINGS (15),0,True,0,MEXICO ACAPULCO RECOVERY FROM HURRICANE OTIS 2023 - DAMAGED BUILDINGS (15)|29193_59288
OAM-116772-237193-19,fold_1,Mexico,MEXICO ACAPULCO RECOVERY FROM HURRICANE OTIS 2023 - DAMAGED BUILDINGS (18),0,True,0,MEXICO ACAPULCO RECOVERY FROM HURRICANE OTIS 2023 - DAMAGED BUILDINGS (18)|29193_59298
OAM-116772-237194-19,fold_1,Mexico,MEXICO ACAPULCO RECOVERY FROM HURRICANE OTIS 2023 - DAMAGED BUILDINGS (18),0,True,0,MEXICO ACAPULCO RECOVERY FROM HURRICANE OTIS 2023 - DAMAGED BUILDINGS (18)|29193_59298
OAM-116779-237153-19,fold_5,Mexico,MEXICO ACAPULCO RECOVERY FROM HURRICANE OTIS 2023 - DAMAGED BUILDINGS (15),0,True,0,MEXICO ACAPULCO RECOVERY FROM HURRICANE OTIS 2023 - DAMAGED BUILDINGS (15)|29194_59288
OAM-116780-237153-19,fold_3,Mexico,MEXICO ACAPULCO RECOVERY FROM HURRICANE OTIS 2023 - DAMAGED BUILDINGS (15),0,True,0,MEXICO ACAPULCO RECOVERY FROM HURRICANE OTIS 2023 - DAMAGED BUILDINGS (15)|29195_59288
OAM-116782-237173-19,fold_4,Mexico,MEXICO ACAPULCO RECOVERY FROM HURRICANE OTIS 2023 - DAMAGED BUILDINGS (17),0,True,0,MEXICO ACAPULCO RECOVERY FROM HURRICANE OTIS 2023 - DAMAGED BUILDINGS (17)|29195_59293
OAM-116783-237173-19,fold_4,Mexico,MEXICO ACAPULCO RECOVERY FROM HURRICANE OTIS 2023 - DAMAGED BUILDINGS (17),0,True,0,MEXICO ACAPULCO RECOVERY FROM HURRICANE OTIS 2023 - DAMAGED BUILDINGS (17)|29195_59293
OAM-125589-237307-19,fold_5,Mexico,Centro Poblado Francisco I Madero,0,True,0,Centro Poblado Francisco I Madero|31397_59326
OAM-125590-237315-19,fold_1,Mexico,Centro Poblado Francisco I Madero,0,True,0,Centro Poblado Francisco I Madero|31397_59328
OAM-125591-237315-19,fold_1,Mexico,Centro Poblado Francisco I Madero,5,False,5,Centro Poblado Francisco I Madero|31397_59328
OAM-125594-237317-19,fold_4,Mexico,Centro Poblado Francisco I Madero,0,True,0,Centro Poblado Francisco I Madero|31398_59329
OAM-125595-237312-19,fold_2,Mexico,Centro Poblado Francisco I Madero,20,False,20,Centro Poblado Francisco I Madero|31398_59328
OAM-125595-237321-19,fold_4,Mexico,Centro Poblado Francisco I Madero,0,True,0,Centro Poblado Francisco I Madero|31398_59330
OAM-125596-237317-19,fold_4,Mexico,Centro Poblado Francisco I Madero,4,False,4,Centro Poblado Francisco I Madero|31399_59329
OAM-125596-237321-19,fold_4,Mexico,Centro Poblado Francisco I Madero,0,True,0,Centro Poblado Francisco I Madero|31399_59330
OAM-125600-237321-19,fold_2,Mexico,Centro Poblado Francisco I Madero,0,True,0,Centro Poblado Francisco I Madero|31400_59330
OAM-125603-237323-19,fold_2,Mexico,Centro Poblado Francisco I Madero,0,True,0,Centro Poblado Francisco I Madero|31400_59330
OAM-125605-237310-19,fold_1,Mexico,Centro Poblado Francisco I Madero,0,True,0,Centro Poblado Francisco I Madero|31401_59327
OAM-125608-237307-19,fold_5,Mexico,Centro Poblado Francisco I Madero,0,True,0,Centro Poblado Francisco I Madero|31402_59326
OAM-125608-237312-19,fold_6,Mexico,Centro Poblado Francisco I Madero,0,True,0,Centro Poblado Francisco I Madero|31402_59328
OAM-125608-237322-19,fold_0,Mexico,Centro Poblado Francisco I Madero,0,True,0,Centro Poblado Francisco I Madero|31402_59330
OAM-125688-237226-19,fold_1,Mexico,Centro Poblado Los Joaquines,0,True,0,Centro Poblado Los Joaquines|31422_59306
OAM-125690-237224-19,fold_1,Mexico,Centro Poblado Los Joaquines,0,True,0,Centro Poblado Los Joaquines|31422_59306
OAM-125690-237232-19,fold_3,Mexico,Centro Poblado Los Joaquines,0,True,0,Centro Poblado Los Joaquines|31422_59308
OAM-125691-237224-19,fold_1,Mexico,Centro Poblado Los Joaquines,0,True,0,Centro Poblado Los Joaquines|31422_59306
OAM-125691-237231-19,fold_3,Mexico,Centro Poblado Los Joaquines,3,False,3,Centro Poblado Los Joaquines|31422_59307
OAM-125695-237229-19,fold_0,Mexico,Centro Poblado Los Joaquines,0,True,0,Centro Poblado Los Joaquines|31423_59307
OAM-151763-232386-19,fold_1,Cuba,Caribbean Response Hurricane Melissa 2025 Cuba (1),7,False,7,Caribbean Response Hurricane Melissa 2025 Cuba (1)|37940_58096
OAM-151766-232386-19,fold_1,Cuba,Caribbean Response Hurricane Melissa 2025 Cuba (1),5,False,5,Caribbean Response Hurricane Melissa 2025 Cuba (1)|37941_58096
OAM-151770-232387-19,fold_2,Cuba,Caribbean Response Hurricane Melissa 2025 Cuba (1),15,False,15,Caribbean Response Hurricane Melissa 2025 Cuba (1)|37942_58096
OAM-151771-232337-19,fold_1,Cuba,Caribbean Response Hurricane Melissa 2025 Cuba (1),1,False,1,Caribbean Response Hurricane Melissa 2025 Cuba (1)|37942_58084
OAM-151771-232341-19,fold_6,Cuba,Caribbean Response Hurricane Melissa 2025 Cuba (1),20,False,20,Caribbean Response Hurricane Melissa 2025 Cuba (1)|37942_58085
OAM-151772-232331-19,fold_4,Cuba,Caribbean Response Hurricane Melissa 2025 Cuba (1),0,True,0,Caribbean Response Hurricane Melissa 2025 Cuba (1)|37943_58082
OAM-151773-232339-19,fold_5,Cuba,Caribbean Response Hurricane Melissa 2025 Cuba (1),34,False,34,Caribbean Response Hurricane Melissa 2025 Cuba (1)|37943_58084
OAM-151773-232343-19,fold_5,Cuba,Caribbean Response Hurricane Melissa 2025 Cuba (1),20,False,20,Caribbean Response Hurricane Melissa 2025 Cuba (1)|37943_58085
OAM-151774-232339-19,fold_5,Cuba,Caribbean Response Hurricane Melissa 2025 Cuba (1),20,False,20,Caribbean Response Hurricane Melissa 2025 Cuba (1)|37943_58084
OAM-151774-232344-19,fold_0,Cuba,Caribbean Response Hurricane Melissa 2025 Cuba (1),7,False,7,Caribbean Response Hurricane Melissa 2025 Cuba (1)|37943_58086
OAM-151775-232326-19,fold_6,Cuba,Caribbean Response Hurricane Melissa 2025 Cuba (1),25,False,25,Caribbean Response Hurricane Melissa 2025 Cuba (1)|37943_58081
OAM-151775-232342-19,fold_5,Cuba,Caribbean Response Hurricane Melissa 2025 Cuba (1),21,False,21,Caribbean Response Hurricane Melissa 2025 Cuba (1)|37943_58085
OAM-151775-232347-19,fold_0,Cuba,Caribbean Response Hurricane Melissa 2025 Cuba (1),0,True,0,Caribbean Response Hurricane Melissa 2025 Cuba (1)|37943_58086
OAM-151776-232338-19,fold_0,Cuba,Caribbean Response Hurricane Melissa 2025 Cuba (1),5,False,5,Caribbean Response Hurricane Melissa 2025 Cuba (1)|37944_58084
OAM-151776-232345-19,fold_2,Cuba,Caribbean Response Hurricane Melissa 2025 Cuba (1),24,False,24,Caribbean Response Hurricane Melissa 2025 Cuba (1)|37944_58086
OAM-151777-232338-19,fold_0,Cuba,Caribbean Response Hurricane Melissa 2025 Cuba (1),2,False,2,Caribbean Response Hurricane Melissa 2025 Cuba (1)|37944_58084
OAM-151777-232342-19,fold_0,Cuba,Caribbean Response Hurricane Melissa 2025 Cuba (1),5,False,5,Caribbean Response Hurricane Melissa 2025 Cuba (1)|37944_58085
OAM-151778-232348-19,fold_1,Cuba,Caribbean Response Hurricane Melissa 2025 Cuba (1),15,False,15,Caribbean Response Hurricane Melissa 2025 Cuba (1)|37944_58087
OAM-151779-232327-19,fold_2,Cuba,Caribbean Response Hurricane Melissa 2025 Cuba (1),2,False,2,Caribbean Response Hurricane Melissa 2025 Cuba (1)|37944_58081
OAM-151779-232338-19,fold_0,Cuba,Caribbean Response Hurricane Melissa 2025 Cuba (1),5,False,5,Caribbean Response Hurricane Melissa 2025 Cuba (1)|37944_58084
OAM-151779-232339-19,fold_0,Cuba,Caribbean Response Hurricane Melissa 2025 Cuba (1),5,False,5,Caribbean Response Hurricane Melissa 2025 Cuba (1)|37944_58084
OAM-151780-232346-19,fold_1,Cuba,Caribbean Response Hurricane Melissa 2025 Cuba (1),5,False,5,Caribbean Response Hurricane Melissa 2025 Cuba (1)|37945_58086
OAM-151780-232394-19,fold_6,Cuba,Caribbean Response Hurricane Melissa 2025 Cuba (1),4,False,4,Caribbean Response Hurricane Melissa 2025 Cuba (1)|37945_58098
OAM-151782-232340-19,fold_6,Cuba,Caribbean Response Hurricane Melissa 2025 Cuba (1),1,False,1,Caribbean Response Hurricane Melissa 2025 Cuba (1)|37945_58085
OAM-151782-232391-19,fold_6,Cuba,Caribbean Response Hurricane Melissa 2025 Cuba (1),7,False,7,Caribbean Response Hurricane Melissa 2025 Cuba (1)|37945_58097
OAM-151784-232331-19,fold_2,Cuba,Caribbean Response Hurricane Melissa 2025 Cuba (1),5,False,5,Caribbean Response Hurricane Melissa 2025 Cuba (1)|37946_58082
OAM-151784-232343-19,fold_3,Cuba,Caribbean Response Hurricane Melissa 2025 Cuba (1),5,False,5,Caribbean Response Hurricane Melissa 2025 Cuba (1)|37946_58085
OAM-151785-232337-19,fold_0,Cuba,Caribbean Response Hurricane Melissa 2025 Cuba (1),3,False,3,Caribbean Response Hurricane Melissa 2025 Cuba (1)|37946_58084
OAM-151786-232315-19,fold_1,Cuba,Caribbean Response Hurricane Melissa 2025 Cuba (1),0,True,0,Caribbean Response Hurricane Melissa 2025 Cuba (1)|37946_58078
OAM-151786-232329-19,fold_2,Cuba,Caribbean Response Hurricane Melissa 2025 Cuba (1),7,False,7,Caribbean Response Hurricane Melissa 2025 Cuba (1)|37946_58082
OAM-151786-232341-19,fold_3,Cuba,Caribbean Response Hurricane Melissa 2025 Cuba (1),6,False,6,Caribbean Response Hurricane Melissa 2025 Cuba (1)|37946_58085
OAM-151787-232335-19,fold_5,Cuba,Caribbean Response Hurricane Melissa 2025 Cuba (1),2,False,2,Caribbean Response Hurricane Melissa 2025 Cuba (1)|37946_58083
OAM-151788-232326-19,fold_5,Cuba,Caribbean Response Hurricane Melissa 2025 Cuba (1),6,False,6,Caribbean Response Hurricane Melissa 2025 Cuba (1)|37947_58081
OAM-151788-232327-19,fold_5,Cuba,Caribbean Response Hurricane Melissa 2025 Cuba (1),13,False,13,Caribbean Response Hurricane Melissa 2025 Cuba (1)|37947_58081
OAM-151791-232325-19,fold_5,Cuba,Caribbean Response Hurricane Melissa 2025 Cuba (1),2,False,2,Caribbean Response Hurricane Melissa 2025 Cuba (1)|37947_58081
OAM-151792-232318-19,fold_4,Cuba,Caribbean Response Hurricane Melissa 2025 Cuba (1),47,False,47,Caribbean Response Hurricane Melissa 2025 Cuba (1)|37948_58079
OAM-151792-232325-19,fold_6,Cuba,Caribbean Response Hurricane Melissa 2025 Cuba (1),9,False,9,Caribbean Response Hurricane Melissa 2025 Cuba (1)|37948_58081
OAM-151792-232343-19,fold_4,Cuba,Caribbean Response Hurricane Melissa 2025 Cuba (1),0,True,0,Caribbean Response Hurricane Melissa 2025 Cuba (1)|37948_58085
OAM-151795-232314-19,fold_6,Cuba,Caribbean Response Hurricane Melissa 2025 Cuba (1),21,False,21,Caribbean Response Hurricane Melissa 2025 Cuba (1)|37948_58078
OAM-151930-253104-19,fold_0,Colombia,Proyecto de Mapeo San Antonio de Prado (Vereda Montañita),5,False,5,Proyecto de Mapeo San Antonio de Prado (Vereda Montañita)|37982_63276
OAM-151930-253108-19,fold_5,Colombia,Proyecto de Mapeo San Antonio de Prado (Vereda Montañita),0,True,0,Proyecto de Mapeo San Antonio de Prado (Vereda Montañita)|37982_63277
OAM-151931-253109-19,fold_5,Colombia,Proyecto de Mapeo San Antonio de Prado (Vereda Montañita),0,True,0,Proyecto de Mapeo San Antonio de Prado (Vereda Montañita)|37982_63277
OAM-151932-253106-19,fold_4,Colombia,Proyecto de Mapeo San Antonio de Prado (Vereda Montañita),9,False,9,Proyecto de Mapeo San Antonio de Prado (Vereda Montañita)|37983_63276
OAM-151932-253107-19,fold_4,Colombia,Proyecto de Mapeo San Antonio de Prado (Vereda Montañita),7,False,7,Proyecto de Mapeo San Antonio de Prado (Vereda Montañita)|37983_63276
OAM-151933-253102-19,fold_3,Colombia,Proyecto de Mapeo San Antonio de Prado (Vereda Montañita),7,False,7,Proyecto de Mapeo San Antonio de Prado (Vereda Montañita)|37983_63275
OAM-151934-253103-19,fold_3,Colombia,Proyecto de Mapeo San Antonio de Prado (Vereda Montañita),5,False,5,Proyecto de Mapeo San Antonio de Prado (Vereda Montañita)|37983_63275
OAM-151934-253104-19,fold_4,Colombia,Proyecto de Mapeo San Antonio de Prado (Vereda Montañita),5,False,5,Proyecto de Mapeo San Antonio de Prado (Vereda Montañita)|37983_63276
OAM-151935-253099-19,fold_4,Colombia,Proyecto de Mapeo San Antonio de Prado (Vereda Montañita),0,True,0,Proyecto de Mapeo San Antonio de Prado (Vereda Montañita)|37983_63274
OAM-151937-253099-19,fold_1,Colombia,Proyecto de Mapeo San Antonio de Prado (Vereda Montañita),1,False,1,Proyecto de Mapeo San Antonio de Prado (Vereda Montañita)|37984_63274
OAM-151937-253104-19,fold_6,Colombia,Proyecto de Mapeo San Antonio de Prado (Vereda Montañita),3,False,3,Proyecto de Mapeo San Antonio de Prado (Vereda Montañita)|37984_63276
OAM-151938-253098-19,fold_1,Colombia,Proyecto de Mapeo San Antonio de Prado (Vereda Montañita),0,True,0,Proyecto de Mapeo San Antonio de Prado (Vereda Montañita)|37984_63274
OAM-151938-253102-19,fold_1,Colombia,Proyecto de Mapeo San Antonio de Prado (Vereda Montañita),0,True,0,Proyecto de Mapeo San Antonio de Prado (Vereda Montañita)|37984_63275
OAM-151938-253103-19,fold_1,Colombia,Proyecto de Mapeo San Antonio de Prado (Vereda Montañita),7,False,7,Proyecto de Mapeo San Antonio de Prado (Vereda Montañita)|37984_63275
OAM-151942-253098-19,fold_3,Colombia,Proyecto de Mapeo San Antonio de Prado (Vereda Montañita),3,False,3,Proyecto de Mapeo San Antonio de Prado (Vereda Montañita)|37985_63274
OAM-151942-253099-19,fold_3,Colombia,Proyecto de Mapeo San Antonio de Prado (Vereda Montañita),0,True,0,Proyecto de Mapeo San Antonio de Prado (Vereda Montañita)|37985_63274
OAM-151942-253102-19,fold_0,Colombia,Proyecto de Mapeo San Antonio de Prado (Vereda Montañita),9,False,9,Proyecto de Mapeo San Antonio de Prado (Vereda Montañita)|37985_63275
OAM-151942-253103-19,fold_0,Colombia,Proyecto de Mapeo San Antonio de Prado (Vereda Montañita),3,False,3,Proyecto de Mapeo San Antonio de Prado (Vereda Montañita)|37985_63275
OAM-151943-253102-19,fold_0,Colombia,Proyecto de Mapeo San Antonio de Prado (Vereda Montañita),8,False,8,Proyecto de Mapeo San Antonio de Prado (Vereda Montañita)|37985_63275
OAM-151943-253105-19,fold_5,Colombia,Proyecto de Mapeo San Antonio de Prado (Vereda Montañita),13,False,13,Proyecto de Mapeo San Antonio de Prado (Vereda Montañita)|37985_63276
OAM-151944-253100-19,fold_2,Colombia,Proyecto de Mapeo San Antonio de Prado (Vereda Montañita),3,False,3,Proyecto de Mapeo San Antonio de Prado (Vereda Montañita)|37986_63275
OAM-151944-253104-19,fold_4,Colombia,Proyecto de Mapeo San Antonio de Prado (Vereda Montañita),0,True,0,Proyecto de Mapeo San Antonio de Prado (Vereda Montañita)|37986_63276
OAM-151944-253107-19,fold_4,Colombia,Proyecto de Mapeo San Antonio de Prado (Vereda Montañita),1,False,1,Proyecto de Mapeo San Antonio de Prado (Vereda Montañita)|37986_63276
OAM-151945-253097-19,fold_4,Colombia,Proyecto de Mapeo San Antonio de Prado (Vereda Montañita),0,True,0,Proyecto de Mapeo San Antonio de Prado (Vereda Montañita)|37986_63274
OAM-151945-253100-19,fold_2,Colombia,Proyecto de Mapeo San Antonio de Prado (Vereda Montañita),7,False,7,Proyecto de Mapeo San Antonio de Prado (Vereda Montañita)|37986_63275
OAM-151946-253106-19,fold_4,Colombia,Proyecto de Mapeo San Antonio de Prado (Vereda Montañita),0,True,0,Proyecto de Mapeo San Antonio de Prado (Vereda Montañita)|37986_63276
OAM-151948-253100-19,fold_2,Colombia,Proyecto de Mapeo San Antonio de Prado (Vereda Montañita),0,True,0,Proyecto de Mapeo San Antonio de Prado (Vereda Montañita)|37987_63275
OAM-151948-253101-19,fold_2,Colombia,Proyecto de Mapeo San Antonio de Prado (Vereda Montañita),19,False,19,Proyecto de Mapeo San Antonio de Prado (Vereda Montañita)|37987_63275
OAM-151948-253109-19,fold_5,Colombia,Proyecto de Mapeo San Antonio de Prado (Vereda Montañita),1,False,1,Proyecto de Mapeo San Antonio de Prado (Vereda Montañita)|37987_63277
OAM-152122-275399-19,fold_2,Peru,Mapatón Nacional Perú Mariela Amazonía ,3,False,3,Mapatón Nacional Perú Mariela Amazonía |38030_68849
OAM-152122-275400-19,fold_0,Peru,Mapatón Nacional Perú Mariela Amazonía ,4,False,4,Mapatón Nacional Perú Mariela Amazonía |38030_68850
OAM-152124-275391-19,fold_1,Peru,Mapatón Nacional Perú Mariela Amazonía ,5,False,5,Mapatón Nacional Perú Mariela Amazonía |38031_68847
OAM-152125-275385-19,fold_1,Peru,Mapatón Nacional Perú Mariela Amazonía ,2,False,2,Mapatón Nacional Perú Mariela Amazonía |38031_68846
OAM-152125-275386-19,fold_1,Peru,Mapatón Nacional Perú Mariela Amazonía ,4,False,4,Mapatón Nacional Perú Mariela Amazonía |38031_68846
OAM-152125-275387-19,fold_1,Peru,Mapatón Nacional Perú Mariela Amazonía ,2,False,2,Mapatón Nacional Perú Mariela Amazonía |38031_68846
OAM-152126-275387-19,fold_1,Peru,Mapatón Nacional Perú Mariela Amazonía ,7,False,7,Mapatón Nacional Perú Mariela Amazonía |38031_68846
OAM-152126-275398-19,fold_2,Peru,Mapatón Nacional Perú Mariela Amazonía ,0,True,0,Mapatón Nacional Perú Mariela Amazonía |38031_68849
OAM-152127-275386-19,fold_1,Peru,Mapatón Nacional Perú Mariela Amazonía ,7,False,7,Mapatón Nacional Perú Mariela Amazonía |38031_68846
OAM-152130-275385-19,fold_1,Peru,Mapatón Nacional Perú Mariela Amazonía ,2,False,2,Mapatón Nacional Perú Mariela Amazonía |38032_68846
OAM-152130-275386-19,fold_1,Peru,Mapatón Nacional Perú Mariela Amazonía ,1,False,1,Mapatón Nacional Perú Mariela Amazonía |38032_68846
OAM-152130-275387-19,fold_1,Peru,Mapatón Nacional Perú Mariela Amazonía ,4,False,4,Mapatón Nacional Perú Mariela Amazonía |38032_68846
OAM-152131-275388-19,fold_3,Peru,Mapatón Nacional Perú Mariela Amazonía ,1,False,1,Mapatón Nacional Perú Mariela Amazonía |38032_68847
OAM-152132-275388-19,fold_3,Peru,Mapatón Nacional Perú Mariela Amazonía ,6,False,6,Mapatón Nacional Perú Mariela Amazonía |38033_68847
OAM-152133-275386-19,fold_6,Peru,Mapatón Nacional Perú Mariela Amazonía ,10,False,10,Mapatón Nacional Perú Mariela Amazonía |38033_68846
OAM-152133-275388-19,fold_3,Peru,Mapatón Nacional Perú Mariela Amazonía ,3,False,3,Mapatón Nacional Perú Mariela Amazonía |38033_68847
OAM-152135-275382-19,fold_6,Peru,Mapatón Nacional Perú Mariela Amazonía ,1,False,1,Mapatón Nacional Perú Mariela Amazonía |38033_68845
OAM-152136-275384-19,fold_4,Peru,Mapatón Nacional Perú Mariela Amazonía ,1,False,1,Mapatón Nacional Perú Mariela Amazonía |38034_68846
OAM-152137-275384-19,fold_4,Peru,Mapatón Nacional Perú Mariela Amazonía ,7,False,7,Mapatón Nacional Perú Mariela Amazonía |38034_68846
OAM-152139-275379-19,fold_4,Peru,Mapatón Nacional Perú Mariela Amazonía ,3,False,3,Mapatón Nacional Perú Mariela Amazonía |38034_68844
OAM-152140-275382-19,fold_3,Peru,Mapatón Nacional Perú Mariela Amazonía ,3,False,3,Mapatón Nacional Perú Mariela Amazonía |38035_68845
OAM-152140-275384-19,fold_5,Peru,Mapatón Nacional Perú Mariela Amazonía ,2,False,2,Mapatón Nacional Perú Mariela Amazonía |38035_68846
OAM-152140-275388-19,fold_0,Peru,Mapatón Nacional Perú Mariela Amazonía ,2,False,2,Mapatón Nacional Perú Mariela Amazonía |38035_68847
OAM-152140-275391-19,fold_0,Peru,Mapatón Nacional Perú Mariela Amazonía ,9,False,9,Mapatón Nacional Perú Mariela Amazonía |38035_68847
OAM-152140-275395-19,fold_1,Peru,Mapatón Nacional Perú Mariela Amazonía ,6,False,6,Mapatón Nacional Perú Mariela Amazonía |38035_68848
OAM-152140-275396-19,fold_1,Peru,Mapatón Nacional Perú Mariela Amazonía ,7,False,7,Mapatón Nacional Perú Mariela Amazonía |38035_68849
OAM-152141-275388-19,fold_0,Peru,Mapatón Nacional Perú Mariela Amazonía ,1,False,1,Mapatón Nacional Perú Mariela Amazonía |38035_68847
OAM-152142-275382-19,fold_3,Peru,Mapatón Nacional Perú Mariela Amazonía ,2,False,2,Mapatón Nacional Perú Mariela Amazonía |38035_68845
OAM-152142-275385-19,fold_5,Peru,Mapatón Nacional Perú Mariela Amazonía ,9,False,9,Mapatón Nacional Perú Mariela Amazonía |38035_68846
OAM-152142-275389-19,fold_0,Peru,Mapatón Nacional Perú Mariela Amazonía ,0,True,0,Mapatón Nacional Perú Mariela Amazonía |38035_68847
OAM-152142-275397-19,fold_1,Peru,Mapatón Nacional Perú Mariela Amazonía ,5,False,5,Mapatón Nacional Perú Mariela Amazonía |38035_68849
OAM-152142-275399-19,fold_1,Peru,Mapatón Nacional Perú Mariela Amazonía ,9,False,9,Mapatón Nacional Perú Mariela Amazonía |38035_68849
OAM-152143-275395-19,fold_1,Peru,Mapatón Nacional Perú Mariela Amazonía ,3,False,3,Mapatón Nacional Perú Mariela Amazonía |38035_68848
OAM-152143-275400-19,fold_2,Peru,Mapatón Nacional Perú Mariela Amazonía ,8,False,8,Mapatón Nacional Perú Mariela Amazonía |38035_68850
OAM-152144-275385-19,fold_2,Peru,Mapatón Nacional Perú Mariela Amazonía ,9,False,9,Mapatón Nacional Perú Mariela Amazonía |38036_68846
OAM-152145-275391-19,fold_2,Peru,Mapatón Nacional Perú Mariela Amazonía ,0,True,0,Mapatón Nacional Perú Mariela Amazonía |38036_68847
OAM-152145-275401-19,fold_6,Peru,Mapatón Nacional Perú Mariela Amazonía ,0,True,0,Mapatón Nacional Perú Mariela Amazonía |38036_68850
OAM-152146-275390-19,fold_2,Peru,Mapatón Nacional Perú Mariela Amazonía ,1,False,1,Mapatón Nacional Perú Mariela Amazonía |38036_68847
OAM-152147-275383-19,fold_5,Peru,Mapatón Nacional Perú Mariela Amazonía ,4,False,4,Mapatón Nacional Perú Mariela Amazonía |38036_68845
OAM-152147-275384-19,fold_2,Peru,Mapatón Nacional Perú Mariela Amazonía ,10,False,10,Mapatón Nacional Perú Mariela Amazonía |38036_68846
OAM-152148-275383-19,fold_2,Peru,Mapatón Nacional Perú Mariela Amazonía ,3,False,3,Mapatón Nacional Perú Mariela Amazonía |38037_68845
OAM-152148-275388-19,fold_2,Peru,Mapatón Nacional Perú Mariela Amazonía ,5,False,5,Mapatón Nacional Perú Mariela Amazonía |38037_68847
OAM-152149-275388-19,fold_2,Peru,Mapatón Nacional Perú Mariela Amazonía ,4,False,4,Mapatón Nacional Perú Mariela Amazonía |38037_68847
OAM-152150-275383-19,fold_2,Peru,Mapatón Nacional Perú Mariela Amazonía ,1,False,1,Mapatón Nacional Perú Mariela Amazonía |38037_68845
OAM-152151-275383-19,fold_2,Peru,Mapatón Nacional Perú Mariela Amazonía ,2,False,2,Mapatón Nacional Perú Mariela Amazonía |38037_68845
OAM-152151-275384-19,fold_0,Peru,Mapatón Nacional Perú Mariela Amazonía ,0,True,0,Mapatón Nacional Perú Mariela Amazonía |38037_68846
OAM-152151-275385-19,fold_0,Peru,Mapatón Nacional Perú Mariela Amazonía ,1,False,1,Mapatón Nacional Perú Mariela Amazonía |38037_68846
OAM-152152-275382-19,fold_3,Peru,Mapatón Nacional Perú Mariela Amazonía ,2,False,2,Mapatón Nacional Perú Mariela Amazonía |38038_68845
OAM-152152-275383-19,fold_3,Peru,Mapatón Nacional Perú Mariela Amazonía ,0,True,0,Mapatón Nacional Perú Mariela Amazonía |38038_68845
OAM-152153-275383-19,fold_3,Peru,Mapatón Nacional Perú Mariela Amazonía ,4,False,4,Mapatón Nacional Perú Mariela Amazonía |38038_68845
OAM-152154-275383-19,fold_3,Peru,Mapatón Nacional Perú Mariela Amazonía ,4,False,4,Mapatón Nacional Perú Mariela Amazonía |38038_68845
OAM-152154-275384-19,fold_3,Peru,Mapatón Nacional Perú Mariela Amazonía ,9,False,9,Mapatón Nacional Perú Mariela Amazonía |38038_68846
OAM-152155-275375-19,fold_5,Peru,Mapatón Nacional Perú Mariela Amazonía ,2,False,2,Mapatón Nacional Perú Mariela Amazonía |38038_68843
OAM-152156-275378-19,fold_0,Peru,Mapatón Nacional Perú Mariela Amazonía ,4,False,4,Mapatón Nacional Perú Mariela Amazonía |38039_68844
OAM-152157-275374-19,fold_1,Peru,Mapatón Nacional Perú Mariela Amazonía ,1,False,1,Mapatón Nacional Perú Mariela Amazonía |38039_68843
OAM-152157-275379-19,fold_0,Peru,Mapatón Nacional Perú Mariela Amazonía ,28,False,28,Mapatón Nacional Perú Mariela Amazonía |38039_68844
OAM-152158-275384-19,fold_5,Peru,Mapatón Nacional Perú Mariela Amazonía ,4,False,4,Mapatón Nacional Perú Mariela Amazonía |38039_68846
OAM-152160-275383-19,fold_3,Peru,Mapatón Nacional Perú Mariela Amazonía ,1,False,1,Mapatón Nacional Perú Mariela Amazonía |38040_68845
OAM-152160-275385-19,fold_1,Peru,Mapatón Nacional Perú Mariela Amazonía ,2,False,2,Mapatón Nacional Perú Mariela Amazonía |38040_68846
OAM-152163-275381-19,fold_3,Peru,Mapatón Nacional Perú Mariela Amazonía ,9,False,9,Mapatón Nacional Perú Mariela Amazonía |38040_68845
OAM-152164-275380-19,fold_4,Peru,Mapatón Nacional Perú Mariela Amazonía ,7,False,7,Mapatón Nacional Perú Mariela Amazonía |38041_68845
OAM-152164-275384-19,fold_5,Peru,Mapatón Nacional Perú Mariela Amazonía ,7,False,7,Mapatón Nacional Perú Mariela Amazonía |38041_68846
OAM-152164-275387-19,fold_5,Peru,Mapatón Nacional Perú Mariela Amazonía ,8,False,8,Mapatón Nacional Perú Mariela Amazonía |38041_68846
OAM-152165-275378-19,fold_1,Peru,Mapatón Nacional Perú Mariela Amazonía ,3,False,3,Mapatón Nacional Perú Mariela Amazonía |38041_68844
OAM-152168-275376-19,fold_4,Peru,Mapatón Nacional Perú Mariela Amazonía ,10,False,10,Mapatón Nacional Perú Mariela Amazonía |38042_68844
OAM-152168-275377-19,fold_4,Peru,Mapatón Nacional Perú Mariela Amazonía ,10,False,10,Mapatón Nacional Perú Mariela Amazonía |38042_68844
OAM-152172-275376-19,fold_1,Peru,Mapatón Nacional Perú Mariela Amazonía ,7,False,7,Mapatón Nacional Perú Mariela Amazonía |38043_68844
OAM-152173-275377-19,fold_1,Peru,Mapatón Nacional Perú Mariela Amazonía ,8,False,8,Mapatón Nacional Perú Mariela Amazonía |38043_68844
OAM-152173-275378-19,fold_1,Peru,Mapatón Nacional Perú Mariela Amazonía ,4,False,4,Mapatón Nacional Perú Mariela Amazonía |38043_68844
OAM-152177-275376-19,fold_5,Peru,Mapatón Nacional Perú Mariela Amazonía ,5,False,5,Mapatón Nacional Perú Mariela Amazonía |38044_68844
OAM-152860-275840-19,fold_2,Peru,Mapatón Nacional Perú Puerto Súngaro Amazonía ,6,False,6,Mapatón Nacional Perú Puerto Súngaro Amazonía |38215_68960
OAM-152860-275841-19,fold_2,Peru,Mapatón Nacional Perú Puerto Súngaro Amazonía ,2,False,2,Mapatón Nacional Perú Puerto Súngaro Amazonía |38215_68960
OAM-152860-275843-19,fold_2,Peru,Mapatón Nacional Perú Puerto Súngaro Amazonía ,3,False,3,Mapatón Nacional Perú Puerto Súngaro Amazonía |38215_68960
OAM-152861-275842-19,fold_2,Peru,Mapatón Nacional Perú Puerto Súngaro Amazonía ,8,False,8,Mapatón Nacional Perú Puerto Súngaro Amazonía |38215_68960
OAM-152863-275840-19,fold_2,Peru,Mapatón Nacional Perú Puerto Súngaro Amazonía ,0,True,0,Mapatón Nacional Perú Puerto Súngaro Amazonía |38215_68960
OAM-152863-275866-19,fold_2,Peru,Mapatón Nacional Perú Puerto Súngaro Amazonía ,6,False,6,Mapatón Nacional Perú Puerto Súngaro Amazonía |38215_68966
OAM-152864-275842-19,fold_1,Peru,Mapatón Nacional Perú Puerto Súngaro Amazonía ,8,False,8,Mapatón Nacional Perú Puerto Súngaro Amazonía |38216_68960
OAM-152864-275851-19,fold_4,Peru,Mapatón Nacional Perú Puerto Súngaro Amazonía ,8,False,8,Mapatón Nacional Perú Puerto Súngaro Amazonía |38216_68962
OAM-152864-275852-19,fold_6,Peru,Mapatón Nacional Perú Puerto Súngaro Amazonía ,4,False,4,Mapatón Nacional Perú Puerto Súngaro Amazonía |38216_68963
OAM-152864-275867-19,fold_4,Peru,Mapatón Nacional Perú Puerto Súngaro Amazonía ,3,False,3,Mapatón Nacional Perú Puerto Súngaro Amazonía |38216_68966
OAM-152865-275851-19,fold_4,Peru,Mapatón Nacional Perú Puerto Súngaro Amazonía ,22,False,22,Mapatón Nacional Perú Puerto Súngaro Amazonía |38216_68962
OAM-152865-275856-19,fold_1,Peru,Mapatón Nacional Perú Puerto Súngaro Amazonía ,10,False,10,Mapatón Nacional Perú Puerto Súngaro Amazonía |38216_68964
OAM-152865-275859-19,fold_1,Peru,Mapatón Nacional Perú Puerto Súngaro Amazonía ,15,False,15,Mapatón Nacional Perú Puerto Súngaro Amazonía |38216_68964
OAM-152865-275866-19,fold_4,Peru,Mapatón Nacional Perú Puerto Súngaro Amazonía ,4,False,4,Mapatón Nacional Perú Puerto Súngaro Amazonía |38216_68966
OAM-152865-275867-19,fold_4,Peru,Mapatón Nacional Perú Puerto Súngaro Amazonía ,8,False,8,Mapatón Nacional Perú Puerto Súngaro Amazonía |38216_68966
OAM-152866-275850-19,fold_4,Peru,Mapatón Nacional Perú Puerto Súngaro Amazonía ,6,False,6,Mapatón Nacional Perú Puerto Súngaro Amazonía |38216_68962
OAM-152866-275854-19,fold_6,Peru,Mapatón Nacional Perú Puerto Súngaro Amazonía ,12,False,12,Mapatón Nacional Perú Puerto Súngaro Amazonía |38216_68963
OAM-152866-275859-19,fold_1,Peru,Mapatón Nacional Perú Puerto Súngaro Amazonía ,12,False,12,Mapatón Nacional Perú Puerto Súngaro Amazonía |38216_68964
OAM-152866-275861-19,fold_3,Peru,Mapatón Nacional Perú Puerto Súngaro Amazonía ,20,False,20,Mapatón Nacional Perú Puerto Súngaro Amazonía |38216_68965
OAM-152867-275848-19,fold_4,Peru,Mapatón Nacional Perú Puerto Súngaro Amazonía ,20,False,20,Mapatón Nacional Perú Puerto Súngaro Amazonía |38216_68962
OAM-152867-275849-19,fold_4,Peru,Mapatón Nacional Perú Puerto Súngaro Amazonía ,8,False,8,Mapatón Nacional Perú Puerto Súngaro Amazonía |38216_68962
OAM-152867-275853-19,fold_6,Peru,Mapatón Nacional Perú Puerto Súngaro Amazonía ,10,False,10,Mapatón Nacional Perú Puerto Súngaro Amazonía |38216_68963
OAM-152867-275864-19,fold_4,Peru,Mapatón Nacional Perú Puerto Súngaro Amazonía ,19,False,19,Mapatón Nacional Perú Puerto Súngaro Amazonía |38216_68966
OAM-152868-275839-19,fold_5,Peru,Mapatón Nacional Perú Puerto Súngaro Amazonía ,0,True,0,Mapatón Nacional Perú Puerto Súngaro Amazonía |38217_68959
OAM-152868-275845-19,fold_6,Peru,Mapatón Nacional Perú Puerto Súngaro Amazonía ,8,False,8,Mapatón Nacional Perú Puerto Súngaro Amazonía |38217_68961
OAM-152868-275855-19,fold_3,Peru,Mapatón Nacional Perú Puerto Súngaro Amazonía ,0,True,0,Mapatón Nacional Perú Puerto Súngaro Amazonía |38217_68963
OAM-152868-275856-19,fold_2,Peru,Mapatón Nacional Perú Puerto Súngaro Amazonía ,2,False,2,Mapatón Nacional Perú Puerto Súngaro Amazonía |38217_68964
OAM-152869-275841-19,fold_0,Peru,Mapatón Nacional Perú Puerto Súngaro Amazonía ,5,False,5,Mapatón Nacional Perú Puerto Súngaro Amazonía |38217_68960
OAM-152869-275864-19,fold_6,Peru,Mapatón Nacional Perú Puerto Súngaro Amazonía ,3,False,3,Mapatón Nacional Perú Puerto Súngaro Amazonía |38217_68966
OAM-152869-275869-19,fold_3,Peru,Mapatón Nacional Perú Puerto Súngaro Amazonía ,5,False,5,Mapatón Nacional Perú Puerto Súngaro Amazonía |38217_68967
OAM-152870-275840-19,fold_0,Peru,Mapatón Nacional Perú Puerto Súngaro Amazonía ,9,False,9,Mapatón Nacional Perú Puerto Súngaro Amazonía |38217_68960
OAM-152870-275841-19,fold_0,Peru,Mapatón Nacional Perú Puerto Súngaro Amazonía ,11,False,11,Mapatón Nacional Perú Puerto Súngaro Amazonía |38217_68960
OAM-152870-275866-19,fold_6,Peru,Mapatón Nacional Perú Puerto Súngaro Amazonía ,6,False,6,Mapatón Nacional Perú Puerto Súngaro Amazonía |38217_68966
OAM-152870-275869-19,fold_3,Peru,Mapatón Nacional Perú Puerto Súngaro Amazonía ,6,False,6,Mapatón Nacional Perú Puerto Súngaro Amazonía |38217_68967
OAM-152871-275870-19,fold_3,Peru,Mapatón Nacional Perú Puerto Súngaro Amazonía ,1,False,1,Mapatón Nacional Perú Puerto Súngaro Amazonía |38217_68967
OAM-152872-275870-19,fold_0,Peru,Mapatón Nacional Perú Puerto Súngaro Amazonía ,2,False,2,Mapatón Nacional Perú Puerto Súngaro Amazonía |38218_68967
OAM-152873-275876-19,fold_0,Peru,Mapatón Nacional Perú Puerto Súngaro Amazonía ,1,False,1,Mapatón Nacional Perú Puerto Súngaro Amazonía |38218_68969
OAM-152877-275881-19,fold_3,Peru,Mapatón Nacional Perú Puerto Súngaro Amazonía ,1,False,1,Mapatón Nacional Perú Puerto Súngaro Amazonía |38219_68970
OAM-168536-309703-19,fold_5,Argentina,Villa Aní Mí - Disaster preparedness ,4,False,4,Villa Aní Mí - Disaster preparedness |42134_77425
OAM-168536-309706-19,fold_2,Argentina,Villa Aní Mí - Disaster preparedness ,1,False,1,Villa Aní Mí - Disaster preparedness |42134_77426
OAM-168536-309708-19,fold_5,Argentina,Villa Aní Mí - Disaster preparedness ,0,True,0,Villa Aní Mí - Disaster preparedness |42134_77427
OAM-168537-309708-19,fold_5,Argentina,Villa Aní Mí - Disaster preparedness ,1,False,1,Villa Aní Mí - Disaster preparedness |42134_77427
OAM-168538-309707-19,fold_2,Argentina,Villa Aní Mí - Disaster preparedness ,6,False,6,Villa Aní Mí - Disaster preparedness |42134_77426
OAM-168540-309700-19,fold_4,Argentina,Villa Aní Mí - Disaster preparedness ,7,False,7,Villa Aní Mí - Disaster preparedness |42135_77425
OAM-168540-309704-19,fold_3,Argentina,Villa Aní Mí - Disaster preparedness ,13,False,13,Villa Aní Mí - Disaster preparedness |42135_77426
OAM-168540-309705-19,fold_3,Argentina,Villa Aní Mí - Disaster preparedness ,5,False,5,Villa Aní Mí - Disaster preparedness |42135_77426
OAM-168541-309705-19,fold_3,Argentina,Villa Aní Mí - Disaster preparedness ,6,False,6,Villa Aní Mí - Disaster preparedness |42135_77426
OAM-168541-309707-19,fold_3,Argentina,Villa Aní Mí - Disaster preparedness ,3,False,3,Villa Aní Mí - Disaster preparedness |42135_77426
OAM-168543-309701-19,fold_4,Argentina,Villa Aní Mí - Disaster preparedness ,9,False,9,Villa Aní Mí - Disaster preparedness |42135_77425
OAM-168544-309701-19,fold_3,Argentina,Villa Aní Mí - Disaster preparedness ,7,False,7,Villa Aní Mí - Disaster preparedness |42136_77425
OAM-172278-247267-19,fold_0,Trinidad and Tobago,ODPM's GIS Day Mapathon Fanny Village,6,False,6,ODPM's GIS Day Mapathon Fanny Village|43069_61816
OAM-172280-247264-19,fold_1,Trinidad and Tobago,ODPM's GIS Day Mapathon Fanny Village,7,False,7,ODPM's GIS Day Mapathon Fanny Village|43070_61816
OAM-172280-247269-19,fold_5,Trinidad and Tobago,ODPM's GIS Day Mapathon Fanny Village,12,False,12,ODPM's GIS Day Mapathon Fanny Village|43070_61817
OAM-172282-247265-19,fold_1,Trinidad and Tobago,ODPM's GIS Day Mapathon Fanny Village,1,False,1,ODPM's GIS Day Mapathon Fanny Village|43070_61816
OAM-172282-247266-19,fold_1,Trinidad and Tobago,ODPM's GIS Day Mapathon Fanny Village,5,False,5,ODPM's GIS Day Mapathon Fanny Village|43070_61816
OAM-172283-247264-19,fold_1,Trinidad and Tobago,ODPM's GIS Day Mapathon Fanny Village,8,False,8,ODPM's GIS Day Mapathon Fanny Village|43070_61816
OAM-172283-247265-19,fold_1,Trinidad and Tobago,ODPM's GIS Day Mapathon Fanny Village,11,False,11,ODPM's GIS Day Mapathon Fanny Village|43070_61816
OAM-172283-247266-19,fold_1,Trinidad and Tobago,ODPM's GIS Day Mapathon Fanny Village,12,False,12,ODPM's GIS Day Mapathon Fanny Village|43070_61816
OAM-172284-247262-19,fold_6,Trinidad and Tobago,ODPM's GIS Day Mapathon Fanny Village,3,False,3,ODPM's GIS Day Mapathon Fanny Village|43071_61815
OAM-172285-247261-19,fold_6,Trinidad and Tobago,ODPM's GIS Day Mapathon Fanny Village,6,False,6,ODPM's GIS Day Mapathon Fanny Village|43071_61815
OAM-172285-247263-19,fold_6,Trinidad and Tobago,ODPM's GIS Day Mapathon Fanny Village,19,False,19,ODPM's GIS Day Mapathon Fanny Village|43071_61815
OAM-172285-247267-19,fold_1,Trinidad and Tobago,ODPM's GIS Day Mapathon Fanny Village,21,False,21,ODPM's GIS Day Mapathon Fanny Village|43071_61816
OAM-172286-247264-19,fold_1,Trinidad and Tobago,ODPM's GIS Day Mapathon Fanny Village,8,False,8,ODPM's GIS Day Mapathon Fanny Village|43071_61816
OAM-172286-247267-19,fold_1,Trinidad and Tobago,ODPM's GIS Day Mapathon Fanny Village,13,False,13,ODPM's GIS Day Mapathon Fanny Village|43071_61816
OAM-172287-247261-19,fold_6,Trinidad and Tobago,ODPM's GIS Day Mapathon Fanny Village,2,False,2,ODPM's GIS Day Mapathon Fanny Village|43071_61815
OAM-172287-247262-19,fold_6,Trinidad and Tobago,ODPM's GIS Day Mapathon Fanny Village,7,False,7,ODPM's GIS Day Mapathon Fanny Village|43071_61815
OAM-172287-247266-19,fold_1,Trinidad and Tobago,ODPM's GIS Day Mapathon Fanny Village,5,False,5,ODPM's GIS Day Mapathon Fanny Village|43071_61816
OAM-172289-247260-19,fold_4,Trinidad and Tobago,ODPM's GIS Day Mapathon Fanny Village,5,False,5,ODPM's GIS Day Mapathon Fanny Village|43072_61815
OAM-172289-247266-19,fold_0,Trinidad and Tobago,ODPM's GIS Day Mapathon Fanny Village,5,False,5,ODPM's GIS Day Mapathon Fanny Village|43072_61816
OAM-172290-247258-19,fold_2,Trinidad and Tobago,ODPM's GIS Day Mapathon Fanny Village,0,True,0,ODPM's GIS Day Mapathon Fanny Village|43072_61814
OAM-172290-247260-19,fold_4,Trinidad and Tobago,ODPM's GIS Day Mapathon Fanny Village,5,False,5,ODPM's GIS Day Mapathon Fanny Village|43072_61815
OAM-172290-247262-19,fold_4,Trinidad and Tobago,ODPM's GIS Day Mapathon Fanny Village,1,False,1,ODPM's GIS Day Mapathon Fanny Village|43072_61815
OAM-172290-247263-19,fold_4,Trinidad and Tobago,ODPM's GIS Day Mapathon Fanny Village,5,False,5,ODPM's GIS Day Mapathon Fanny Village|43072_61815
OAM-172290-247264-19,fold_0,Trinidad and Tobago,ODPM's GIS Day Mapathon Fanny Village,10,False,10,ODPM's GIS Day Mapathon Fanny Village|43072_61816
OAM-172291-247259-19,fold_2,Trinidad and Tobago,ODPM's GIS Day Mapathon Fanny Village,3,False,3,ODPM's GIS Day Mapathon Fanny Village|43072_61814
OAM-172291-247262-19,fold_4,Trinidad and Tobago,ODPM's GIS Day Mapathon Fanny Village,0,True,0,ODPM's GIS Day Mapathon Fanny Village|43072_61815
OAM-172291-247263-19,fold_4,Trinidad and Tobago,ODPM's GIS Day Mapathon Fanny Village,6,False,6,ODPM's GIS Day Mapathon Fanny Village|43072_61815
OAM-172292-247258-19,fold_5,Trinidad and Tobago,ODPM's GIS Day Mapathon Fanny Village,5,False,5,ODPM's GIS Day Mapathon Fanny Village|43073_61814
OAM-172292-247262-19,fold_0,Trinidad and Tobago,ODPM's GIS Day Mapathon Fanny Village,5,False,5,ODPM's GIS Day Mapathon Fanny Village|43073_61815
OAM-172293-247257-19,fold_5,Trinidad and Tobago,ODPM's GIS Day Mapathon Fanny Village,3,False,3,ODPM's GIS Day Mapathon Fanny Village|43073_61814
OAM-172294-247262-19,fold_0,Trinidad and Tobago,ODPM's GIS Day Mapathon Fanny Village,10,False,10,ODPM's GIS Day Mapathon Fanny Village|43073_61815
OAM-172295-247260-19,fold_0,Trinidad and Tobago,ODPM's GIS Day Mapathon Fanny Village,8,False,8,ODPM's GIS Day Mapathon Fanny Village|43073_61815
OAM-242841-249746-19,fold_6,Sierra Leone,FreeTown Drone Imagery Mapping,24,False,24,FreeTown Drone Imagery Mapping|60710_62436
OAM-242843-249735-19,fold_0,Sierra Leone,FreeTown Drone Imagery Mapping,10,False,10,FreeTown Drone Imagery Mapping|60710_62433
OAM-242843-249742-19,fold_6,Sierra Leone,FreeTown Drone Imagery Mapping,57,False,57,FreeTown Drone Imagery Mapping|60710_62435
OAM-242843-249747-19,fold_6,Sierra Leone,FreeTown Drone Imagery Mapping,52,False,52,FreeTown Drone Imagery Mapping|60710_62436
OAM-242844-249746-19,fold_6,Sierra Leone,FreeTown Drone Imagery Mapping,1,False,1,FreeTown Drone Imagery Mapping|60711_62436
OAM-242845-249745-19,fold_6,Sierra Leone,FreeTown Drone Imagery Mapping,115,False,115,FreeTown Drone Imagery Mapping|60711_62436
OAM-242846-249733-19,fold_0,Sierra Leone,FreeTown Drone Imagery Mapping,3,False,3,FreeTown Drone Imagery Mapping|60711_62433
OAM-242846-249740-19,fold_2,Sierra Leone,FreeTown Drone Imagery Mapping,101,False,101,FreeTown Drone Imagery Mapping|60711_62435
OAM-242847-249733-19,fold_0,Sierra Leone,FreeTown Drone Imagery Mapping,1,False,1,FreeTown Drone Imagery Mapping|60711_62433
OAM-242847-249748-19,fold_5,Sierra Leone,FreeTown Drone Imagery Mapping,20,False,20,FreeTown Drone Imagery Mapping|60711_62437
OAM-242847-249750-19,fold_5,Sierra Leone,FreeTown Drone Imagery Mapping,1,False,1,FreeTown Drone Imagery Mapping|60711_62437
OAM-242847-249761-19,fold_2,Sierra Leone,FreeTown Drone Imagery Mapping,23,False,23,FreeTown Drone Imagery Mapping|60711_62440
OAM-242848-249733-19,fold_6,Sierra Leone,FreeTown Drone Imagery Mapping,6,False,6,FreeTown Drone Imagery Mapping|60712_62433
OAM-242848-249734-19,fold_6,Sierra Leone,FreeTown Drone Imagery Mapping,3,False,3,FreeTown Drone Imagery Mapping|60712_62433
OAM-242848-249737-19,fold_4,Sierra Leone,FreeTown Drone Imagery Mapping,7,False,7,FreeTown Drone Imagery Mapping|60712_62434
OAM-242848-249738-19,fold_4,Sierra Leone,FreeTown Drone Imagery Mapping,16,False,16,FreeTown Drone Imagery Mapping|60712_62434
OAM-242848-249739-19,fold_4,Sierra Leone,FreeTown Drone Imagery Mapping,1,False,1,FreeTown Drone Imagery Mapping|60712_62434
OAM-242848-249748-19,fold_1,Sierra Leone,FreeTown Drone Imagery Mapping,1,False,1,FreeTown Drone Imagery Mapping|60712_62437
OAM-242849-249743-19,fold_3,Sierra Leone,FreeTown Drone Imagery Mapping,2,False,2,FreeTown Drone Imagery Mapping|60712_62435
OAM-242850-249737-19,fold_4,Sierra Leone,FreeTown Drone Imagery Mapping,1,False,1,FreeTown Drone Imagery Mapping|60712_62434
OAM-242850-249748-19,fold_1,Sierra Leone,FreeTown Drone Imagery Mapping,2,False,2,FreeTown Drone Imagery Mapping|60712_62437
OAM-242850-249749-19,fold_1,Sierra Leone,FreeTown Drone Imagery Mapping,2,False,2,FreeTown Drone Imagery Mapping|60712_62437
OAM-242851-249734-19,fold_6,Sierra Leone,FreeTown Drone Imagery Mapping,1,False,1,FreeTown Drone Imagery Mapping|60712_62433
OAM-242851-249740-19,fold_3,Sierra Leone,FreeTown Drone Imagery Mapping,3,False,3,FreeTown Drone Imagery Mapping|60712_62435
OAM-242852-249732-19,fold_6,Sierra Leone,FreeTown Drone Imagery Mapping,2,False,2,FreeTown Drone Imagery Mapping|60713_62433
OAM-242852-249738-19,fold_1,Sierra Leone,FreeTown Drone Imagery Mapping,8,False,8,FreeTown Drone Imagery Mapping|60713_62434
OAM-242852-249741-19,fold_0,Sierra Leone,FreeTown Drone Imagery Mapping,92,False,92,FreeTown Drone Imagery Mapping|60713_62435
OAM-242853-249740-19,fold_0,Sierra Leone,FreeTown Drone Imagery Mapping,58,False,58,FreeTown Drone Imagery Mapping|60713_62435
OAM-242853-249758-19,fold_1,Sierra Leone,FreeTown Drone Imagery Mapping,52,False,52,FreeTown Drone Imagery Mapping|60713_62439
OAM-242853-249759-19,fold_1,Sierra Leone,FreeTown Drone Imagery Mapping,54,False,54,FreeTown Drone Imagery Mapping|60713_62439
OAM-242854-249742-19,fold_0,Sierra Leone,FreeTown Drone Imagery Mapping,102,False,102,FreeTown Drone Imagery Mapping|60713_62435
OAM-242854-249756-19,fold_1,Sierra Leone,FreeTown Drone Imagery Mapping,49,False,49,FreeTown Drone Imagery Mapping|60713_62439
OAM-242855-249741-19,fold_0,Sierra Leone,FreeTown Drone Imagery Mapping,58,False,58,FreeTown Drone Imagery Mapping|60713_62435
OAM-242855-249746-19,fold_5,Sierra Leone,FreeTown Drone Imagery Mapping,97,False,97,FreeTown Drone Imagery Mapping|60713_62436
OAM-242855-249747-19,fold_5,Sierra Leone,FreeTown Drone Imagery Mapping,54,False,54,FreeTown Drone Imagery Mapping|60713_62436
OAM-242855-249759-19,fold_1,Sierra Leone,FreeTown Drone Imagery Mapping,66,False,66,FreeTown Drone Imagery Mapping|60713_62439
OAM-242856-249736-19,fold_6,Sierra Leone,FreeTown Drone Imagery Mapping,6,False,6,FreeTown Drone Imagery Mapping|60714_62434
OAM-242856-249742-19,fold_3,Sierra Leone,FreeTown Drone Imagery Mapping,44,False,44,FreeTown Drone Imagery Mapping|60714_62435
OAM-242856-249748-19,fold_1,Sierra Leone,FreeTown Drone Imagery Mapping,75,False,75,FreeTown Drone Imagery Mapping|60714_62437
OAM-242856-249753-19,fold_2,Sierra Leone,FreeTown Drone Imagery Mapping,65,False,65,FreeTown Drone Imagery Mapping|60714_62438
OAM-242856-249754-19,fold_2,Sierra Leone,FreeTown Drone Imagery Mapping,83,False,83,FreeTown Drone Imagery Mapping|60714_62438
OAM-242857-249742-19,fold_3,Sierra Leone,FreeTown Drone Imagery Mapping,61,False,61,FreeTown Drone Imagery Mapping|60714_62435
OAM-242857-249747-19,fold_3,Sierra Leone,FreeTown Drone Imagery Mapping,57,False,57,FreeTown Drone Imagery Mapping|60714_62436
OAM-242857-249748-19,fold_1,Sierra Leone,FreeTown Drone Imagery Mapping,122,False,122,FreeTown Drone Imagery Mapping|60714_62437
OAM-242857-249752-19,fold_2,Sierra Leone,FreeTown Drone Imagery Mapping,102,False,102,FreeTown Drone Imagery Mapping|60714_62438
OAM-242858-249745-19,fold_3,Sierra Leone,FreeTown Drone Imagery Mapping,75,False,75,FreeTown Drone Imagery Mapping|60714_62436
OAM-242858-249749-19,fold_1,Sierra Leone,FreeTown Drone Imagery Mapping,115,False,115,FreeTown Drone Imagery Mapping|60714_62437
OAM-242858-249754-19,fold_2,Sierra Leone,FreeTown Drone Imagery Mapping,88,False,88,FreeTown Drone Imagery Mapping|60714_62438
OAM-242859-249754-19,fold_2,Sierra Leone,FreeTown Drone Imagery Mapping,98,False,98,FreeTown Drone Imagery Mapping|60714_62438
OAM-242860-249737-19,fold_2,Sierra Leone,"KROO BAY SLUM MAPPING PROJECT - FREETOWN, SIERRA LEONE",40,False,40,"KROO BAY SLUM MAPPING PROJECT - FREETOWN, SIERRA LEONE|60715_62434"
OAM-242860-249747-19,fold_0,Sierra Leone,FreeTown Drone Imagery Mapping,72,False,72,FreeTown Drone Imagery Mapping|60715_62436
OAM-242860-249748-19,fold_5,Sierra Leone,FreeTown Drone Imagery Mapping,93,False,93,FreeTown Drone Imagery Mapping|60715_62437
OAM-242860-249755-19,fold_4,Sierra Leone,FreeTown Drone Imagery Mapping,55,False,55,FreeTown Drone Imagery Mapping|60715_62438
OAM-242861-249740-19,fold_2,Sierra Leone,FreeTown Drone Imagery Mapping,81,False,81,FreeTown Drone Imagery Mapping|60715_62435
OAM-242861-249747-19,fold_0,Sierra Leone,FreeTown Drone Imagery Mapping,95,False,95,FreeTown Drone Imagery Mapping|60715_62436
OAM-242861-249748-19,fold_5,Sierra Leone,FreeTown Drone Imagery Mapping,68,False,68,FreeTown Drone Imagery Mapping|60715_62437
OAM-242861-249751-19,fold_5,Sierra Leone,FreeTown Drone Imagery Mapping,59,False,59,FreeTown Drone Imagery Mapping|60715_62437
OAM-242861-249756-19,fold_2,Sierra Leone,FreeTown Drone Imagery Mapping,64,False,64,FreeTown Drone Imagery Mapping|60715_62439
OAM-242862-249750-19,fold_5,Sierra Leone,FreeTown Drone Imagery Mapping,51,False,51,FreeTown Drone Imagery Mapping|60715_62437
OAM-242862-249755-19,fold_4,Sierra Leone,FreeTown Drone Imagery Mapping,62,False,62,FreeTown Drone Imagery Mapping|60715_62438
OAM-242863-249744-19,fold_0,Sierra Leone,FreeTown Drone Imagery Mapping,91,False,91,FreeTown Drone Imagery Mapping|60715_62436
OAM-242863-249749-19,fold_5,Sierra Leone,FreeTown Drone Imagery Mapping,67,False,67,FreeTown Drone Imagery Mapping|60715_62437
OAM-242865-249751-19,fold_4,Sierra Leone,FreeTown Drone Imagery Mapping,65,False,65,FreeTown Drone Imagery Mapping|60716_62437
OAM-242866-249745-19,fold_5,Sierra Leone,FreeTown Drone Imagery Mapping,62,False,62,FreeTown Drone Imagery Mapping|60716_62436
OAM-242869-249753-19,fold_2,Sierra Leone,FreeTown Drone Imagery Mapping,90,False,90,FreeTown Drone Imagery Mapping|60717_62438
OAM-242869-249757-19,fold_6,Sierra Leone,FreeTown Drone Imagery Mapping,20,False,20,FreeTown Drone Imagery Mapping|60717_62439
OAM-242869-249759-19,fold_6,Sierra Leone,FreeTown Drone Imagery Mapping,12,False,12,FreeTown Drone Imagery Mapping|60717_62439
OAM-242869-249765-19,fold_4,Sierra Leone,FreeTown Drone Imagery Mapping,35,False,35,FreeTown Drone Imagery Mapping|60717_62441
OAM-242869-249775-19,fold_0,Sierra Leone,FreeTown Drone Imagery Mapping,15,False,15,FreeTown Drone Imagery Mapping|60717_62443
OAM-242870-249760-19,fold_2,Sierra Leone,FreeTown Drone Imagery Mapping,49,False,49,FreeTown Drone Imagery Mapping|60717_62440
OAM-242870-249765-19,fold_4,Sierra Leone,FreeTown Drone Imagery Mapping,3,False,3,FreeTown Drone Imagery Mapping|60717_62441
OAM-242870-249775-19,fold_0,Sierra Leone,FreeTown Drone Imagery Mapping,35,False,35,FreeTown Drone Imagery Mapping|60717_62443
OAM-242872-249762-19,fold_1,Sierra Leone,FreeTown Drone Imagery Mapping,70,False,70,FreeTown Drone Imagery Mapping|60718_62440
OAM-242872-249763-19,fold_1,Sierra Leone,FreeTown Drone Imagery Mapping,49,False,49,FreeTown Drone Imagery Mapping|60718_62440
OAM-242872-249769-19,fold_4,Sierra Leone,FreeTown Drone Imagery Mapping,56,False,56,FreeTown Drone Imagery Mapping|60718_62442
OAM-242873-249758-19,fold_1,Sierra Leone,FreeTown Drone Imagery Mapping,67,False,67,FreeTown Drone Imagery Mapping|60718_62439
OAM-242873-249762-19,fold_1,Sierra Leone,FreeTown Drone Imagery Mapping,69,False,69,FreeTown Drone Imagery Mapping|60718_62440
OAM-242873-249763-19,fold_1,Sierra Leone,FreeTown Drone Imagery Mapping,55,False,55,FreeTown Drone Imagery Mapping|60718_62440
OAM-242873-249768-19,fold_4,Sierra Leone,FreeTown Drone Imagery Mapping,67,False,67,FreeTown Drone Imagery Mapping|60718_62442
OAM-242873-249769-19,fold_4,Sierra Leone,FreeTown Drone Imagery Mapping,58,False,58,FreeTown Drone Imagery Mapping|60718_62442
OAM-242874-249757-19,fold_1,Sierra Leone,FreeTown Drone Imagery Mapping,67,False,67,FreeTown Drone Imagery Mapping|60718_62439
OAM-242874-249760-19,fold_1,Sierra Leone,FreeTown Drone Imagery Mapping,55,False,55,FreeTown Drone Imagery Mapping|60718_62440
OAM-242874-249763-19,fold_1,Sierra Leone,FreeTown Drone Imagery Mapping,62,False,62,FreeTown Drone Imagery Mapping|60718_62440
OAM-242874-249767-19,fold_0,Sierra Leone,FreeTown Drone Imagery Mapping,49,False,49,FreeTown Drone Imagery Mapping|60718_62441
OAM-242874-249768-19,fold_4,Sierra Leone,FreeTown Drone Imagery Mapping,55,False,55,FreeTown Drone Imagery Mapping|60718_62442
OAM-242874-249772-19,fold_3,Sierra Leone,FreeTown Drone Imagery Mapping,28,False,28,FreeTown Drone Imagery Mapping|60718_62443
OAM-242875-249756-19,fold_1,Sierra Leone,FreeTown Drone Imagery Mapping,69,False,69,FreeTown Drone Imagery Mapping|60718_62439
OAM-242875-249757-19,fold_1,Sierra Leone,FreeTown Drone Imagery Mapping,52,False,52,FreeTown Drone Imagery Mapping|60718_62439
OAM-242875-249758-19,fold_1,Sierra Leone,FreeTown Drone Imagery Mapping,77,False,77,FreeTown Drone Imagery Mapping|60718_62439
OAM-242875-249759-19,fold_1,Sierra Leone,FreeTown Drone Imagery Mapping,70,False,70,FreeTown Drone Imagery Mapping|60718_62439
OAM-242875-249760-19,fold_1,Sierra Leone,FreeTown Drone Imagery Mapping,62,False,62,FreeTown Drone Imagery Mapping|60718_62440
OAM-242875-249762-19,fold_1,Sierra Leone,FreeTown Drone Imagery Mapping,67,False,67,FreeTown Drone Imagery Mapping|60718_62440
OAM-242876-249762-19,fold_4,Sierra Leone,FreeTown Drone Imagery Mapping,53,False,53,FreeTown Drone Imagery Mapping|60719_62440
OAM-242876-249763-19,fold_4,Sierra Leone,FreeTown Drone Imagery Mapping,51,False,51,FreeTown Drone Imagery Mapping|60719_62440
OAM-242876-249765-19,fold_5,Sierra Leone,FreeTown Drone Imagery Mapping,53,False,53,FreeTown Drone Imagery Mapping|60719_62441
OAM-242876-249766-19,fold_5,Sierra Leone,FreeTown Drone Imagery Mapping,63,False,63,FreeTown Drone Imagery Mapping|60719_62441
OAM-242876-249767-19,fold_5,Sierra Leone,FreeTown Drone Imagery Mapping,54,False,54,FreeTown Drone Imagery Mapping|60719_62441
OAM-242877-249757-19,fold_2,Sierra Leone,FreeTown Drone Imagery Mapping,98,False,98,FreeTown Drone Imagery Mapping|60719_62439
OAM-242877-249758-19,fold_2,Sierra Leone,FreeTown Drone Imagery Mapping,72,False,72,FreeTown Drone Imagery Mapping|60719_62439
OAM-242877-249763-19,fold_4,Sierra Leone,FreeTown Drone Imagery Mapping,60,False,60,FreeTown Drone Imagery Mapping|60719_62440
OAM-242877-249771-19,fold_5,Sierra Leone,FreeTown Drone Imagery Mapping,49,False,49,FreeTown Drone Imagery Mapping|60719_62442
OAM-242878-249757-19,fold_2,Sierra Leone,FreeTown Drone Imagery Mapping,53,False,53,FreeTown Drone Imagery Mapping|60719_62439
OAM-242878-249758-19,fold_2,Sierra Leone,FreeTown Drone Imagery Mapping,65,False,65,FreeTown Drone Imagery Mapping|60719_62439
OAM-242878-249764-19,fold_5,Sierra Leone,FreeTown Drone Imagery Mapping,65,False,65,FreeTown Drone Imagery Mapping|60719_62441
OAM-242879-249757-19,fold_2,Sierra Leone,FreeTown Drone Imagery Mapping,70,False,70,FreeTown Drone Imagery Mapping|60719_62439
OAM-242880-249773-19,fold_1,Sierra Leone,FreeTown Drone Imagery Mapping,66,False,66,FreeTown Drone Imagery Mapping|60720_62443
OAM-242881-249763-19,fold_1,Sierra Leone,FreeTown Drone Imagery Mapping,35,False,35,FreeTown Drone Imagery Mapping|60720_62440
OAM-242881-249771-19,fold_1,Sierra Leone,FreeTown Drone Imagery Mapping,29,False,29,FreeTown Drone Imagery Mapping|60720_62442
OAM-242882-249771-19,fold_1,Sierra Leone,FreeTown Drone Imagery Mapping,23,False,23,FreeTown Drone Imagery Mapping|60720_62442
OAM-242883-249757-19,fold_5,Sierra Leone,FreeTown Drone Imagery Mapping,40,False,40,FreeTown Drone Imagery Mapping|60720_62439
OAM-242883-249765-19,fold_5,Sierra Leone,FreeTown Drone Imagery Mapping,55,False,55,FreeTown Drone Imagery Mapping|60720_62441
OAM-242883-249776-19,fold_0,Sierra Leone,FreeTown Drone Imagery Mapping,36,False,36,FreeTown Drone Imagery Mapping|60720_62444
OAM-242884-249754-19,fold_6,Sierra Leone,FreeTown Drone Imagery Mapping,0,True,0,FreeTown Drone Imagery Mapping|60721_62438
OAM-242884-249777-19,fold_4,Sierra Leone,FreeTown Drone Imagery Mapping,30,False,30,FreeTown Drone Imagery Mapping|60721_62444
OAM-242885-249758-19,fold_2,Sierra Leone,FreeTown Drone Imagery Mapping,0,True,0,FreeTown Drone Imagery Mapping|60721_62439
OAM-242885-249762-19,fold_3,Sierra Leone,FreeTown Drone Imagery Mapping,14,False,14,FreeTown Drone Imagery Mapping|60721_62440
OAM-242886-249757-19,fold_2,Sierra Leone,FreeTown Drone Imagery Mapping,0,True,0,FreeTown Drone Imagery Mapping|60721_62439
OAM-242898-249750-19,fold_2,Sierra Leone,"COCONUT FARM INFORMAL SETTLEMENT MAPPING PROJECT - FREETOWN, SIERRA LEONE",74,False,74,"COCONUT FARM INFORMAL SETTLEMENT MAPPING PROJECT - FREETOWN, SIERRA LEONE|60724_62437"
OAM-242898-249751-19,fold_2,Sierra Leone,"COCONUT FARM INFORMAL SETTLEMENT MAPPING PROJECT - FREETOWN, SIERRA LEONE",55,False,55,"COCONUT FARM INFORMAL SETTLEMENT MAPPING PROJECT - FREETOWN, SIERRA LEONE|60724_62437"
OAM-242898-249753-19,fold_0,Sierra Leone,"COCONUT FARM INFORMAL SETTLEMENT MAPPING PROJECT - FREETOWN, SIERRA LEONE",65,False,65,"COCONUT FARM INFORMAL SETTLEMENT MAPPING PROJECT - FREETOWN, SIERRA LEONE|60724_62438"
OAM-242899-249750-19,fold_2,Sierra Leone,"COCONUT FARM INFORMAL SETTLEMENT MAPPING PROJECT - FREETOWN, SIERRA LEONE",97,False,97,"COCONUT FARM INFORMAL SETTLEMENT MAPPING PROJECT - FREETOWN, SIERRA LEONE|60724_62437"
OAM-242899-249751-19,fold_2,Sierra Leone,"COCONUT FARM INFORMAL SETTLEMENT MAPPING PROJECT - FREETOWN, SIERRA LEONE",59,False,59,"COCONUT FARM INFORMAL SETTLEMENT MAPPING PROJECT - FREETOWN, SIERRA LEONE|60724_62437"
OAM-242899-249752-19,fold_0,Sierra Leone,"COCONUT FARM INFORMAL SETTLEMENT MAPPING PROJECT - FREETOWN, SIERRA LEONE",55,False,55,"COCONUT FARM INFORMAL SETTLEMENT MAPPING PROJECT - FREETOWN, SIERRA LEONE|60724_62438"
OAM-242901-249750-19,fold_0,Sierra Leone,"COCONUT FARM INFORMAL SETTLEMENT MAPPING PROJECT - FREETOWN, SIERRA LEONE",73,False,73,"COCONUT FARM INFORMAL SETTLEMENT MAPPING PROJECT - FREETOWN, SIERRA LEONE|60725_62437"
OAM-242901-249755-19,fold_3,Sierra Leone,"COCONUT FARM INFORMAL SETTLEMENT MAPPING PROJECT - FREETOWN, SIERRA LEONE",52,False,52,"COCONUT FARM INFORMAL SETTLEMENT MAPPING PROJECT - FREETOWN, SIERRA LEONE|60725_62438"
OAM-242902-249752-19,fold_3,Sierra Leone,"COCONUT FARM INFORMAL SETTLEMENT MAPPING PROJECT - FREETOWN, SIERRA LEONE",57,False,57,"COCONUT FARM INFORMAL SETTLEMENT MAPPING PROJECT - FREETOWN, SIERRA LEONE|60725_62438"
OAM-242902-249753-19,fold_3,Sierra Leone,"COCONUT FARM INFORMAL SETTLEMENT MAPPING PROJECT - FREETOWN, SIERRA LEONE",56,False,56,"COCONUT FARM INFORMAL SETTLEMENT MAPPING PROJECT - FREETOWN, SIERRA LEONE|60725_62438"
OAM-242903-249753-19,fold_3,Sierra Leone,"COCONUT FARM INFORMAL SETTLEMENT MAPPING PROJECT - FREETOWN, SIERRA LEONE",56,False,56,"COCONUT FARM INFORMAL SETTLEMENT MAPPING PROJECT - FREETOWN, SIERRA LEONE|60725_62438"
OAM-246561-252966-19,fold_0,Liberia,"BassaTown slum mapping project - Monrovia, Liberia",33,False,33,"BassaTown slum mapping project - Monrovia, Liberia|61640_63241"
OAM-246562-252959-19,fold_2,Liberia,"BassaTown slum mapping project - Monrovia, Liberia",20,False,20,"BassaTown slum mapping project - Monrovia, Liberia|61640_63239"
OAM-246563-252959-19,fold_2,Liberia,"BassaTown slum mapping project - Monrovia, Liberia",21,False,21,"BassaTown slum mapping project - Monrovia, Liberia|61640_63239"
OAM-246563-252960-19,fold_0,Liberia,"BassaTown slum mapping project - Monrovia, Liberia",30,False,30,"BassaTown slum mapping project - Monrovia, Liberia|61640_63240"
OAM-246565-252959-19,fold_1,Liberia,"BassaTown slum mapping project - Monrovia, Liberia",27,False,27,"BassaTown slum mapping project - Monrovia, Liberia|61641_63239"
OAM-246566-252963-19,fold_6,Liberia,"BassaTown slum mapping project - Monrovia, Liberia",17,False,17,"BassaTown slum mapping project - Monrovia, Liberia|61641_63240"
OAM-246566-252966-19,fold_5,Liberia,"BassaTown slum mapping project - Monrovia, Liberia",21,False,21,"BassaTown slum mapping project - Monrovia, Liberia|61641_63241"
OAM-246567-252963-19,fold_6,Liberia,"BassaTown slum mapping project - Monrovia, Liberia",18,False,18,"BassaTown slum mapping project - Monrovia, Liberia|61641_63240"
OAM-246567-252967-19,fold_5,Liberia,"BassaTown slum mapping project - Monrovia, Liberia",16,False,16,"BassaTown slum mapping project - Monrovia, Liberia|61641_63241"
OAM-246574-252952-19,fold_4,Liberia,"WoodCamp  slum mapping project - Monrovia, Liberia",19,False,19,"WoodCamp  slum mapping project - Monrovia, Liberia|61643_63238"
OAM-246576-252950-19,fold_3,Liberia,"WoodCamp  slum mapping project - Monrovia, Liberia",14,False,14,"WoodCamp  slum mapping project - Monrovia, Liberia|61644_63237"
OAM-246576-252957-19,fold_3,Liberia,"WoodCamp  slum mapping project - Monrovia, Liberia",52,False,52,"WoodCamp  slum mapping project - Monrovia, Liberia|61644_63239"
OAM-246577-252951-19,fold_3,Liberia,"WoodCamp  slum mapping project - Monrovia, Liberia",22,False,22,"WoodCamp  slum mapping project - Monrovia, Liberia|61644_63237"
OAM-246577-252952-19,fold_6,Liberia,"WoodCamp  slum mapping project - Monrovia, Liberia",15,False,15,"WoodCamp  slum mapping project - Monrovia, Liberia|61644_63238"
OAM-246577-252953-19,fold_6,Liberia,"WoodCamp  slum mapping project - Monrovia, Liberia",26,False,26,"WoodCamp  slum mapping project - Monrovia, Liberia|61644_63238"
OAM-246577-252956-19,fold_3,Liberia,"WoodCamp  slum mapping project - Monrovia, Liberia",34,False,34,"WoodCamp  slum mapping project - Monrovia, Liberia|61644_63239"
OAM-246578-252954-19,fold_6,Liberia,"WoodCamp  slum mapping project - Monrovia, Liberia",16,False,16,"WoodCamp  slum mapping project - Monrovia, Liberia|61644_63238"
OAM-246579-252949-19,fold_3,Liberia,"WoodCamp  slum mapping project - Monrovia, Liberia",20,False,20,"WoodCamp  slum mapping project - Monrovia, Liberia|61644_63237"
OAM-246581-252965-19,fold_5,Liberia,"Gabachop slum mapping project - Monrovia, Liberia",81,False,81,"Gabachop slum mapping project - Monrovia, Liberia|61645_63241"
OAM-246582-252946-19,fold_6,Liberia,"WoodCamp  slum mapping project - Monrovia, Liberia",30,False,30,"WoodCamp  slum mapping project - Monrovia, Liberia|61645_63236"
OAM-246594-252987-19,fold_0,Liberia,"Cowfield Community slum mapping project - Monrovia, Liberia",22,False,22,"Cowfield Community slum mapping project - Monrovia, Liberia|61648_63246"
OAM-246595-252982-19,fold_3,Liberia,"Cowfield Community slum mapping project - Monrovia, Liberia",22,False,22,"Cowfield Community slum mapping project - Monrovia, Liberia|61648_63245"
OAM-246596-252987-19,fold_3,Liberia,"Cowfield Community slum mapping project - Monrovia, Liberia",20,False,20,"Cowfield Community slum mapping project - Monrovia, Liberia|61649_63246"
OAM-246599-252989-19,fold_2,Liberia,"Cowfield Community slum mapping project - Monrovia, Liberia",28,False,28,"Cowfield Community slum mapping project - Monrovia, Liberia|61649_63247"
OAM-260611-248009-19,fold_6,Ghana,"Mapping to Create Flood Resilient Communities- Nawuni, Ghana",1,False,1,"Mapping to Create Flood Resilient Communities- Nawuni, Ghana|65152_62002"
OAM-260611-248010-19,fold_6,Ghana,"Mapping to Create Flood Resilient Communities- Nawuni, Ghana",1,False,1,"Mapping to Create Flood Resilient Communities- Nawuni, Ghana|65152_62002"
OAM-260612-248011-19,fold_5,Ghana,"Mapping to Create Flood Resilient Communities- Nawuni, Ghana",11,False,11,"Mapping to Create Flood Resilient Communities- Nawuni, Ghana|65153_62002"
OAM-260614-248008-19,fold_5,Ghana,"Mapping to Create Flood Resilient Communities- Nawuni, Ghana",54,False,54,"Mapping to Create Flood Resilient Communities- Nawuni, Ghana|65153_62002"
OAM-260614-248011-19,fold_5,Ghana,"Mapping to Create Flood Resilient Communities- Nawuni, Ghana",0,True,0,"Mapping to Create Flood Resilient Communities- Nawuni, Ghana|65153_62002"
OAM-260615-248010-19,fold_5,Ghana,"Mapping to Create Flood Resilient Communities- Nawuni, Ghana",0,True,0,"Mapping to Create Flood Resilient Communities- Nawuni, Ghana|65153_62002"
OAM-260616-248008-19,fold_5,Ghana,"Mapping to Create Flood Resilient Communities- Nawuni, Ghana",4,False,4,"Mapping to Create Flood Resilient Communities- Nawuni, Ghana|65154_62002"
OAM-260616-248009-19,fold_5,Ghana,"Mapping to Create Flood Resilient Communities- Nawuni, Ghana",5,False,5,"Mapping to Create Flood Resilient Communities- Nawuni, Ghana|65154_62002"
OAM-261776-254086-19,fold_5,Ghana,"Chorkor slum mapping project - Accra, Ghana",75,False,75,"Chorkor slum mapping project - Accra, Ghana|65444_63521"
OAM-261777-254085-19,fold_5,Ghana,"Chorkor slum mapping project - Accra, Ghana",98,False,98,"Chorkor slum mapping project - Accra, Ghana|65444_63521"
OAM-261777-254086-19,fold_5,Ghana,"Chorkor slum mapping project - Accra, Ghana",85,False,85,"Chorkor slum mapping project - Accra, Ghana|65444_63521"
OAM-261778-254084-19,fold_5,Ghana,"Chorkor slum mapping project - Accra, Ghana",117,False,117,"Chorkor slum mapping project - Accra, Ghana|65444_63521"
OAM-261778-254086-19,fold_5,Ghana,"Chorkor slum mapping project - Accra, Ghana",115,False,115,"Chorkor slum mapping project - Accra, Ghana|65444_63521"
OAM-261779-254084-19,fold_5,Ghana,"Chorkor slum mapping project - Accra, Ghana",104,False,104,"Chorkor slum mapping project - Accra, Ghana|65444_63521"
OAM-261779-254085-19,fold_5,Ghana,"Chorkor slum mapping project - Accra, Ghana",127,False,127,"Chorkor slum mapping project - Accra, Ghana|65444_63521"
OAM-261779-254086-19,fold_5,Ghana,"Chorkor slum mapping project - Accra, Ghana",112,False,112,"Chorkor slum mapping project - Accra, Ghana|65444_63521"
OAM-261781-254085-19,fold_5,Ghana,"Chorkor slum mapping project - Accra, Ghana",95,False,95,"Chorkor slum mapping project - Accra, Ghana|65445_63521"
OAM-261782-254083-19,fold_3,Ghana,"Chorkor slum mapping project - Accra, Ghana",90,False,90,"Chorkor slum mapping project - Accra, Ghana|65445_63520"
OAM-261782-254084-19,fold_5,Ghana,"Chorkor slum mapping project - Accra, Ghana",108,False,108,"Chorkor slum mapping project - Accra, Ghana|65445_63521"
OAM-261782-254085-19,fold_5,Ghana,"Chorkor slum mapping project - Accra, Ghana",104,False,104,"Chorkor slum mapping project - Accra, Ghana|65445_63521"
OAM-261783-254083-19,fold_3,Ghana,"Chorkor slum mapping project - Accra, Ghana",86,False,86,"Chorkor slum mapping project - Accra, Ghana|65445_63520"
OAM-261783-254084-19,fold_5,Ghana,"Chorkor slum mapping project - Accra, Ghana",174,False,174,"Chorkor slum mapping project - Accra, Ghana|65445_63521"
OAM-261783-254085-19,fold_5,Ghana,"Chorkor slum mapping project - Accra, Ghana",175,False,175,"Chorkor slum mapping project - Accra, Ghana|65445_63521"
OAM-261784-254084-19,fold_3,Ghana,"Chorkor slum mapping project - Accra, Ghana",164,False,164,"Chorkor slum mapping project - Accra, Ghana|65446_63521"
OAM-261784-254085-19,fold_3,Ghana,"Chorkor slum mapping project - Accra, Ghana",133,False,133,"Chorkor slum mapping project - Accra, Ghana|65446_63521"
OAM-261785-254083-19,fold_3,Ghana,"Chorkor slum mapping project - Accra, Ghana",138,False,138,"Chorkor slum mapping project - Accra, Ghana|65446_63520"
OAM-261785-254084-19,fold_3,Ghana,"Chorkor slum mapping project - Accra, Ghana",149,False,149,"Chorkor slum mapping project - Accra, Ghana|65446_63521"
OAM-261787-254083-19,fold_3,Ghana,"Chorkor slum mapping project - Accra, Ghana",141,False,141,"Chorkor slum mapping project - Accra, Ghana|65446_63520"
OAM-261787-254084-19,fold_3,Ghana,"Chorkor slum mapping project - Accra, Ghana",108,False,108,"Chorkor slum mapping project - Accra, Ghana|65446_63521"
OAM-261788-254083-19,fold_4,Ghana,"Chorkor slum mapping project - Accra, Ghana",127,False,127,"Chorkor slum mapping project - Accra, Ghana|65447_63520"
OAM-261789-254083-19,fold_4,Ghana,"Chorkor slum mapping project - Accra, Ghana",111,False,111,"Chorkor slum mapping project - Accra, Ghana|65447_63520"
OAM-261789-254084-19,fold_6,Ghana,"Chorkor slum mapping project - Accra, Ghana",125,False,125,"Chorkor slum mapping project - Accra, Ghana|65447_63521"
OAM-261790-254083-19,fold_4,Ghana,"Chorkor slum mapping project - Accra, Ghana",111,False,111,"Chorkor slum mapping project - Accra, Ghana|65447_63520"
OAM-261790-254084-19,fold_6,Ghana,"Chorkor slum mapping project - Accra, Ghana",126,False,126,"Chorkor slum mapping project - Accra, Ghana|65447_63521"
OAM-261791-254083-19,fold_4,Ghana,"Chorkor slum mapping project - Accra, Ghana",146,False,146,"Chorkor slum mapping project - Accra, Ghana|65447_63520"
OAM-261792-254083-19,fold_3,Ghana,"Chorkor slum mapping project - Accra, Ghana",91,False,91,"Chorkor slum mapping project - Accra, Ghana|65448_63520"
OAM-261795-254083-19,fold_3,Ghana,"Chorkor slum mapping project - Accra, Ghana",73,False,73,"Chorkor slum mapping project - Accra, Ghana|65448_63520"
OAM-261797-254082-19,fold_4,Ghana,"Chorkor slum mapping project - Accra, Ghana",107,False,107,"Chorkor slum mapping project - Accra, Ghana|65449_63520"
OAM-261797-254083-19,fold_4,Ghana,"Chorkor slum mapping project - Accra, Ghana",71,False,71,"Chorkor slum mapping project - Accra, Ghana|65449_63520"
OAM-261816-254056-19,fold_4,Ghana,"Old Fadama slum mapping project - Accra, Ghana",138,False,138,"Old Fadama slum mapping project - Accra, Ghana|65454_63514"
OAM-261817-254046-19,fold_6,Ghana,"Old Fadama slum mapping project - Accra, Ghana",151,False,151,"Old Fadama slum mapping project - Accra, Ghana|65454_63511"
OAM-261817-254047-19,fold_6,Ghana,"Old Fadama slum mapping project - Accra, Ghana",196,False,196,"Old Fadama slum mapping project - Accra, Ghana|65454_63511"
OAM-261817-254049-19,fold_0,Ghana,"Old Fadama slum mapping project - Accra, Ghana",186,False,186,"Old Fadama slum mapping project - Accra, Ghana|65454_63512"
OAM-261817-254050-19,fold_0,Ghana,"Old Fadama slum mapping project - Accra, Ghana",286,False,286,"Old Fadama slum mapping project - Accra, Ghana|65454_63512"
OAM-261817-254053-19,fold_1,Ghana,"Old Fadama slum mapping project - Accra, Ghana",183,False,183,"Old Fadama slum mapping project - Accra, Ghana|65454_63513"
OAM-261817-254054-19,fold_1,Ghana,"Old Fadama slum mapping project - Accra, Ghana",267,False,267,"Old Fadama slum mapping project - Accra, Ghana|65454_63513"
OAM-261817-254055-19,fold_1,Ghana,"Old Fadama slum mapping project - Accra, Ghana",301,False,301,"Old Fadama slum mapping project - Accra, Ghana|65454_63513"
OAM-261817-254056-19,fold_4,Ghana,"Old Fadama slum mapping project - Accra, Ghana",349,False,349,"Old Fadama slum mapping project - Accra, Ghana|65454_63514"
OAM-261818-254045-19,fold_6,Ghana,"Old Fadama slum mapping project - Accra, Ghana",222,False,222,"Old Fadama slum mapping project - Accra, Ghana|65454_63511"
OAM-261818-254046-19,fold_6,Ghana,"Old Fadama slum mapping project - Accra, Ghana",224,False,224,"Old Fadama slum mapping project - Accra, Ghana|65454_63511"
OAM-261818-254047-19,fold_6,Ghana,"Old Fadama slum mapping project - Accra, Ghana",192,False,192,"Old Fadama slum mapping project - Accra, Ghana|65454_63511"
OAM-261818-254048-19,fold_0,Ghana,"Old Fadama slum mapping project - Accra, Ghana",234,False,234,"Old Fadama slum mapping project - Accra, Ghana|65454_63512"
OAM-261818-254049-19,fold_0,Ghana,"Old Fadama slum mapping project - Accra, Ghana",214,False,214,"Old Fadama slum mapping project - Accra, Ghana|65454_63512"
OAM-261818-254050-19,fold_0,Ghana,"Old Fadama slum mapping project - Accra, Ghana",283,False,283,"Old Fadama slum mapping project - Accra, Ghana|65454_63512"
OAM-261818-254051-19,fold_0,Ghana,"Old Fadama slum mapping project - Accra, Ghana",310,False,310,"Old Fadama slum mapping project - Accra, Ghana|65454_63512"
OAM-261818-254052-19,fold_1,Ghana,"Old Fadama slum mapping project - Accra, Ghana",178,False,178,"Old Fadama slum mapping project - Accra, Ghana|65454_63513"
OAM-261818-254053-19,fold_1,Ghana,"Old Fadama slum mapping project - Accra, Ghana",242,False,242,"Old Fadama slum mapping project - Accra, Ghana|65454_63513"
OAM-261818-254054-19,fold_1,Ghana,"Old Fadama slum mapping project - Accra, Ghana",300,False,300,"Old Fadama slum mapping project - Accra, Ghana|65454_63513"
OAM-261818-254055-19,fold_1,Ghana,"Old Fadama slum mapping project - Accra, Ghana",271,False,271,"Old Fadama slum mapping project - Accra, Ghana|65454_63513"
OAM-261818-254056-19,fold_4,Ghana,"Old Fadama slum mapping project - Accra, Ghana",303,False,303,"Old Fadama slum mapping project - Accra, Ghana|65454_63514"
OAM-261818-254057-19,fold_4,Ghana,"Old Fadama slum mapping project - Accra, Ghana",371,False,371,"Old Fadama slum mapping project - Accra, Ghana|65454_63514"
OAM-261819-254046-19,fold_6,Ghana,"Old Fadama slum mapping project - Accra, Ghana",198,False,198,"Old Fadama slum mapping project - Accra, Ghana|65454_63511"
OAM-261819-254047-19,fold_6,Ghana,"Old Fadama slum mapping project - Accra, Ghana",273,False,273,"Old Fadama slum mapping project - Accra, Ghana|65454_63511"
OAM-261819-254048-19,fold_0,Ghana,"Old Fadama slum mapping project - Accra, Ghana",225,False,225,"Old Fadama slum mapping project - Accra, Ghana|65454_63512"
OAM-261819-254049-19,fold_0,Ghana,"Old Fadama slum mapping project - Accra, Ghana",242,False,242,"Old Fadama slum mapping project - Accra, Ghana|65454_63512"
OAM-261819-254050-19,fold_0,Ghana,"Old Fadama slum mapping project - Accra, Ghana",217,False,217,"Old Fadama slum mapping project - Accra, Ghana|65454_63512"
OAM-261819-254051-19,fold_0,Ghana,"Old Fadama slum mapping project - Accra, Ghana",429,False,429,"Old Fadama slum mapping project - Accra, Ghana|65454_63512"
OAM-261819-254052-19,fold_1,Ghana,"Old Fadama slum mapping project - Accra, Ghana",231,False,231,"Old Fadama slum mapping project - Accra, Ghana|65454_63513"
OAM-261819-254053-19,fold_1,Ghana,"Old Fadama slum mapping project - Accra, Ghana",228,False,228,"Old Fadama slum mapping project - Accra, Ghana|65454_63513"
OAM-261819-254054-19,fold_1,Ghana,"Old Fadama slum mapping project - Accra, Ghana",185,False,185,"Old Fadama slum mapping project - Accra, Ghana|65454_63513"
OAM-261819-254055-19,fold_1,Ghana,"Old Fadama slum mapping project - Accra, Ghana",185,False,185,"Old Fadama slum mapping project - Accra, Ghana|65454_63513"
OAM-261819-254057-19,fold_4,Ghana,"Old Fadama slum mapping project - Accra, Ghana",356,False,356,"Old Fadama slum mapping project - Accra, Ghana|65454_63514"
OAM-261819-254058-19,fold_4,Ghana,"Old Fadama slum mapping project - Accra, Ghana",197,False,197,"Old Fadama slum mapping project - Accra, Ghana|65454_63514"
OAM-261820-254050-19,fold_5,Ghana,"Old Fadama slum mapping project - Accra, Ghana",174,False,174,"Old Fadama slum mapping project - Accra, Ghana|65455_63512"
OAM-261820-254051-19,fold_5,Ghana,"Old Fadama slum mapping project - Accra, Ghana",191,False,191,"Old Fadama slum mapping project - Accra, Ghana|65455_63512"
OAM-261820-254052-19,fold_2,Ghana,"Old Fadama slum mapping project - Accra, Ghana",218,False,218,"Old Fadama slum mapping project - Accra, Ghana|65455_63513"
OAM-261820-254053-19,fold_2,Ghana,"Old Fadama slum mapping project - Accra, Ghana",277,False,277,"Old Fadama slum mapping project - Accra, Ghana|65455_63513"
OAM-261820-254054-19,fold_2,Ghana,"Old Fadama slum mapping project - Accra, Ghana",290,False,290,"Old Fadama slum mapping project - Accra, Ghana|65455_63513"
OAM-261820-254055-19,fold_2,Ghana,"Old Fadama slum mapping project - Accra, Ghana",225,False,225,"Old Fadama slum mapping project - Accra, Ghana|65455_63513"
OAM-261820-254056-19,fold_4,Ghana,"Old Fadama slum mapping project - Accra, Ghana",268,False,268,"Old Fadama slum mapping project - Accra, Ghana|65455_63514"
OAM-261821-254041-19,fold_5,Ghana,"Agbogloshie slum mapping project - Accra, Ghana",7,False,7,"Agbogloshie slum mapping project - Accra, Ghana|65455_63510"
OAM-261821-254049-19,fold_5,Ghana,"Old Fadama slum mapping project - Accra, Ghana",82,False,82,"Old Fadama slum mapping project - Accra, Ghana|65455_63512"
OAM-261821-254050-19,fold_5,Ghana,"Old Fadama slum mapping project - Accra, Ghana",145,False,145,"Old Fadama slum mapping project - Accra, Ghana|65455_63512"
OAM-261821-254051-19,fold_5,Ghana,"Old Fadama slum mapping project - Accra, Ghana",168,False,168,"Old Fadama slum mapping project - Accra, Ghana|65455_63512"
OAM-261821-254052-19,fold_2,Ghana,"Old Fadama slum mapping project - Accra, Ghana",206,False,206,"Old Fadama slum mapping project - Accra, Ghana|65455_63513"
OAM-261821-254053-19,fold_2,Ghana,"Old Fadama slum mapping project - Accra, Ghana",225,False,225,"Old Fadama slum mapping project - Accra, Ghana|65455_63513"
OAM-261821-254054-19,fold_2,Ghana,"Old Fadama slum mapping project - Accra, Ghana",212,False,212,"Old Fadama slum mapping project - Accra, Ghana|65455_63513"
OAM-261822-254043-19,fold_5,Ghana,"Agbogloshie slum mapping project - Accra, Ghana",4,False,4,"Agbogloshie slum mapping project - Accra, Ghana|65455_63510"
OAM-261822-254049-19,fold_5,Ghana,"Old Fadama slum mapping project - Accra, Ghana",76,False,76,"Old Fadama slum mapping project - Accra, Ghana|65455_63512"
OAM-261822-254050-19,fold_5,Ghana,"Old Fadama slum mapping project - Accra, Ghana",160,False,160,"Old Fadama slum mapping project - Accra, Ghana|65455_63512"
OAM-261822-254051-19,fold_5,Ghana,"Old Fadama slum mapping project - Accra, Ghana",286,False,286,"Old Fadama slum mapping project - Accra, Ghana|65455_63512"
OAM-261822-254052-19,fold_2,Ghana,"Old Fadama slum mapping project - Accra, Ghana",206,False,206,"Old Fadama slum mapping project - Accra, Ghana|65455_63513"
OAM-261822-254053-19,fold_2,Ghana,"Old Fadama slum mapping project - Accra, Ghana",223,False,223,"Old Fadama slum mapping project - Accra, Ghana|65455_63513"
OAM-261823-254042-19,fold_5,Ghana,"Agbogloshie slum mapping project - Accra, Ghana",5,False,5,"Agbogloshie slum mapping project - Accra, Ghana|65455_63510"
OAM-261823-254043-19,fold_5,Ghana,"Agbogloshie slum mapping project - Accra, Ghana",6,False,6,"Agbogloshie slum mapping project - Accra, Ghana|65455_63510"
OAM-261823-254044-19,fold_5,Ghana,"Agbogloshie slum mapping project - Accra, Ghana",28,False,28,"Agbogloshie slum mapping project - Accra, Ghana|65455_63511"
OAM-261823-254045-19,fold_5,Ghana,"Agbogloshie slum mapping project - Accra, Ghana",8,False,8,"Agbogloshie slum mapping project - Accra, Ghana|65455_63511"
OAM-261823-254050-19,fold_5,Ghana,"Old Fadama slum mapping project - Accra, Ghana",156,False,156,"Old Fadama slum mapping project - Accra, Ghana|65455_63512"
OAM-261823-254051-19,fold_5,Ghana,"Old Fadama slum mapping project - Accra, Ghana",198,False,198,"Old Fadama slum mapping project - Accra, Ghana|65455_63512"
OAM-261823-254052-19,fold_2,Ghana,"Old Fadama slum mapping project - Accra, Ghana",152,False,152,"Old Fadama slum mapping project - Accra, Ghana|65455_63513"
OAM-261824-254042-19,fold_2,Ghana,"Agbogloshie slum mapping project - Accra, Ghana",26,False,26,"Agbogloshie slum mapping project - Accra, Ghana|65456_63510"
OAM-261824-254043-19,fold_2,Ghana,"Agbogloshie slum mapping project - Accra, Ghana",9,False,9,"Agbogloshie slum mapping project - Accra, Ghana|65456_63510"
OAM-261824-254044-19,fold_3,Ghana,"Agbogloshie slum mapping project - Accra, Ghana",234,False,234,"Agbogloshie slum mapping project - Accra, Ghana|65456_63511"
OAM-261824-254045-19,fold_3,Ghana,"Agbogloshie slum mapping project - Accra, Ghana",67,False,67,"Agbogloshie slum mapping project - Accra, Ghana|65456_63511"
OAM-261824-254046-19,fold_3,Ghana,"Agbogloshie slum mapping project - Accra, Ghana",42,False,42,"Agbogloshie slum mapping project - Accra, Ghana|65456_63511"
OAM-261824-254047-19,fold_3,Ghana,"Agbogloshie slum mapping project - Accra, Ghana",47,False,47,"Agbogloshie slum mapping project - Accra, Ghana|65456_63511"
OAM-261824-254048-19,fold_3,Ghana,"Agbogloshie slum mapping project - Accra, Ghana",35,False,35,"Agbogloshie slum mapping project - Accra, Ghana|65456_63512"
OAM-261824-254051-19,fold_0,Ghana,"Old Fadama slum mapping project - Accra, Ghana",236,False,236,"Old Fadama slum mapping project - Accra, Ghana|65456_63512"
OAM-261825-254044-19,fold_3,Ghana,"Agbogloshie slum mapping project - Accra, Ghana",229,False,229,"Agbogloshie slum mapping project - Accra, Ghana|65456_63511"
OAM-261825-254045-19,fold_3,Ghana,"Agbogloshie slum mapping project - Accra, Ghana",170,False,170,"Agbogloshie slum mapping project - Accra, Ghana|65456_63511"
OAM-261825-254048-19,fold_3,Ghana,"Agbogloshie slum mapping project - Accra, Ghana",67,False,67,"Agbogloshie slum mapping project - Accra, Ghana|65456_63512"
OAM-261826-254043-19,fold_2,Ghana,"Agbogloshie slum mapping project - Accra, Ghana",22,False,22,"Agbogloshie slum mapping project - Accra, Ghana|65456_63510"
OAM-261826-254044-19,fold_3,Ghana,"Agbogloshie slum mapping project - Accra, Ghana",290,False,290,"Agbogloshie slum mapping project - Accra, Ghana|65456_63511"
OAM-261826-254045-19,fold_3,Ghana,"Agbogloshie slum mapping project - Accra, Ghana",293,False,293,"Agbogloshie slum mapping project - Accra, Ghana|65456_63511"
OAM-261826-254050-19,fold_3,Ghana,"Agbogloshie slum mapping project - Accra, Ghana",174,False,174,"Agbogloshie slum mapping project - Accra, Ghana|65456_63512"
OAM-261827-254044-19,fold_3,Ghana,"Agbogloshie slum mapping project - Accra, Ghana",128,False,128,"Agbogloshie slum mapping project - Accra, Ghana|65456_63511"
OAM-261827-254045-19,fold_3,Ghana,"Agbogloshie slum mapping project - Accra, Ghana",308,False,308,"Agbogloshie slum mapping project - Accra, Ghana|65456_63511"
OAM-261827-254046-19,fold_3,Ghana,"Agbogloshie slum mapping project - Accra, Ghana",129,False,129,"Agbogloshie slum mapping project - Accra, Ghana|65456_63511"
OAM-261827-254050-19,fold_3,Ghana,"Agbogloshie slum mapping project - Accra, Ghana",125,False,125,"Agbogloshie slum mapping project - Accra, Ghana|65456_63512"
OAM-261828-254045-19,fold_4,Ghana,"Agbogloshie slum mapping project - Accra, Ghana",227,False,227,"Agbogloshie slum mapping project - Accra, Ghana|65457_63511"
OAM-261828-254047-19,fold_4,Ghana,"Agbogloshie slum mapping project - Accra, Ghana",68,False,68,"Agbogloshie slum mapping project - Accra, Ghana|65457_63511"
OAM-261828-254048-19,fold_2,Ghana,"Agbogloshie slum mapping project - Accra, Ghana",136,False,136,"Agbogloshie slum mapping project - Accra, Ghana|65457_63512"
OAM-261828-254049-19,fold_2,Ghana,"Agbogloshie slum mapping project - Accra, Ghana",106,False,106,"Agbogloshie slum mapping project - Accra, Ghana|65457_63512"
OAM-261829-254046-19,fold_4,Ghana,"Agbogloshie slum mapping project - Accra, Ghana",49,False,49,"Agbogloshie slum mapping project - Accra, Ghana|65457_63511"
OAM-305946-261652-19,fold_6,Uganda,Ruboni Community Tourism Mapping _Kyanya Trading Centre Kasese District,7,False,7,Ruboni Community Tourism Mapping _Kyanya Trading Centre Kasese District|76486_65413
OAM-305946-261654-19,fold_6,Uganda,Ruboni Community Tourism Mapping _Kyanya Trading Centre Kasese District,44,False,44,Ruboni Community Tourism Mapping _Kyanya Trading Centre Kasese District|76486_65413
OAM-305946-261655-19,fold_6,Uganda,Ruboni Community Tourism Mapping _Kyanya Trading Centre Kasese District,51,False,51,Ruboni Community Tourism Mapping _Kyanya Trading Centre Kasese District|76486_65413
OAM-305946-261656-19,fold_5,Uganda,Ruboni Community Tourism Mapping _Kyanya Trading Centre Kasese District,39,False,39,Ruboni Community Tourism Mapping _Kyanya Trading Centre Kasese District|76486_65414
OAM-305947-261654-19,fold_6,Uganda,Ruboni Community Tourism Mapping _Kyanya Trading Centre Kasese District,43,False,43,Ruboni Community Tourism Mapping _Kyanya Trading Centre Kasese District|76486_65413
OAM-305947-261655-19,fold_6,Uganda,Ruboni Community Tourism Mapping _Kyanya Trading Centre Kasese District,40,False,40,Ruboni Community Tourism Mapping _Kyanya Trading Centre Kasese District|76486_65413
OAM-305947-261656-19,fold_5,Uganda,Ruboni Community Tourism Mapping _Kyanya Trading Centre Kasese District,44,False,44,Ruboni Community Tourism Mapping _Kyanya Trading Centre Kasese District|76486_65414
OAM-305947-261657-19,fold_5,Uganda,Ruboni Community Tourism Mapping _Kyanya Trading Centre Kasese District,27,False,27,Ruboni Community Tourism Mapping _Kyanya Trading Centre Kasese District|76486_65414
OAM-305948-261653-19,fold_2,Uganda,Ruboni Community Tourism Mapping _Kyanya Trading Centre Kasese District,6,False,6,Ruboni Community Tourism Mapping _Kyanya Trading Centre Kasese District|76487_65413
OAM-305949-261654-19,fold_2,Uganda,Ruboni Community Tourism Mapping _Kyanya Trading Centre Kasese District,8,False,8,Ruboni Community Tourism Mapping _Kyanya Trading Centre Kasese District|76487_65413
OAM-305949-261655-19,fold_2,Uganda,Ruboni Community Tourism Mapping _Kyanya Trading Centre Kasese District,0,True,0,Ruboni Community Tourism Mapping _Kyanya Trading Centre Kasese District|76487_65413
OAM-305949-261658-19,fold_4,Uganda,Ruboni Community Tourism Mapping _Kyanya Trading Centre Kasese District,6,False,6,Ruboni Community Tourism Mapping _Kyanya Trading Centre Kasese District|76487_65414
OAM-305950-261658-19,fold_4,Uganda,Ruboni Community Tourism Mapping _Kyanya Trading Centre Kasese District,13,False,13,Ruboni Community Tourism Mapping _Kyanya Trading Centre Kasese District|76487_65414
OAM-305974-261696-19,fold_3,Uganda,Ruboni Community Tourism Mapping _Bugoye Trading Centre Kasese District,6,False,6,Ruboni Community Tourism Mapping _Bugoye Trading Centre Kasese District|76493_65424
OAM-305974-261697-19,fold_3,Uganda,Ruboni Community Tourism Mapping _Bugoye Trading Centre Kasese District,7,False,7,Ruboni Community Tourism Mapping _Bugoye Trading Centre Kasese District|76493_65424
OAM-305974-261701-19,fold_5,Uganda,Ruboni Community Tourism Mapping _Bugoye Trading Centre Kasese District,12,False,12,Ruboni Community Tourism Mapping _Bugoye Trading Centre Kasese District|76493_65425
OAM-305974-261702-19,fold_5,Uganda,Ruboni Community Tourism Mapping _Bugoye Trading Centre Kasese District,19,False,19,Ruboni Community Tourism Mapping _Bugoye Trading Centre Kasese District|76493_65425
OAM-305975-261697-19,fold_3,Uganda,Ruboni Community Tourism Mapping _Bugoye Trading Centre Kasese District,6,False,6,Ruboni Community Tourism Mapping _Bugoye Trading Centre Kasese District|76493_65424
OAM-305975-261700-19,fold_5,Uganda,Ruboni Community Tourism Mapping _Bugoye Trading Centre Kasese District,1,False,1,Ruboni Community Tourism Mapping _Bugoye Trading Centre Kasese District|76493_65425
OAM-305976-261697-19,fold_4,Uganda,Ruboni Community Tourism Mapping _Bugoye Trading Centre Kasese District,5,False,5,Ruboni Community Tourism Mapping _Bugoye Trading Centre Kasese District|76494_65424
OAM-305976-261700-19,fold_0,Uganda,Ruboni Community Tourism Mapping _Bugoye Trading Centre Kasese District,1,False,1,Ruboni Community Tourism Mapping _Bugoye Trading Centre Kasese District|76494_65425
OAM-305976-261701-19,fold_0,Uganda,Ruboni Community Tourism Mapping _Bugoye Trading Centre Kasese District,21,False,21,Ruboni Community Tourism Mapping _Bugoye Trading Centre Kasese District|76494_65425
OAM-305977-261697-19,fold_4,Uganda,Ruboni Community Tourism Mapping _Bugoye Trading Centre Kasese District,8,False,8,Ruboni Community Tourism Mapping _Bugoye Trading Centre Kasese District|76494_65424
OAM-305977-261699-19,fold_4,Uganda,Ruboni Community Tourism Mapping _Bugoye Trading Centre Kasese District,4,False,4,Ruboni Community Tourism Mapping _Bugoye Trading Centre Kasese District|76494_65424
OAM-305977-261702-19,fold_0,Uganda,Ruboni Community Tourism Mapping _Bugoye Trading Centre Kasese District,25,False,25,Ruboni Community Tourism Mapping _Bugoye Trading Centre Kasese District|76494_65425
OAM-305977-261703-19,fold_0,Uganda,Ruboni Community Tourism Mapping _Bugoye Trading Centre Kasese District,26,False,26,Ruboni Community Tourism Mapping _Bugoye Trading Centre Kasese District|76494_65425
OAM-305978-261703-19,fold_0,Uganda,Ruboni Community Tourism Mapping _Bugoye Trading Centre Kasese District,23,False,23,Ruboni Community Tourism Mapping _Bugoye Trading Centre Kasese District|76494_65425
OAM-309413-301271-19,fold_1,Mozambique,Community-Based Urban Planning for Sustainable and Climate-Resilient Development - Mapathon 2025 #4 Matola J,32,False,32,Community-Based Urban Planning for Sustainable and Climate-Resilient Development - Mapathon 2025 #4 Matola J|77353_75317
OAM-309414-301277-19,fold_2,Mozambique,Community-Based Urban Planning for Sustainable and Climate-Resilient Development - Mapathon 2025 #4 Matola J,25,False,25,Community-Based Urban Planning for Sustainable and Climate-Resilient Development - Mapathon 2025 #4 Matola J|77353_75319
OAM-309416-301274-19,fold_2,Mozambique,Community-Based Urban Planning for Sustainable and Climate-Resilient Development - Mapathon 2025 #4 Matola J,0,True,0,Community-Based Urban Planning for Sustainable and Climate-Resilient Development - Mapathon 2025 #4 Matola J|77354_75318
OAM-309425-301250-19,fold_1,Mozambique,Community-Based Urban Planning for Sustainable and Climate-Resilient Development - Mapathon 2025 #4 Matola J,25,False,25,Community-Based Urban Planning for Sustainable and Climate-Resilient Development - Mapathon 2025 #4 Matola J|77356_75312
OAM-309425-301265-19,fold_5,Mozambique,Community-Based Urban Planning for Sustainable and Climate-Resilient Development - Mapathon 2025 #4 Matola J,24,False,24,Community-Based Urban Planning for Sustainable and Climate-Resilient Development - Mapathon 2025 #4 Matola J|77356_75316
OAM-309426-301253-19,fold_3,Mozambique,Community-Based Urban Planning for Sustainable and Climate-Resilient Development - Mapathon 2025 #4 Matola J,20,False,20,Community-Based Urban Planning for Sustainable and Climate-Resilient Development - Mapathon 2025 #4 Matola J|77356_75313
OAM-309426-301262-19,fold_3,Mozambique,Community-Based Urban Planning for Sustainable and Climate-Resilient Development - Mapathon 2025 #4 Matola J,20,False,20,Community-Based Urban Planning for Sustainable and Climate-Resilient Development - Mapathon 2025 #4 Matola J|77356_75315
OAM-309426-301277-19,fold_1,Mozambique,Community-Based Urban Planning for Sustainable and Climate-Resilient Development - Mapathon 2025 #4 Matola J,25,False,25,Community-Based Urban Planning for Sustainable and Climate-Resilient Development - Mapathon 2025 #4 Matola J|77356_75319
OAM-309426-301281-19,fold_6,Mozambique,Community-Based Urban Planning for Sustainable and Climate-Resilient Development - Mapathon 2025 #4 Matola J,27,False,27,Community-Based Urban Planning for Sustainable and Climate-Resilient Development - Mapathon 2025 #4 Matola J|77356_75320
OAM-309427-301254-19,fold_3,Mozambique,Community-Based Urban Planning for Sustainable and Climate-Resilient Development - Mapathon 2025 #4 Matola J,24,False,24,Community-Based Urban Planning for Sustainable and Climate-Resilient Development - Mapathon 2025 #4 Matola J|77356_75313
OAM-309427-301273-19,fold_3,Mozambique,Community-Based Urban Planning for Sustainable and Climate-Resilient Development - Mapathon 2025 #4 Matola J,32,False,32,Community-Based Urban Planning for Sustainable and Climate-Resilient Development - Mapathon 2025 #4 Matola J|77356_75318
OAM-309428-301264-19,fold_5,Mozambique,Community-Based Urban Planning for Sustainable and Climate-Resilient Development - Mapathon 2025 #4 Matola J,29,False,29,Community-Based Urban Planning for Sustainable and Climate-Resilient Development - Mapathon 2025 #4 Matola J|77357_75316
OAM-309430-301250-19,fold_4,Mozambique,Community-Based Urban Planning for Sustainable and Climate-Resilient Development - Mapathon 2025 #4 Matola J,26,False,26,Community-Based Urban Planning for Sustainable and Climate-Resilient Development - Mapathon 2025 #4 Matola J|77357_75312
OAM-309431-301259-19,fold_1,Mozambique,Community-Based Urban Planning for Sustainable and Climate-Resilient Development - Mapathon 2025 #4 Matola J,22,False,22,Community-Based Urban Planning for Sustainable and Climate-Resilient Development - Mapathon 2025 #4 Matola J|77357_75314
OAM-309431-301279-19,fold_3,Mozambique,Community-Based Urban Planning for Sustainable and Climate-Resilient Development - Mapathon 2025 #4 Matola J,25,False,25,Community-Based Urban Planning for Sustainable and Climate-Resilient Development - Mapathon 2025 #4 Matola J|77357_75319
OAM-309432-301263-19,fold_2,Mozambique,Community-Based Urban Planning for Sustainable and Climate-Resilient Development - Mapathon 2025 #4 Matola J,23,False,23,Community-Based Urban Planning for Sustainable and Climate-Resilient Development - Mapathon 2025 #4 Matola J|77358_75315
OAM-309432-301266-19,fold_6,Mozambique,Community-Based Urban Planning for Sustainable and Climate-Resilient Development - Mapathon 2025 #4 Matola J,3,False,3,Community-Based Urban Planning for Sustainable and Climate-Resilient Development - Mapathon 2025 #4 Matola J|77358_75316
OAM-309432-301269-19,fold_6,Mozambique,Community-Based Urban Planning for Sustainable and Climate-Resilient Development - Mapathon 2025 #4 Matola J,33,False,33,Community-Based Urban Planning for Sustainable and Climate-Resilient Development - Mapathon 2025 #4 Matola J|77358_75317
OAM-309434-301277-19,fold_6,Mozambique,Community-Based Urban Planning for Sustainable and Climate-Resilient Development - Mapathon 2025 #4 Matola J,27,False,27,Community-Based Urban Planning for Sustainable and Climate-Resilient Development - Mapathon 2025 #4 Matola J|77358_75319
OAM-309434-301285-19,fold_3,Mozambique,Community-Based Urban Planning for Sustainable and Climate-Resilient Development - Mapathon 2025 #4 Matola J,7,False,7,Community-Based Urban Planning for Sustainable and Climate-Resilient Development - Mapathon 2025 #4 Matola J|77358_75321
OAM-309435-301284-19,fold_3,Mozambique,Community-Based Urban Planning for Sustainable and Climate-Resilient Development - Mapathon 2025 #4 Matola J,4,False,4,Community-Based Urban Planning for Sustainable and Climate-Resilient Development - Mapathon 2025 #4 Matola J|77358_75321
OAM-309435-301285-19,fold_3,Mozambique,Community-Based Urban Planning for Sustainable and Climate-Resilient Development - Mapathon 2025 #4 Matola J,1,False,1,Community-Based Urban Planning for Sustainable and Climate-Resilient Development - Mapathon 2025 #4 Matola J|77358_75321
OAM-309436-301281-19,fold_6,Mozambique,Community-Based Urban Planning for Sustainable and Climate-Resilient Development - Mapathon 2025 #4 Matola J,23,False,23,Community-Based Urban Planning for Sustainable and Climate-Resilient Development - Mapathon 2025 #4 Matola J|77359_75320
OAM-309439-301272-19,fold_4,Mozambique,Community-Based Urban Planning for Sustainable and Climate-Resilient Development - Mapathon 2025 #4 Matola J,52,False,52,Community-Based Urban Planning for Sustainable and Climate-Resilient Development - Mapathon 2025 #4 Matola J|77359_75318
OAM-309447-301260-19,fold_1,Mozambique,Community-Based Urban Planning for Sustainable and Climate-Resilient Development - Mapathon 2025 #4 Matola J,4,False,4,Community-Based Urban Planning for Sustainable and Climate-Resilient Development - Mapathon 2025 #4 Matola J|77361_75315
OAM-309447-301274-19,fold_0,Mozambique,Community-Based Urban Planning for Sustainable and Climate-Resilient Development - Mapathon 2025 #4 Matola J,3,False,3,Community-Based Urban Planning for Sustainable and Climate-Resilient Development - Mapathon 2025 #4 Matola J|77361_75318
OAM-309503-301143-19,fold_1,Mozambique,Community-Based Urban Planning for Sustainable and Climate-Resilient Development - Mapathon 2025 #3 1 de Maio,23,False,23,Community-Based Urban Planning for Sustainable and Climate-Resilient Development - Mapathon 2025 #3 1 de Maio|77375_75285
OAM-309504-301140-19,fold_5,Mozambique,Community-Based Urban Planning for Sustainable and Climate-Resilient Development - Mapathon 2025 #3 1 de Maio,24,False,24,Community-Based Urban Planning for Sustainable and Climate-Resilient Development - Mapathon 2025 #3 1 de Maio|77376_75285
OAM-309504-301141-19,fold_5,Mozambique,Community-Based Urban Planning for Sustainable and Climate-Resilient Development - Mapathon 2025 #3 1 de Maio,21,False,21,Community-Based Urban Planning for Sustainable and Climate-Resilient Development - Mapathon 2025 #3 1 de Maio|77376_75285
OAM-309507-301128-19,fold_0,Mozambique,Community-Based Urban Planning for Sustainable and Climate-Resilient Development - Mapathon 2025 #3 1 de Maio,19,False,19,Community-Based Urban Planning for Sustainable and Climate-Resilient Development - Mapathon 2025 #3 1 de Maio|77376_75282
OAM-309509-301132-19,fold_1,Mozambique,Community-Based Urban Planning for Sustainable and Climate-Resilient Development - Mapathon 2025 #3 1 de Maio,23,False,23,Community-Based Urban Planning for Sustainable and Climate-Resilient Development - Mapathon 2025 #3 1 de Maio|77377_75283
OAM-309510-301136-19,fold_2,Mozambique,Community-Based Urban Planning for Sustainable and Climate-Resilient Development - Mapathon 2025 #3 1 de Maio,21,False,21,Community-Based Urban Planning for Sustainable and Climate-Resilient Development - Mapathon 2025 #3 1 de Maio|77377_75284
OAM-309511-301143-19,fold_5,Mozambique,Community-Based Urban Planning for Sustainable and Climate-Resilient Development - Mapathon 2025 #3 1 de Maio,20,False,20,Community-Based Urban Planning for Sustainable and Climate-Resilient Development - Mapathon 2025 #3 1 de Maio|77377_75285
OAM-309519-301154-19,fold_6,Mozambique,Community-Based Urban Planning for Sustainable and Climate-Resilient Development - Mapathon 2025 #3 1 de Maio,21,False,21,Community-Based Urban Planning for Sustainable and Climate-Resilient Development - Mapathon 2025 #3 1 de Maio|77379_75288
OAM-309520-301147-19,fold_4,Mozambique,Community-Based Urban Planning for Sustainable and Climate-Resilient Development - Mapathon 2025 #3 1 de Maio,20,False,20,Community-Based Urban Planning for Sustainable and Climate-Resilient Development - Mapathon 2025 #3 1 de Maio|77380_75286
OAM-309520-301149-19,fold_3,Mozambique,Community-Based Urban Planning for Sustainable and Climate-Resilient Development - Mapathon 2025 #3 1 de Maio,20,False,20,Community-Based Urban Planning for Sustainable and Climate-Resilient Development - Mapathon 2025 #3 1 de Maio|77380_75287
OAM-309521-301149-19,fold_3,Mozambique,Community-Based Urban Planning for Sustainable and Climate-Resilient Development - Mapathon 2025 #3 1 de Maio,20,False,20,Community-Based Urban Planning for Sustainable and Climate-Resilient Development - Mapathon 2025 #3 1 de Maio|77380_75287
OAM-309523-301142-19,fold_1,Mozambique,Community-Based Urban Planning for Sustainable and Climate-Resilient Development - Mapathon 2025 #3 1 de Maio,20,False,20,Community-Based Urban Planning for Sustainable and Climate-Resilient Development - Mapathon 2025 #3 1 de Maio|77380_75285
OAM-309523-301143-19,fold_1,Mozambique,Community-Based Urban Planning for Sustainable and Climate-Resilient Development - Mapathon 2025 #3 1 de Maio,20,False,20,Community-Based Urban Planning for Sustainable and Climate-Resilient Development - Mapathon 2025 #3 1 de Maio|77380_75285
OAM-309524-301137-19,fold_1,Mozambique,Community-Based Urban Planning for Sustainable and Climate-Resilient Development - Mapathon 2025 #3 1 de Maio,27,False,27,Community-Based Urban Planning for Sustainable and Climate-Resilient Development - Mapathon 2025 #3 1 de Maio|77381_75284
OAM-309524-301146-19,fold_3,Mozambique,Community-Based Urban Planning for Sustainable and Climate-Resilient Development - Mapathon 2025 #3 1 de Maio,20,False,20,Community-Based Urban Planning for Sustainable and Climate-Resilient Development - Mapathon 2025 #3 1 de Maio|77381_75286
OAM-309524-301147-19,fold_3,Mozambique,Community-Based Urban Planning for Sustainable and Climate-Resilient Development - Mapathon 2025 #3 1 de Maio,21,False,21,Community-Based Urban Planning for Sustainable and Climate-Resilient Development - Mapathon 2025 #3 1 de Maio|77381_75286
OAM-309525-301125-19,fold_3,Mozambique,Community-Based Urban Planning for Sustainable and Climate-Resilient Development - Mapathon 2025 #3 1 de Maio,13,False,13,Community-Based Urban Planning for Sustainable and Climate-Resilient Development - Mapathon 2025 #3 1 de Maio|77381_75281
OAM-309525-301134-19,fold_6,Mozambique,Community-Based Urban Planning for Sustainable and Climate-Resilient Development - Mapathon 2025 #3 1 de Maio,24,False,24,Community-Based Urban Planning for Sustainable and Climate-Resilient Development - Mapathon 2025 #3 1 de Maio|77381_75283
OAM-309525-301149-19,fold_0,Mozambique,Community-Based Urban Planning for Sustainable and Climate-Resilient Development - Mapathon 2025 #3 1 de Maio,20,False,20,Community-Based Urban Planning for Sustainable and Climate-Resilient Development - Mapathon 2025 #3 1 de Maio|77381_75287
OAM-309525-301151-19,fold_0,Mozambique,Community-Based Urban Planning for Sustainable and Climate-Resilient Development - Mapathon 2025 #3 1 de Maio,20,False,20,Community-Based Urban Planning for Sustainable and Climate-Resilient Development - Mapathon 2025 #3 1 de Maio|77381_75287
OAM-309526-301142-19,fold_3,Mozambique,Community-Based Urban Planning for Sustainable and Climate-Resilient Development - Mapathon 2025 #3 1 de Maio,20,False,20,Community-Based Urban Planning for Sustainable and Climate-Resilient Development - Mapathon 2025 #3 1 de Maio|77381_75285
OAM-309527-301140-19,fold_3,Mozambique,Community-Based Urban Planning for Sustainable and Climate-Resilient Development - Mapathon 2025 #3 1 de Maio,2,False,2,Community-Based Urban Planning for Sustainable and Climate-Resilient Development - Mapathon 2025 #3 1 de Maio|77381_75285
OAM-309527-301141-19,fold_3,Mozambique,Community-Based Urban Planning for Sustainable and Climate-Resilient Development - Mapathon 2025 #3 1 de Maio,6,False,6,Community-Based Urban Planning for Sustainable and Climate-Resilient Development - Mapathon 2025 #3 1 de Maio|77381_75285
OAM-309534-301143-19,fold_1,Mozambique,Community-Based Urban Planning for Sustainable and Climate-Resilient Development - Mapathon 2025 #3 1 de Maio,0,True,0,Community-Based Urban Planning for Sustainable and Climate-Resilient Development - Mapathon 2025 #3 1 de Maio|77383_75285
OAM-309541-301140-19,fold_2,Mozambique,Community-Based Urban Planning for Sustainable and Climate-Resilient Development - Mapathon 2025 #3 1 de Maio,1,False,1,Community-Based Urban Planning for Sustainable and Climate-Resilient Development - Mapathon 2025 #3 1 de Maio|77385_75285
OAM-309623-301142-19,fold_2,Mozambique,Community-Based Urban Planning for Sustainable and Climate-Resilient Development - Mapathon 2025 #1 Magoanine-C,28,False,28,Community-Based Urban Planning for Sustainable and Climate-Resilient Development - Mapathon 2025 #1 Magoanine-C|77405_75285
OAM-309626-301149-19,fold_3,Mozambique,Community-Based Urban Planning for Sustainable and Climate-Resilient Development - Mapathon 2025 #1 Magoanine-C,3,False,3,Community-Based Urban Planning for Sustainable and Climate-Resilient Development - Mapathon 2025 #1 Magoanine-C|77406_75287
OAM-309627-301142-19,fold_2,Mozambique,Community-Based Urban Planning for Sustainable and Climate-Resilient Development - Mapathon 2025 #1 Magoanine-C,22,False,22,Community-Based Urban Planning for Sustainable and Climate-Resilient Development - Mapathon 2025 #1 Magoanine-C|77406_75285
OAM-309627-301150-19,fold_3,Mozambique,Community-Based Urban Planning for Sustainable and Climate-Resilient Development - Mapathon 2025 #1 Magoanine-C,0,True,0,Community-Based Urban Planning for Sustainable and Climate-Resilient Development - Mapathon 2025 #1 Magoanine-C|77406_75287
OAM-309628-301145-19,fold_3,Mozambique,Community-Based Urban Planning for Sustainable and Climate-Resilient Development - Mapathon 2025 #1 Magoanine-C,5,False,5,Community-Based Urban Planning for Sustainable and Climate-Resilient Development - Mapathon 2025 #1 Magoanine-C|77407_75286
OAM-309628-301148-19,fold_3,Mozambique,Community-Based Urban Planning for Sustainable and Climate-Resilient Development - Mapathon 2025 #1 Magoanine-C,0,True,0,Community-Based Urban Planning for Sustainable and Climate-Resilient Development - Mapathon 2025 #1 Magoanine-C|77407_75287
OAM-309629-301148-19,fold_3,Mozambique,Community-Based Urban Planning for Sustainable and Climate-Resilient Development - Mapathon 2025 #1 Magoanine-C,1,False,1,Community-Based Urban Planning for Sustainable and Climate-Resilient Development - Mapathon 2025 #1 Magoanine-C|77407_75287
OAM-309629-301150-19,fold_3,Mozambique,Community-Based Urban Planning for Sustainable and Climate-Resilient Development - Mapathon 2025 #1 Magoanine-C,8,False,8,Community-Based Urban Planning for Sustainable and Climate-Resilient Development - Mapathon 2025 #1 Magoanine-C|77407_75287
OAM-309630-301141-19,fold_6,Mozambique,Community-Based Urban Planning for Sustainable and Climate-Resilient Development - Mapathon 2025 #1 Magoanine-C,1,False,1,Community-Based Urban Planning for Sustainable and Climate-Resilient Development - Mapathon 2025 #1 Magoanine-C|77407_75285
OAM-309633-301139-19,fold_2,Mozambique,Community-Based Urban Planning for Sustainable and Climate-Resilient Development - Mapathon 2025 #1 Magoanine-C,5,False,5,Community-Based Urban Planning for Sustainable and Climate-Resilient Development - Mapathon 2025 #1 Magoanine-C|77408_75284
OAM-309634-301142-19,fold_6,Mozambique,Community-Based Urban Planning for Sustainable and Climate-Resilient Development - Mapathon 2025 #1 Magoanine-C,22,False,22,Community-Based Urban Planning for Sustainable and Climate-Resilient Development - Mapathon 2025 #1 Magoanine-C|77408_75285
OAM-309635-301150-19,fold_2,Mozambique,Community-Based Urban Planning for Sustainable and Climate-Resilient Development - Mapathon 2025 #1 Magoanine-C,24,False,24,Community-Based Urban Planning for Sustainable and Climate-Resilient Development - Mapathon 2025 #1 Magoanine-C|77408_75287
OAM-309651-301178-19,fold_3,Mozambique,Community-Based Urban Planning for Sustainable and Climate-Resilient Development - Mapathon 2025 #2 Mahotas,14,False,14,Community-Based Urban Planning for Sustainable and Climate-Resilient Development - Mapathon 2025 #2 Mahotas|77412_75294
OAM-309656-301175-19,fold_6,Mozambique,Community-Based Urban Planning for Sustainable and Climate-Resilient Development - Mapathon 2025 #2 Mahotas,4,False,4,Community-Based Urban Planning for Sustainable and Climate-Resilient Development - Mapathon 2025 #2 Mahotas|77414_75293
OAM-309657-301175-19,fold_6,Mozambique,Community-Based Urban Planning for Sustainable and Climate-Resilient Development - Mapathon 2025 #2 Mahotas,0,True,0,Community-Based Urban Planning for Sustainable and Climate-Resilient Development - Mapathon 2025 #2 Mahotas|77414_75293
OAM-309658-301178-19,fold_1,Mozambique,Community-Based Urban Planning for Sustainable and Climate-Resilient Development - Mapathon 2025 #2 Mahotas,0,True,0,Community-Based Urban Planning for Sustainable and Climate-Resilient Development - Mapathon 2025 #2 Mahotas|77414_75294
OAM-309658-301182-19,fold_4,Mozambique,Community-Based Urban Planning for Sustainable and Climate-Resilient Development - Mapathon 2025 #2 Mahotas,22,False,22,Community-Based Urban Planning for Sustainable and Climate-Resilient Development - Mapathon 2025 #2 Mahotas|77414_75295
OAM-309660-301051-19,fold_4,Mozambique,Community-Based Urban Planning for Sustainable and Climate-Resilient Development - Mapathon 2025 #5 Guava,20,False,20,Community-Based Urban Planning for Sustainable and Climate-Resilient Development - Mapathon 2025 #5 Guava|77415_75262
OAM-309663-301176-19,fold_5,Mozambique,Community-Based Urban Planning for Sustainable and Climate-Resilient Development - Mapathon 2025 #2 Mahotas,23,False,23,Community-Based Urban Planning for Sustainable and Climate-Resilient Development - Mapathon 2025 #2 Mahotas|77415_75294
OAM-309664-301180-19,fold_5,Mozambique,Community-Based Urban Planning for Sustainable and Climate-Resilient Development - Mapathon 2025 #2 Mahotas,32,False,32,Community-Based Urban Planning for Sustainable and Climate-Resilient Development - Mapathon 2025 #2 Mahotas|77416_75295
OAM-309666-301175-19,fold_4,Mozambique,Community-Based Urban Planning for Sustainable and Climate-Resilient Development - Mapathon 2025 #2 Mahotas,24,False,24,Community-Based Urban Planning for Sustainable and Climate-Resilient Development - Mapathon 2025 #2 Mahotas|77416_75293
OAM-309667-301171-19,fold_6,Mozambique,Community-Based Urban Planning for Sustainable and Climate-Resilient Development - Mapathon 2025 #2 Mahotas,21,False,21,Community-Based Urban Planning for Sustainable and Climate-Resilient Development - Mapathon 2025 #2 Mahotas|77416_75292
OAM-309672-301042-19,fold_0,Mozambique,Community-Based Urban Planning for Sustainable and Climate-Resilient Development - Mapathon 2025 #5 Guava,3,False,3,Community-Based Urban Planning for Sustainable and Climate-Resilient Development - Mapathon 2025 #5 Guava|77418_75260
OAM-309673-301042-19,fold_0,Mozambique,Community-Based Urban Planning for Sustainable and Climate-Resilient Development - Mapathon 2025 #5 Guava,0,True,0,Community-Based Urban Planning for Sustainable and Climate-Resilient Development - Mapathon 2025 #5 Guava|77418_75260
OAM-309675-301035-19,fold_3,Mozambique,Community-Based Urban Planning for Sustainable and Climate-Resilient Development - Mapathon 2025 #5 Guava,6,False,6,Community-Based Urban Planning for Sustainable and Climate-Resilient Development - Mapathon 2025 #5 Guava|77418_75258
OAM-309676-301034-19,fold_4,Mozambique,Community-Based Urban Planning for Sustainable and Climate-Resilient Development - Mapathon 2025 #5 Guava,1,False,1,Community-Based Urban Planning for Sustainable and Climate-Resilient Development - Mapathon 2025 #5 Guava|77419_75258
OAM-309677-301035-19,fold_4,Mozambique,Community-Based Urban Planning for Sustainable and Climate-Resilient Development - Mapathon 2025 #5 Guava,5,False,5,Community-Based Urban Planning for Sustainable and Climate-Resilient Development - Mapathon 2025 #5 Guava|77419_75258
OAM-309679-301051-19,fold_4,Mozambique,Community-Based Urban Planning for Sustainable and Climate-Resilient Development - Mapathon 2025 #5 Guava,26,False,26,Community-Based Urban Planning for Sustainable and Climate-Resilient Development - Mapathon 2025 #5 Guava|77419_75262
OAM-309679-301057-19,fold_6,Mozambique,Community-Based Urban Planning for Sustainable and Climate-Resilient Development - Mapathon 2025 #5 Guava,22,False,22,Community-Based Urban Planning for Sustainable and Climate-Resilient Development - Mapathon 2025 #5 Guava|77419_75264
OAM-309679-301060-19,fold_0,Mozambique,Community-Based Urban Planning for Sustainable and Climate-Resilient Development - Mapathon 2025 #5 Guava,20,False,20,Community-Based Urban Planning for Sustainable and Climate-Resilient Development - Mapathon 2025 #5 Guava|77419_75265
OAM-309679-301069-19,fold_3,Mozambique,Community-Based Urban Planning for Sustainable and Climate-Resilient Development - Mapathon 2025 #5 Guava,23,False,23,Community-Based Urban Planning for Sustainable and Climate-Resilient Development - Mapathon 2025 #5 Guava|77419_75267
OAM-309680-301035-19,fold_1,Mozambique,Community-Based Urban Planning for Sustainable and Climate-Resilient Development - Mapathon 2025 #5 Guava,3,False,3,Community-Based Urban Planning for Sustainable and Climate-Resilient Development - Mapathon 2025 #5 Guava|77420_75258
OAM-309680-301066-19,fold_5,Mozambique,Community-Based Urban Planning for Sustainable and Climate-Resilient Development - Mapathon 2025 #5 Guava,21,False,21,Community-Based Urban Planning for Sustainable and Climate-Resilient Development - Mapathon 2025 #5 Guava|77420_75266
OAM-309681-301044-19,fold_5,Mozambique,Community-Based Urban Planning for Sustainable and Climate-Resilient Development - Mapathon 2025 #5 Guava,6,False,6,Community-Based Urban Planning for Sustainable and Climate-Resilient Development - Mapathon 2025 #5 Guava|77420_75261
OAM-309682-301056-19,fold_5,Mozambique,Community-Based Urban Planning for Sustainable and Climate-Resilient Development - Mapathon 2025 #5 Guava,20,False,20,Community-Based Urban Planning for Sustainable and Climate-Resilient Development - Mapathon 2025 #5 Guava|77420_75264
OAM-309684-301047-19,fold_6,Mozambique,Community-Based Urban Planning for Sustainable and Climate-Resilient Development - Mapathon 2025 #5 Guava,20,False,20,Community-Based Urban Planning for Sustainable and Climate-Resilient Development - Mapathon 2025 #5 Guava|77421_75261
OAM-309685-301051-19,fold_5,Mozambique,Community-Based Urban Planning for Sustainable and Climate-Resilient Development - Mapathon 2025 #5 Guava,20,False,20,Community-Based Urban Planning for Sustainable and Climate-Resilient Development - Mapathon 2025 #5 Guava|77421_75262
OAM-309685-301065-19,fold_2,Mozambique,Community-Based Urban Planning for Sustainable and Climate-Resilient Development - Mapathon 2025 #5 Guava,20,False,20,Community-Based Urban Planning for Sustainable and Climate-Resilient Development - Mapathon 2025 #5 Guava|77421_75266
OAM-309688-301047-19,fold_0,Mozambique,Community-Based Urban Planning for Sustainable and Climate-Resilient Development - Mapathon 2025 #5 Guava,23,False,23,Community-Based Urban Planning for Sustainable and Climate-Resilient Development - Mapathon 2025 #5 Guava|77422_75261
OAM-309689-301045-19,fold_0,Mozambique,Community-Based Urban Planning for Sustainable and Climate-Resilient Development - Mapathon 2025 #5 Guava,21,False,21,Community-Based Urban Planning for Sustainable and Climate-Resilient Development - Mapathon 2025 #5 Guava|77422_75261
OAM-309690-301049-19,fold_2,Mozambique,Community-Based Urban Planning for Sustainable and Climate-Resilient Development - Mapathon 2025 #5 Guava,22,False,22,Community-Based Urban Planning for Sustainable and Climate-Resilient Development - Mapathon 2025 #5 Guava|77422_75262
OAM-309694-301061-19,fold_4,Mozambique,Community-Based Urban Planning for Sustainable and Climate-Resilient Development - Mapathon 2025 #5 Guava,2,False,2,Community-Based Urban Planning for Sustainable and Climate-Resilient Development - Mapathon 2025 #5 Guava|77423_75265
OAM-310030-265788-19,fold_5,Tanzania,"Kigoto slum mapping project - Mwanza, Tanzania",15,False,15,"Kigoto slum mapping project - Mwanza, Tanzania|77507_66447"
OAM-310031-265789-19,fold_5,Tanzania,"Kigoto slum mapping project - Mwanza, Tanzania",11,False,11,"Kigoto slum mapping project - Mwanza, Tanzania|77507_66447"
OAM-310034-265791-19,fold_3,Tanzania,"Kigoto slum mapping project - Mwanza, Tanzania",9,False,9,"Kigoto slum mapping project - Mwanza, Tanzania|77508_66447"
OAM-310035-265791-19,fold_3,Tanzania,"Kigoto slum mapping project - Mwanza, Tanzania",30,False,30,"Kigoto slum mapping project - Mwanza, Tanzania|77508_66447"
OAM-310035-265793-19,fold_0,Tanzania,"Kigoto slum mapping project - Mwanza, Tanzania",23,False,23,"Kigoto slum mapping project - Mwanza, Tanzania|77508_66448"
OAM-310036-265792-19,fold_1,Tanzania,"Kigoto slum mapping project - Mwanza, Tanzania",43,False,43,"Kigoto slum mapping project - Mwanza, Tanzania|77509_66448"
OAM-310037-265793-19,fold_1,Tanzania,"Kigoto slum mapping project - Mwanza, Tanzania",30,False,30,"Kigoto slum mapping project - Mwanza, Tanzania|77509_66448"
OAM-310038-265793-19,fold_1,Tanzania,"Kigoto slum mapping project - Mwanza, Tanzania",21,False,21,"Kigoto slum mapping project - Mwanza, Tanzania|77509_66448"
OAM-310038-265794-19,fold_1,Tanzania,"Kigoto slum mapping project - Mwanza, Tanzania",23,False,23,"Kigoto slum mapping project - Mwanza, Tanzania|77509_66448"
OAM-310060-265834-19,fold_1,Tanzania,"Mulungushi slum mapping project - Mwanza, Tanzania",6,False,6,"Mulungushi slum mapping project - Mwanza, Tanzania|77515_66458"
OAM-310060-265835-19,fold_1,Tanzania,"Mulungushi slum mapping project - Mwanza, Tanzania",6,False,6,"Mulungushi slum mapping project - Mwanza, Tanzania|77515_66458"
OAM-310063-265833-19,fold_1,Tanzania,"Mulungushi slum mapping project - Mwanza, Tanzania",30,False,30,"Mulungushi slum mapping project - Mwanza, Tanzania|77515_66458"
OAM-310064-265831-19,fold_0,Tanzania,"Mulungushi slum mapping project - Mwanza, Tanzania",80,False,80,"Mulungushi slum mapping project - Mwanza, Tanzania|77516_66457"
OAM-310064-265832-19,fold_1,Tanzania,"Mulungushi slum mapping project - Mwanza, Tanzania",38,False,38,"Mulungushi slum mapping project - Mwanza, Tanzania|77516_66458"
OAM-310064-265833-19,fold_1,Tanzania,"Mulungushi slum mapping project - Mwanza, Tanzania",46,False,46,"Mulungushi slum mapping project - Mwanza, Tanzania|77516_66458"
OAM-310065-265831-19,fold_0,Tanzania,"Mulungushi slum mapping project - Mwanza, Tanzania",89,False,89,"Mulungushi slum mapping project - Mwanza, Tanzania|77516_66457"
OAM-310066-265831-19,fold_0,Tanzania,"Mulungushi slum mapping project - Mwanza, Tanzania",53,False,53,"Mulungushi slum mapping project - Mwanza, Tanzania|77516_66457"
OAM-310080-265825-19,fold_3,Tanzania,"Nyerere B slum mapping project - Mwanza, Tanzania",46,False,46,"Nyerere B slum mapping project - Mwanza, Tanzania|77520_66456"
OAM-310080-265826-19,fold_3,Tanzania,"Nyerere B slum mapping project - Mwanza, Tanzania",30,False,30,"Nyerere B slum mapping project - Mwanza, Tanzania|77520_66456"
OAM-310163-265835-19,fold_1,Tanzania,"Busenga slum mapping project - Mwanza, Tanzania",14,False,14,"Busenga slum mapping project - Mwanza, Tanzania|77540_66458"
OAM-310163-265836-19,fold_3,Tanzania,"Busenga slum mapping project - Mwanza, Tanzania",24,False,24,"Busenga slum mapping project - Mwanza, Tanzania|77540_66459"
OAM-310164-265835-19,fold_1,Tanzania,"Busenga slum mapping project - Mwanza, Tanzania",15,False,15,"Busenga slum mapping project - Mwanza, Tanzania|77541_66458"
OAM-310164-265836-19,fold_4,Tanzania,"Busenga slum mapping project - Mwanza, Tanzania",32,False,32,"Busenga slum mapping project - Mwanza, Tanzania|77541_66459"
OAM-310166-265838-19,fold_4,Tanzania,"Busenga slum mapping project - Mwanza, Tanzania",24,False,24,"Busenga slum mapping project - Mwanza, Tanzania|77541_66459"
OAM-310166-265840-19,fold_6,Tanzania,"Busenga slum mapping project - Mwanza, Tanzania",7,False,7,"Busenga slum mapping project - Mwanza, Tanzania|77541_66460"
OAM-310167-265831-19,fold_3,Tanzania,"Busenga slum mapping project - Mwanza, Tanzania",8,False,8,"Busenga slum mapping project - Mwanza, Tanzania|77541_66457"
OAM-310167-265837-19,fold_4,Tanzania,"Busenga slum mapping project - Mwanza, Tanzania",22,False,22,"Busenga slum mapping project - Mwanza, Tanzania|77541_66459"
OAM-310168-265836-19,fold_3,Tanzania,"Busenga slum mapping project - Mwanza, Tanzania",7,False,7,"Busenga slum mapping project - Mwanza, Tanzania|77542_66459"
OAM-310169-265824-19,fold_4,Tanzania,"Busenga slum mapping project - Mwanza, Tanzania",6,False,6,"Busenga slum mapping project - Mwanza, Tanzania|77542_66456"
OAM-310169-265833-19,fold_3,Tanzania,"Busenga slum mapping project - Mwanza, Tanzania",23,False,23,"Busenga slum mapping project - Mwanza, Tanzania|77542_66458"
OAM-310169-265834-19,fold_3,Tanzania,"Busenga slum mapping project - Mwanza, Tanzania",40,False,40,"Busenga slum mapping project - Mwanza, Tanzania|77542_66458"
OAM-310169-265835-19,fold_3,Tanzania,"Busenga slum mapping project - Mwanza, Tanzania",38,False,38,"Busenga slum mapping project - Mwanza, Tanzania|77542_66458"
OAM-310170-265839-19,fold_3,Tanzania,"Busenga slum mapping project - Mwanza, Tanzania",26,False,26,"Busenga slum mapping project - Mwanza, Tanzania|77542_66459"
OAM-310170-265840-19,fold_2,Tanzania,"Busenga slum mapping project - Mwanza, Tanzania",25,False,25,"Busenga slum mapping project - Mwanza, Tanzania|77542_66460"
OAM-310171-265827-19,fold_4,Tanzania,"Busenga slum mapping project - Mwanza, Tanzania",1,False,1,"Busenga slum mapping project - Mwanza, Tanzania|77542_66456"
OAM-310172-265824-19,fold_1,Tanzania,"Busenga slum mapping project - Mwanza, Tanzania",15,False,15,"Busenga slum mapping project - Mwanza, Tanzania|77543_66456"
OAM-310172-265826-19,fold_1,Tanzania,"Busenga slum mapping project - Mwanza, Tanzania",5,False,5,"Busenga slum mapping project - Mwanza, Tanzania|77543_66456"
OAM-310172-265832-19,fold_4,Tanzania,"Busenga slum mapping project - Mwanza, Tanzania",21,False,21,"Busenga slum mapping project - Mwanza, Tanzania|77543_66458"
OAM-310174-265828-19,fold_5,Tanzania,"Busenga slum mapping project - Mwanza, Tanzania",13,False,13,"Busenga slum mapping project - Mwanza, Tanzania|77543_66457"
OAM-310175-265829-19,fold_5,Tanzania,"Busenga slum mapping project - Mwanza, Tanzania",5,False,5,"Busenga slum mapping project - Mwanza, Tanzania|77543_66457"
OAM-310175-265834-19,fold_4,Tanzania,"Busenga slum mapping project - Mwanza, Tanzania",1,False,1,"Busenga slum mapping project - Mwanza, Tanzania|77543_66458"
OAM-310175-265836-19,fold_3,Tanzania,"Busenga slum mapping project - Mwanza, Tanzania",5,False,5,"Busenga slum mapping project - Mwanza, Tanzania|77543_66459"
OAM-310176-265834-19,fold_2,Tanzania,"Busenga slum mapping project - Mwanza, Tanzania",2,False,2,"Busenga slum mapping project - Mwanza, Tanzania|77544_66458"
OAM-310176-265838-19,fold_5,Tanzania,"Busenga slum mapping project - Mwanza, Tanzania",5,False,5,"Busenga slum mapping project - Mwanza, Tanzania|77544_66459"
OAM-310177-265831-19,fold_6,Tanzania,"Busenga slum mapping project - Mwanza, Tanzania",1,False,1,"Busenga slum mapping project - Mwanza, Tanzania|77544_66457"
OAM-310177-265833-19,fold_2,Tanzania,"Busenga slum mapping project - Mwanza, Tanzania",0,True,0,"Busenga slum mapping project - Mwanza, Tanzania|77544_66458"
OAM-310177-265835-19,fold_2,Tanzania,"Busenga slum mapping project - Mwanza, Tanzania",0,True,0,"Busenga slum mapping project - Mwanza, Tanzania|77544_66458"
OAM-310178-265828-19,fold_6,Tanzania,"Busenga slum mapping project - Mwanza, Tanzania",13,False,13,"Busenga slum mapping project - Mwanza, Tanzania|77544_66457"
OAM-310179-265830-19,fold_6,Tanzania,"Busenga slum mapping project - Mwanza, Tanzania",5,False,5,"Busenga slum mapping project - Mwanza, Tanzania|77544_66457"
OAM-311463-282218-19,fold_4,Malawi,Malawi- Mapping for People Living in Protracted Crisis- Dzaleka Refugee Camp- part 2,3,False,3,Malawi- Mapping for People Living in Protracted Crisis- Dzaleka Refugee Camp- part 2|77865_70554
OAM-311463-282219-19,fold_4,Malawi,Malawi- Mapping for People Living in Protracted Crisis- Dzaleka Refugee Camp- part 2,4,False,4,Malawi- Mapping for People Living in Protracted Crisis- Dzaleka Refugee Camp- part 2|77865_70554
OAM-311464-282216-19,fold_2,Malawi,Malawi- Mapping for People Living in Protracted Crisis- Dzaleka Refugee Camp- part 2,2,False,2,Malawi- Mapping for People Living in Protracted Crisis- Dzaleka Refugee Camp- part 2|77866_70554
OAM-311465-282223-19,fold_1,Malawi,Malawi- Mapping for People Living in Protracted Crisis- Dzaleka Refugee Camp,19,False,19,Malawi- Mapping for People Living in Protracted Crisis- Dzaleka Refugee Camp|77866_70555
OAM-311465-282228-19,fold_2,Malawi,Malawi- Mapping for People Living in Protracted Crisis- Dzaleka Refugee Camp,2,False,2,Malawi- Mapping for People Living in Protracted Crisis- Dzaleka Refugee Camp|77866_70557
OAM-311465-282229-19,fold_2,Malawi,Malawi- Mapping for People Living in Protracted Crisis- Dzaleka Refugee Camp,1,False,1,Malawi- Mapping for People Living in Protracted Crisis- Dzaleka Refugee Camp|77866_70557
OAM-311465-282230-19,fold_2,Malawi,Malawi- Mapping for People Living in Protracted Crisis- Dzaleka Refugee Camp,1,False,1,Malawi- Mapping for People Living in Protracted Crisis- Dzaleka Refugee Camp|77866_70557
OAM-311466-282212-19,fold_1,Malawi,Malawi- Mapping for People Living in Protracted Crisis- Dzaleka Refugee Camp- part 2,1,False,1,Malawi- Mapping for People Living in Protracted Crisis- Dzaleka Refugee Camp- part 2|77866_70553
OAM-311466-282219-19,fold_2,Malawi,Malawi- Mapping for People Living in Protracted Crisis- Dzaleka Refugee Camp- part 2,3,False,3,Malawi- Mapping for People Living in Protracted Crisis- Dzaleka Refugee Camp- part 2|77866_70554
OAM-311466-282220-19,fold_3,Malawi,Malawi- Mapping for People Living in Protracted Crisis- Dzaleka Refugee Camp- part 2,4,False,4,Malawi- Mapping for People Living in Protracted Crisis- Dzaleka Refugee Camp- part 2|77866_70555
OAM-311466-282224-19,fold_3,Malawi,Malawi- Mapping for People Living in Protracted Crisis- Dzaleka Refugee Camp,12,False,12,Malawi- Mapping for People Living in Protracted Crisis- Dzaleka Refugee Camp|77866_70556
OAM-311466-282233-19,fold_4,Malawi,Malawi- Mapping for People Living in Protracted Crisis- Dzaleka Refugee Camp,2,False,2,Malawi- Mapping for People Living in Protracted Crisis- Dzaleka Refugee Camp|77866_70558
OAM-311466-282235-19,fold_4,Malawi,Malawi- Mapping for People Living in Protracted Crisis- Dzaleka Refugee Camp,38,False,38,Malawi- Mapping for People Living in Protracted Crisis- Dzaleka Refugee Camp|77866_70558
OAM-311466-282236-19,fold_6,Malawi,Malawi- Mapping for People Living in Protracted Crisis- Dzaleka Refugee Camp,80,False,80,Malawi- Mapping for People Living in Protracted Crisis- Dzaleka Refugee Camp|77866_70559
OAM-311466-282237-19,fold_6,Malawi,Malawi- Mapping for People Living in Protracted Crisis- Dzaleka Refugee Camp,74,False,74,Malawi- Mapping for People Living in Protracted Crisis- Dzaleka Refugee Camp|77866_70559
OAM-311466-282239-19,fold_6,Malawi,Malawi- Mapping for People Living in Protracted Crisis- Dzaleka Refugee Camp,51,False,51,Malawi- Mapping for People Living in Protracted Crisis- Dzaleka Refugee Camp|77866_70559
OAM-311466-282241-19,fold_0,Malawi,Malawi- Mapping for People Living in Protracted Crisis- Dzaleka Refugee Camp,72,False,72,Malawi- Mapping for People Living in Protracted Crisis- Dzaleka Refugee Camp|77866_70560
OAM-311466-282242-19,fold_0,Malawi,Malawi- Mapping for People Living in Protracted Crisis- Dzaleka Refugee Camp,71,False,71,Malawi- Mapping for People Living in Protracted Crisis- Dzaleka Refugee Camp|77866_70560
OAM-311466-282243-19,fold_0,Malawi,Malawi- Mapping for People Living in Protracted Crisis- Dzaleka Refugee Camp,55,False,55,Malawi- Mapping for People Living in Protracted Crisis- Dzaleka Refugee Camp|77866_70560
OAM-311466-282244-19,fold_0,Malawi,Malawi- Mapping for People Living in Protracted Crisis- Dzaleka Refugee Camp,63,False,63,Malawi- Mapping for People Living in Protracted Crisis- Dzaleka Refugee Camp|77866_70561
OAM-311467-282217-19,fold_2,Malawi,Malawi- Mapping for People Living in Protracted Crisis- Dzaleka Refugee Camp- part 2,0,True,0,Malawi- Mapping for People Living in Protracted Crisis- Dzaleka Refugee Camp- part 2|77866_70554
OAM-311467-282218-19,fold_2,Malawi,Malawi- Mapping for People Living in Protracted Crisis- Dzaleka Refugee Camp- part 2,0,True,0,Malawi- Mapping for People Living in Protracted Crisis- Dzaleka Refugee Camp- part 2|77866_70554
OAM-311467-282229-19,fold_2,Malawi,Malawi- Mapping for People Living in Protracted Crisis- Dzaleka Refugee Camp,6,False,6,Malawi- Mapping for People Living in Protracted Crisis- Dzaleka Refugee Camp|77866_70557
OAM-311467-282230-19,fold_2,Malawi,Malawi- Mapping for People Living in Protracted Crisis- Dzaleka Refugee Camp,2,False,2,Malawi- Mapping for People Living in Protracted Crisis- Dzaleka Refugee Camp|77866_70557
OAM-311467-282233-19,fold_4,Malawi,Malawi- Mapping for People Living in Protracted Crisis- Dzaleka Refugee Camp,0,True,0,Malawi- Mapping for People Living in Protracted Crisis- Dzaleka Refugee Camp|77866_70558
OAM-311467-282234-19,fold_4,Malawi,Malawi- Mapping for People Living in Protracted Crisis- Dzaleka Refugee Camp,7,False,7,Malawi- Mapping for People Living in Protracted Crisis- Dzaleka Refugee Camp|77866_70558
OAM-311467-282236-19,fold_6,Malawi,Malawi- Mapping for People Living in Protracted Crisis- Dzaleka Refugee Camp,102,False,102,Malawi- Mapping for People Living in Protracted Crisis- Dzaleka Refugee Camp|77866_70559
OAM-311467-282238-19,fold_6,Malawi,Malawi- Mapping for People Living in Protracted Crisis- Dzaleka Refugee Camp,70,False,70,Malawi- Mapping for People Living in Protracted Crisis- Dzaleka Refugee Camp|77866_70559
OAM-311467-282239-19,fold_6,Malawi,Malawi- Mapping for People Living in Protracted Crisis- Dzaleka Refugee Camp,92,False,92,Malawi- Mapping for People Living in Protracted Crisis- Dzaleka Refugee Camp|77866_70559
OAM-311467-282240-19,fold_0,Malawi,Malawi- Mapping for People Living in Protracted Crisis- Dzaleka Refugee Camp,87,False,87,Malawi- Mapping for People Living in Protracted Crisis- Dzaleka Refugee Camp|77866_70560
OAM-311467-282242-19,fold_0,Malawi,Malawi- Mapping for People Living in Protracted Crisis- Dzaleka Refugee Camp,70,False,70,Malawi- Mapping for People Living in Protracted Crisis- Dzaleka Refugee Camp|77866_70560
OAM-311467-282243-19,fold_0,Malawi,Malawi- Mapping for People Living in Protracted Crisis- Dzaleka Refugee Camp,87,False,87,Malawi- Mapping for People Living in Protracted Crisis- Dzaleka Refugee Camp|77866_70560
OAM-311467-282244-19,fold_0,Malawi,Malawi- Mapping for People Living in Protracted Crisis- Dzaleka Refugee Camp,86,False,86,Malawi- Mapping for People Living in Protracted Crisis- Dzaleka Refugee Camp|77866_70561
OAM-311468-282227-19,fold_4,Malawi,Malawi- Mapping for People Living in Protracted Crisis- Dzaleka Refugee Camp,20,False,20,Malawi- Mapping for People Living in Protracted Crisis- Dzaleka Refugee Camp|77867_70556
OAM-311468-282230-19,fold_0,Malawi,Malawi- Mapping for People Living in Protracted Crisis- Dzaleka Refugee Camp,8,False,8,Malawi- Mapping for People Living in Protracted Crisis- Dzaleka Refugee Camp|77867_70557
OAM-311468-282237-19,fold_4,Malawi,Malawi- Mapping for People Living in Protracted Crisis- Dzaleka Refugee Camp,77,False,77,Malawi- Mapping for People Living in Protracted Crisis- Dzaleka Refugee Camp|77867_70559
OAM-311468-282242-19,fold_6,Malawi,Malawi- Mapping for People Living in Protracted Crisis- Dzaleka Refugee Camp,47,False,47,Malawi- Mapping for People Living in Protracted Crisis- Dzaleka Refugee Camp|77867_70560
OAM-311468-282243-19,fold_6,Malawi,Malawi- Mapping for People Living in Protracted Crisis- Dzaleka Refugee Camp,80,False,80,Malawi- Mapping for People Living in Protracted Crisis- Dzaleka Refugee Camp|77867_70560
OAM-311468-282244-19,fold_1,Malawi,Malawi- Mapping for People Living in Protracted Crisis- Dzaleka Refugee Camp,134,False,134,Malawi- Mapping for People Living in Protracted Crisis- Dzaleka Refugee Camp|77867_70561
OAM-311469-282209-19,fold_2,Malawi,Malawi- Mapping for People Living in Protracted Crisis- Dzaleka Refugee Camp- part 2,0,True,0,Malawi- Mapping for People Living in Protracted Crisis- Dzaleka Refugee Camp- part 2|77867_70552
OAM-311469-282215-19,fold_2,Malawi,Malawi- Mapping for People Living in Protracted Crisis- Dzaleka Refugee Camp- part 2,42,False,42,Malawi- Mapping for People Living in Protracted Crisis- Dzaleka Refugee Camp- part 2|77867_70553
OAM-311469-282224-19,fold_4,Malawi,Malawi- Mapping for People Living in Protracted Crisis- Dzaleka Refugee Camp,3,False,3,Malawi- Mapping for People Living in Protracted Crisis- Dzaleka Refugee Camp|77867_70556
OAM-311469-282226-19,fold_4,Malawi,Malawi- Mapping for People Living in Protracted Crisis- Dzaleka Refugee Camp,8,False,8,Malawi- Mapping for People Living in Protracted Crisis- Dzaleka Refugee Camp|77867_70556
OAM-311469-282229-19,fold_0,Malawi,Malawi- Mapping for People Living in Protracted Crisis- Dzaleka Refugee Camp,13,False,13,Malawi- Mapping for People Living in Protracted Crisis- Dzaleka Refugee Camp|77867_70557
OAM-311469-282230-19,fold_0,Malawi,Malawi- Mapping for People Living in Protracted Crisis- Dzaleka Refugee Camp,22,False,22,Malawi- Mapping for People Living in Protracted Crisis- Dzaleka Refugee Camp|77867_70557
OAM-311469-282231-19,fold_0,Malawi,Malawi- Mapping for People Living in Protracted Crisis- Dzaleka Refugee Camp,9,False,9,Malawi- Mapping for People Living in Protracted Crisis- Dzaleka Refugee Camp|77867_70557
OAM-311469-282233-19,fold_0,Malawi,Malawi- Mapping for People Living in Protracted Crisis- Dzaleka Refugee Camp,51,False,51,Malawi- Mapping for People Living in Protracted Crisis- Dzaleka Refugee Camp|77867_70558
OAM-311469-282234-19,fold_0,Malawi,Malawi- Mapping for People Living in Protracted Crisis- Dzaleka Refugee Camp,31,False,31,Malawi- Mapping for People Living in Protracted Crisis- Dzaleka Refugee Camp|77867_70558
OAM-311469-282235-19,fold_0,Malawi,Malawi- Mapping for People Living in Protracted Crisis- Dzaleka Refugee Camp,84,False,84,Malawi- Mapping for People Living in Protracted Crisis- Dzaleka Refugee Camp|77867_70558
OAM-311469-282238-19,fold_4,Malawi,Malawi- Mapping for People Living in Protracted Crisis- Dzaleka Refugee Camp,67,False,67,Malawi- Mapping for People Living in Protracted Crisis- Dzaleka Refugee Camp|77867_70559
OAM-311469-282239-19,fold_4,Malawi,Malawi- Mapping for People Living in Protracted Crisis- Dzaleka Refugee Camp,67,False,67,Malawi- Mapping for People Living in Protracted Crisis- Dzaleka Refugee Camp|77867_70559
OAM-311469-282241-19,fold_6,Malawi,Malawi- Mapping for People Living in Protracted Crisis- Dzaleka Refugee Camp,71,False,71,Malawi- Mapping for People Living in Protracted Crisis- Dzaleka Refugee Camp|77867_70560
OAM-311469-282242-19,fold_6,Malawi,Malawi- Mapping for People Living in Protracted Crisis- Dzaleka Refugee Camp,89,False,89,Malawi- Mapping for People Living in Protracted Crisis- Dzaleka Refugee Camp|77867_70560
OAM-311469-282244-19,fold_1,Malawi,Malawi- Mapping for People Living in Protracted Crisis- Dzaleka Refugee Camp,31,False,31,Malawi- Mapping for People Living in Protracted Crisis- Dzaleka Refugee Camp|77867_70561
OAM-311470-282210-19,fold_2,Malawi,Malawi- Mapping for People Living in Protracted Crisis- Dzaleka Refugee Camp- part 2,6,False,6,Malawi- Mapping for People Living in Protracted Crisis- Dzaleka Refugee Camp- part 2|77867_70552
OAM-311470-282213-19,fold_2,Malawi,Malawi- Mapping for People Living in Protracted Crisis- Dzaleka Refugee Camp- part 2,2,False,2,Malawi- Mapping for People Living in Protracted Crisis- Dzaleka Refugee Camp- part 2|77867_70553
OAM-311470-282219-19,fold_1,Malawi,Malawi- Mapping for People Living in Protracted Crisis- Dzaleka Refugee Camp- part 2,19,False,19,Malawi- Mapping for People Living in Protracted Crisis- Dzaleka Refugee Camp- part 2|77867_70554
OAM-311470-282225-19,fold_4,Malawi,Malawi- Mapping for People Living in Protracted Crisis- Dzaleka Refugee Camp,0,True,0,Malawi- Mapping for People Living in Protracted Crisis- Dzaleka Refugee Camp|77867_70556
OAM-311470-282228-19,fold_0,Malawi,Malawi- Mapping for People Living in Protracted Crisis- Dzaleka Refugee Camp,2,False,2,Malawi- Mapping for People Living in Protracted Crisis- Dzaleka Refugee Camp|77867_70557
OAM-311470-282233-19,fold_0,Malawi,Malawi- Mapping for People Living in Protracted Crisis- Dzaleka Refugee Camp,95,False,95,Malawi- Mapping for People Living in Protracted Crisis- Dzaleka Refugee Camp|77867_70558
OAM-311470-282234-19,fold_0,Malawi,Malawi- Mapping for People Living in Protracted Crisis- Dzaleka Refugee Camp,123,False,123,Malawi- Mapping for People Living in Protracted Crisis- Dzaleka Refugee Camp|77867_70558
OAM-311470-282236-19,fold_4,Malawi,Malawi- Mapping for People Living in Protracted Crisis- Dzaleka Refugee Camp,66,False,66,Malawi- Mapping for People Living in Protracted Crisis- Dzaleka Refugee Camp|77867_70559
OAM-311470-282237-19,fold_4,Malawi,Malawi- Mapping for People Living in Protracted Crisis- Dzaleka Refugee Camp,57,False,57,Malawi- Mapping for People Living in Protracted Crisis- Dzaleka Refugee Camp|77867_70559
OAM-311470-282238-19,fold_4,Malawi,Malawi- Mapping for People Living in Protracted Crisis- Dzaleka Refugee Camp,79,False,79,Malawi- Mapping for People Living in Protracted Crisis- Dzaleka Refugee Camp|77867_70559
OAM-311470-282239-19,fold_4,Malawi,Malawi- Mapping for People Living in Protracted Crisis- Dzaleka Refugee Camp,80,False,80,Malawi- Mapping for People Living in Protracted Crisis- Dzaleka Refugee Camp|77867_70559
OAM-311470-282241-19,fold_6,Malawi,Malawi- Mapping for People Living in Protracted Crisis- Dzaleka Refugee Camp,77,False,77,Malawi- Mapping for People Living in Protracted Crisis- Dzaleka Refugee Camp|77867_70560
OAM-311470-282244-19,fold_1,Malawi,Malawi- Mapping for People Living in Protracted Crisis- Dzaleka Refugee Camp,59,False,59,Malawi- Mapping for People Living in Protracted Crisis- Dzaleka Refugee Camp|77867_70561
OAM-311471-282218-19,fold_1,Malawi,Malawi- Mapping for People Living in Protracted Crisis- Dzaleka Refugee Camp- part 2,5,False,5,Malawi- Mapping for People Living in Protracted Crisis- Dzaleka Refugee Camp- part 2|77867_70554
OAM-311471-282221-19,fold_4,Malawi,Malawi- Mapping for People Living in Protracted Crisis- Dzaleka Refugee Camp,33,False,33,Malawi- Mapping for People Living in Protracted Crisis- Dzaleka Refugee Camp|77867_70555
OAM-311471-282222-19,fold_4,Malawi,Malawi- Mapping for People Living in Protracted Crisis- Dzaleka Refugee Camp,49,False,49,Malawi- Mapping for People Living in Protracted Crisis- Dzaleka Refugee Camp|77867_70555
OAM-311471-282223-19,fold_4,Malawi,Malawi- Mapping for People Living in Protracted Crisis- Dzaleka Refugee Camp,18,False,18,Malawi- Mapping for People Living in Protracted Crisis- Dzaleka Refugee Camp|77867_70555
OAM-311471-282225-19,fold_4,Malawi,Malawi- Mapping for People Living in Protracted Crisis- Dzaleka Refugee Camp,0,True,0,Malawi- Mapping for People Living in Protracted Crisis- Dzaleka Refugee Camp|77867_70556
OAM-311471-282226-19,fold_4,Malawi,Malawi- Mapping for People Living in Protracted Crisis- Dzaleka Refugee Camp,32,False,32,Malawi- Mapping for People Living in Protracted Crisis- Dzaleka Refugee Camp|77867_70556
OAM-311471-282227-19,fold_4,Malawi,Malawi- Mapping for People Living in Protracted Crisis- Dzaleka Refugee Camp,29,False,29,Malawi- Mapping for People Living in Protracted Crisis- Dzaleka Refugee Camp|77867_70556
OAM-311471-282228-19,fold_0,Malawi,Malawi- Mapping for People Living in Protracted Crisis- Dzaleka Refugee Camp,17,False,17,Malawi- Mapping for People Living in Protracted Crisis- Dzaleka Refugee Camp|77867_70557
OAM-311471-282229-19,fold_0,Malawi,Malawi- Mapping for People Living in Protracted Crisis- Dzaleka Refugee Camp,42,False,42,Malawi- Mapping for People Living in Protracted Crisis- Dzaleka Refugee Camp|77867_70557
OAM-311471-282230-19,fold_0,Malawi,Malawi- Mapping for People Living in Protracted Crisis- Dzaleka Refugee Camp,22,False,22,Malawi- Mapping for People Living in Protracted Crisis- Dzaleka Refugee Camp|77867_70557
OAM-311471-282231-19,fold_0,Malawi,Malawi- Mapping for People Living in Protracted Crisis- Dzaleka Refugee Camp,21,False,21,Malawi- Mapping for People Living in Protracted Crisis- Dzaleka Refugee Camp|77867_70557
OAM-311471-282233-19,fold_0,Malawi,Malawi- Mapping for People Living in Protracted Crisis- Dzaleka Refugee Camp,100,False,100,Malawi- Mapping for People Living in Protracted Crisis- Dzaleka Refugee Camp|77867_70558
OAM-311471-282234-19,fold_0,Malawi,Malawi- Mapping for People Living in Protracted Crisis- Dzaleka Refugee Camp,105,False,105,Malawi- Mapping for People Living in Protracted Crisis- Dzaleka Refugee Camp|77867_70558
OAM-311471-282236-19,fold_4,Malawi,Malawi- Mapping for People Living in Protracted Crisis- Dzaleka Refugee Camp,97,False,97,Malawi- Mapping for People Living in Protracted Crisis- Dzaleka Refugee Camp|77867_70559
OAM-311471-282237-19,fold_4,Malawi,Malawi- Mapping for People Living in Protracted Crisis- Dzaleka Refugee Camp,64,False,64,Malawi- Mapping for People Living in Protracted Crisis- Dzaleka Refugee Camp|77867_70559
OAM-311471-282238-19,fold_4,Malawi,Malawi- Mapping for People Living in Protracted Crisis- Dzaleka Refugee Camp,83,False,83,Malawi- Mapping for People Living in Protracted Crisis- Dzaleka Refugee Camp|77867_70559
OAM-311471-282239-19,fold_4,Malawi,Malawi- Mapping for People Living in Protracted Crisis- Dzaleka Refugee Camp,75,False,75,Malawi- Mapping for People Living in Protracted Crisis- Dzaleka Refugee Camp|77867_70559
OAM-311471-282241-19,fold_6,Malawi,Malawi- Mapping for People Living in Protracted Crisis- Dzaleka Refugee Camp,51,False,51,Malawi- Mapping for People Living in Protracted Crisis- Dzaleka Refugee Camp|77867_70560
OAM-311472-282219-19,fold_3,Malawi,Malawi- Mapping for People Living in Protracted Crisis- Dzaleka Refugee Camp- part 2,54,False,54,Malawi- Mapping for People Living in Protracted Crisis- Dzaleka Refugee Camp- part 2|77868_70554
OAM-311472-282221-19,fold_3,Malawi,Malawi- Mapping for People Living in Protracted Crisis- Dzaleka Refugee Camp,61,False,61,Malawi- Mapping for People Living in Protracted Crisis- Dzaleka Refugee Camp|77868_70555
OAM-311472-282222-19,fold_3,Malawi,Malawi- Mapping for People Living in Protracted Crisis- Dzaleka Refugee Camp,70,False,70,Malawi- Mapping for People Living in Protracted Crisis- Dzaleka Refugee Camp|77868_70555
OAM-311472-282223-19,fold_3,Malawi,Malawi- Mapping for People Living in Protracted Crisis- Dzaleka Refugee Camp,53,False,53,Malawi- Mapping for People Living in Protracted Crisis- Dzaleka Refugee Camp|77868_70555
OAM-311472-282227-19,fold_4,Malawi,Malawi- Mapping for People Living in Protracted Crisis- Dzaleka Refugee Camp,105,False,105,Malawi- Mapping for People Living in Protracted Crisis- Dzaleka Refugee Camp|77868_70556
OAM-311472-282232-19,fold_6,Malawi,Malawi- Mapping for People Living in Protracted Crisis- Dzaleka Refugee Camp,71,False,71,Malawi- Mapping for People Living in Protracted Crisis- Dzaleka Refugee Camp|77868_70558
OAM-311472-282233-19,fold_6,Malawi,Malawi- Mapping for People Living in Protracted Crisis- Dzaleka Refugee Camp,105,False,105,Malawi- Mapping for People Living in Protracted Crisis- Dzaleka Refugee Camp|77868_70558
OAM-311472-282234-19,fold_6,Malawi,Malawi- Mapping for People Living in Protracted Crisis- Dzaleka Refugee Camp,112,False,112,Malawi- Mapping for People Living in Protracted Crisis- Dzaleka Refugee Camp|77868_70558
OAM-311472-282235-19,fold_6,Malawi,Malawi- Mapping for People Living in Protracted Crisis- Dzaleka Refugee Camp,88,False,88,Malawi- Mapping for People Living in Protracted Crisis- Dzaleka Refugee Camp|77868_70558
OAM-311472-282238-19,fold_4,Malawi,Malawi- Mapping for People Living in Protracted Crisis- Dzaleka Refugee Camp,80,False,80,Malawi- Mapping for People Living in Protracted Crisis- Dzaleka Refugee Camp|77868_70559
OAM-311472-282239-19,fold_4,Malawi,Malawi- Mapping for People Living in Protracted Crisis- Dzaleka Refugee Camp,73,False,73,Malawi- Mapping for People Living in Protracted Crisis- Dzaleka Refugee Camp|77868_70559
OAM-311472-282240-19,fold_2,Malawi,Malawi- Mapping for People Living in Protracted Crisis- Dzaleka Refugee Camp,51,False,51,Malawi- Mapping for People Living in Protracted Crisis- Dzaleka Refugee Camp|77868_70560
OAM-311473-282218-19,fold_3,Malawi,Malawi- Mapping for People Living in Protracted Crisis- Dzaleka Refugee Camp- part 2,24,False,24,Malawi- Mapping for People Living in Protracted Crisis- Dzaleka Refugee Camp- part 2|77868_70554
OAM-311473-282221-19,fold_3,Malawi,Malawi- Mapping for People Living in Protracted Crisis- Dzaleka Refugee Camp,88,False,88,Malawi- Mapping for People Living in Protracted Crisis- Dzaleka Refugee Camp|77868_70555
OAM-311473-282222-19,fold_3,Malawi,Malawi- Mapping for People Living in Protracted Crisis- Dzaleka Refugee Camp,82,False,82,Malawi- Mapping for People Living in Protracted Crisis- Dzaleka Refugee Camp|77868_70555
OAM-311473-282223-19,fold_3,Malawi,Malawi- Mapping for People Living in Protracted Crisis- Dzaleka Refugee Camp,78,False,78,Malawi- Mapping for People Living in Protracted Crisis- Dzaleka Refugee Camp|77868_70555
OAM-311473-282224-19,fold_4,Malawi,Malawi- Mapping for People Living in Protracted Crisis- Dzaleka Refugee Camp,47,False,47,Malawi- Mapping for People Living in Protracted Crisis- Dzaleka Refugee Camp|77868_70556
OAM-311473-282225-19,fold_4,Malawi,Malawi- Mapping for People Living in Protracted Crisis- Dzaleka Refugee Camp,68,False,68,Malawi- Mapping for People Living in Protracted Crisis- Dzaleka Refugee Camp|77868_70556
OAM-311473-282226-19,fold_4,Malawi,Malawi- Mapping for People Living in Protracted Crisis- Dzaleka Refugee Camp,45,False,45,Malawi- Mapping for People Living in Protracted Crisis- Dzaleka Refugee Camp|77868_70556
OAM-311473-282227-19,fold_4,Malawi,Malawi- Mapping for People Living in Protracted Crisis- Dzaleka Refugee Camp,57,False,57,Malawi- Mapping for People Living in Protracted Crisis- Dzaleka Refugee Camp|77868_70556
OAM-311473-282228-19,fold_2,Malawi,Malawi- Mapping for People Living in Protracted Crisis- Dzaleka Refugee Camp,50,False,50,Malawi- Mapping for People Living in Protracted Crisis- Dzaleka Refugee Camp|77868_70557
OAM-311473-282231-19,fold_2,Malawi,Malawi- Mapping for People Living in Protracted Crisis- Dzaleka Refugee Camp,76,False,76,Malawi- Mapping for People Living in Protracted Crisis- Dzaleka Refugee Camp|77868_70557
OAM-311473-282232-19,fold_6,Malawi,Malawi- Mapping for People Living in Protracted Crisis- Dzaleka Refugee Camp,97,False,97,Malawi- Mapping for People Living in Protracted Crisis- Dzaleka Refugee Camp|77868_70558
OAM-311473-282234-19,fold_6,Malawi,Malawi- Mapping for People Living in Protracted Crisis- Dzaleka Refugee Camp,92,False,92,Malawi- Mapping for People Living in Protracted Crisis- Dzaleka Refugee Camp|77868_70558
OAM-311473-282235-19,fold_6,Malawi,Malawi- Mapping for People Living in Protracted Crisis- Dzaleka Refugee Camp,119,False,119,Malawi- Mapping for People Living in Protracted Crisis- Dzaleka Refugee Camp|77868_70558
OAM-311473-282236-19,fold_4,Malawi,Malawi- Mapping for People Living in Protracted Crisis- Dzaleka Refugee Camp,70,False,70,Malawi- Mapping for People Living in Protracted Crisis- Dzaleka Refugee Camp|77868_70559
OAM-311473-282237-19,fold_4,Malawi,Malawi- Mapping for People Living in Protracted Crisis- Dzaleka Refugee Camp,75,False,75,Malawi- Mapping for People Living in Protracted Crisis- Dzaleka Refugee Camp|77868_70559
OAM-311473-282238-19,fold_4,Malawi,Malawi- Mapping for People Living in Protracted Crisis- Dzaleka Refugee Camp,71,False,71,Malawi- Mapping for People Living in Protracted Crisis- Dzaleka Refugee Camp|77868_70559
OAM-311474-282214-19,fold_6,Malawi,Malawi- Mapping for People Living in Protracted Crisis- Dzaleka Refugee Camp- part 2,12,False,12,Malawi- Mapping for People Living in Protracted Crisis- Dzaleka Refugee Camp- part 2|77868_70553
OAM-311474-282217-19,fold_3,Malawi,Malawi- Mapping for People Living in Protracted Crisis- Dzaleka Refugee Camp- part 2,7,False,7,Malawi- Mapping for People Living in Protracted Crisis- Dzaleka Refugee Camp- part 2|77868_70554
OAM-311474-282218-19,fold_3,Malawi,Malawi- Mapping for People Living in Protracted Crisis- Dzaleka Refugee Camp- part 2,68,False,68,Malawi- Mapping for People Living in Protracted Crisis- Dzaleka Refugee Camp- part 2|77868_70554
OAM-311474-282221-19,fold_3,Malawi,Malawi- Mapping for People Living in Protracted Crisis- Dzaleka Refugee Camp,66,False,66,Malawi- Mapping for People Living in Protracted Crisis- Dzaleka Refugee Camp|77868_70555
OAM-311474-282222-19,fold_3,Malawi,Malawi- Mapping for People Living in Protracted Crisis- Dzaleka Refugee Camp,72,False,72,Malawi- Mapping for People Living in Protracted Crisis- Dzaleka Refugee Camp|77868_70555
OAM-311474-282224-19,fold_4,Malawi,Malawi- Mapping for People Living in Protracted Crisis- Dzaleka Refugee Camp,32,False,32,Malawi- Mapping for People Living in Protracted Crisis- Dzaleka Refugee Camp|77868_70556
OAM-311474-282225-19,fold_4,Malawi,Malawi- Mapping for People Living in Protracted Crisis- Dzaleka Refugee Camp,96,False,96,Malawi- Mapping for People Living in Protracted Crisis- Dzaleka Refugee Camp|77868_70556
OAM-311474-282226-19,fold_4,Malawi,Malawi- Mapping for People Living in Protracted Crisis- Dzaleka Refugee Camp,59,False,59,Malawi- Mapping for People Living in Protracted Crisis- Dzaleka Refugee Camp|77868_70556
OAM-311474-282227-19,fold_4,Malawi,Malawi- Mapping for People Living in Protracted Crisis- Dzaleka Refugee Camp,67,False,67,Malawi- Mapping for People Living in Protracted Crisis- Dzaleka Refugee Camp|77868_70556
OAM-311474-282228-19,fold_2,Malawi,Malawi- Mapping for People Living in Protracted Crisis- Dzaleka Refugee Camp,72,False,72,Malawi- Mapping for People Living in Protracted Crisis- Dzaleka Refugee Camp|77868_70557
OAM-311474-282229-19,fold_2,Malawi,Malawi- Mapping for People Living in Protracted Crisis- Dzaleka Refugee Camp,51,False,51,Malawi- Mapping for People Living in Protracted Crisis- Dzaleka Refugee Camp|77868_70557
OAM-311474-282231-19,fold_2,Malawi,Malawi- Mapping for People Living in Protracted Crisis- Dzaleka Refugee Camp,98,False,98,Malawi- Mapping for People Living in Protracted Crisis- Dzaleka Refugee Camp|77868_70557
OAM-311474-282234-19,fold_6,Malawi,Malawi- Mapping for People Living in Protracted Crisis- Dzaleka Refugee Camp,102,False,102,Malawi- Mapping for People Living in Protracted Crisis- Dzaleka Refugee Camp|77868_70558
OAM-311474-282235-19,fold_6,Malawi,Malawi- Mapping for People Living in Protracted Crisis- Dzaleka Refugee Camp,31,False,31,Malawi- Mapping for People Living in Protracted Crisis- Dzaleka Refugee Camp|77868_70558
OAM-311475-282218-19,fold_3,Malawi,Malawi- Mapping for People Living in Protracted Crisis- Dzaleka Refugee Camp- part 2,83,False,83,Malawi- Mapping for People Living in Protracted Crisis- Dzaleka Refugee Camp- part 2|77868_70554
OAM-311475-282219-19,fold_3,Malawi,Malawi- Mapping for People Living in Protracted Crisis- Dzaleka Refugee Camp- part 2,75,False,75,Malawi- Mapping for People Living in Protracted Crisis- Dzaleka Refugee Camp- part 2|77868_70554
OAM-311475-282221-19,fold_3,Malawi,Malawi- Mapping for People Living in Protracted Crisis- Dzaleka Refugee Camp,76,False,76,Malawi- Mapping for People Living in Protracted Crisis- Dzaleka Refugee Camp|77868_70555
OAM-311475-282223-19,fold_3,Malawi,Malawi- Mapping for People Living in Protracted Crisis- Dzaleka Refugee Camp,83,False,83,Malawi- Mapping for People Living in Protracted Crisis- Dzaleka Refugee Camp|77868_70555
OAM-311475-282224-19,fold_4,Malawi,Malawi- Mapping for People Living in Protracted Crisis- Dzaleka Refugee Camp,65,False,65,Malawi- Mapping for People Living in Protracted Crisis- Dzaleka Refugee Camp|77868_70556
OAM-311475-282228-19,fold_2,Malawi,Malawi- Mapping for People Living in Protracted Crisis- Dzaleka Refugee Camp,72,False,72,Malawi- Mapping for People Living in Protracted Crisis- Dzaleka Refugee Camp|77868_70557
OAM-311475-282229-19,fold_2,Malawi,Malawi- Mapping for People Living in Protracted Crisis- Dzaleka Refugee Camp,46,False,46,Malawi- Mapping for People Living in Protracted Crisis- Dzaleka Refugee Camp|77868_70557
OAM-311475-282230-19,fold_2,Malawi,Malawi- Mapping for People Living in Protracted Crisis- Dzaleka Refugee Camp,108,False,108,Malawi- Mapping for People Living in Protracted Crisis- Dzaleka Refugee Camp|77868_70557
OAM-311475-282231-19,fold_2,Malawi,Malawi- Mapping for People Living in Protracted Crisis- Dzaleka Refugee Camp,96,False,96,Malawi- Mapping for People Living in Protracted Crisis- Dzaleka Refugee Camp|77868_70557
OAM-311475-282232-19,fold_6,Malawi,Malawi- Mapping for People Living in Protracted Crisis- Dzaleka Refugee Camp,108,False,108,Malawi- Mapping for People Living in Protracted Crisis- Dzaleka Refugee Camp|77868_70558
OAM-311475-282233-19,fold_6,Malawi,Malawi- Mapping for People Living in Protracted Crisis- Dzaleka Refugee Camp,67,False,67,Malawi- Mapping for People Living in Protracted Crisis- Dzaleka Refugee Camp|77868_70558
OAM-311475-282234-19,fold_6,Malawi,Malawi- Mapping for People Living in Protracted Crisis- Dzaleka Refugee Camp,91,False,91,Malawi- Mapping for People Living in Protracted Crisis- Dzaleka Refugee Camp|77868_70558
OAM-311476-282217-19,fold_2,Malawi,Malawi- Mapping for People Living in Protracted Crisis- Dzaleka Refugee Camp- part 2,49,False,49,Malawi- Mapping for People Living in Protracted Crisis- Dzaleka Refugee Camp- part 2|77869_70554
OAM-311476-282218-19,fold_2,Malawi,Malawi- Mapping for People Living in Protracted Crisis- Dzaleka Refugee Camp- part 2,59,False,59,Malawi- Mapping for People Living in Protracted Crisis- Dzaleka Refugee Camp- part 2|77869_70554
OAM-311476-282220-19,fold_1,Malawi,Malawi- Mapping for People Living in Protracted Crisis- Dzaleka Refugee Camp,80,False,80,Malawi- Mapping for People Living in Protracted Crisis- Dzaleka Refugee Camp|77869_70555
OAM-311476-282221-19,fold_1,Malawi,Malawi- Mapping for People Living in Protracted Crisis- Dzaleka Refugee Camp,78,False,78,Malawi- Mapping for People Living in Protracted Crisis- Dzaleka Refugee Camp|77869_70555
OAM-311476-282223-19,fold_1,Malawi,Malawi- Mapping for People Living in Protracted Crisis- Dzaleka Refugee Camp,81,False,81,Malawi- Mapping for People Living in Protracted Crisis- Dzaleka Refugee Camp|77869_70555
OAM-311476-282225-19,fold_0,Malawi,Malawi- Mapping for People Living in Protracted Crisis- Dzaleka Refugee Camp,12,False,12,Malawi- Mapping for People Living in Protracted Crisis- Dzaleka Refugee Camp|77869_70556
OAM-311476-282227-19,fold_0,Malawi,Malawi- Mapping for People Living in Protracted Crisis- Dzaleka Refugee Camp,31,False,31,Malawi- Mapping for People Living in Protracted Crisis- Dzaleka Refugee Camp|77869_70556
OAM-311476-282228-19,fold_0,Malawi,Malawi- Mapping for People Living in Protracted Crisis- Dzaleka Refugee Camp,61,False,61,Malawi- Mapping for People Living in Protracted Crisis- Dzaleka Refugee Camp|77869_70557
OAM-311476-282229-19,fold_0,Malawi,Malawi- Mapping for People Living in Protracted Crisis- Dzaleka Refugee Camp,63,False,63,Malawi- Mapping for People Living in Protracted Crisis- Dzaleka Refugee Camp|77869_70557
OAM-311476-282230-19,fold_0,Malawi,Malawi- Mapping for People Living in Protracted Crisis- Dzaleka Refugee Camp,97,False,97,Malawi- Mapping for People Living in Protracted Crisis- Dzaleka Refugee Camp|77869_70557
OAM-311476-282231-19,fold_0,Malawi,Malawi- Mapping for People Living in Protracted Crisis- Dzaleka Refugee Camp,104,False,104,Malawi- Mapping for People Living in Protracted Crisis- Dzaleka Refugee Camp|77869_70557
OAM-311477-282220-19,fold_1,Malawi,Malawi- Mapping for People Living in Protracted Crisis- Dzaleka Refugee Camp,102,False,102,Malawi- Mapping for People Living in Protracted Crisis- Dzaleka Refugee Camp|77869_70555
OAM-311477-282221-19,fold_1,Malawi,Malawi- Mapping for People Living in Protracted Crisis- Dzaleka Refugee Camp,77,False,77,Malawi- Mapping for People Living in Protracted Crisis- Dzaleka Refugee Camp|77869_70555
OAM-311477-282222-19,fold_1,Malawi,Malawi- Mapping for People Living in Protracted Crisis- Dzaleka Refugee Camp,78,False,78,Malawi- Mapping for People Living in Protracted Crisis- Dzaleka Refugee Camp|77869_70555
OAM-311477-282223-19,fold_1,Malawi,Malawi- Mapping for People Living in Protracted Crisis- Dzaleka Refugee Camp,22,False,22,Malawi- Mapping for People Living in Protracted Crisis- Dzaleka Refugee Camp|77869_70555
OAM-311477-282228-19,fold_0,Malawi,Malawi- Mapping for People Living in Protracted Crisis- Dzaleka Refugee Camp,29,False,29,Malawi- Mapping for People Living in Protracted Crisis- Dzaleka Refugee Camp|77869_70557
OAM-311477-282229-19,fold_0,Malawi,Malawi- Mapping for People Living in Protracted Crisis- Dzaleka Refugee Camp,57,False,57,Malawi- Mapping for People Living in Protracted Crisis- Dzaleka Refugee Camp|77869_70557
OAM-311478-282220-19,fold_1,Malawi,Malawi- Mapping for People Living in Protracted Crisis- Dzaleka Refugee Camp,50,False,50,Malawi- Mapping for People Living in Protracted Crisis- Dzaleka Refugee Camp|77869_70555
OAM-311478-282221-19,fold_1,Malawi,Malawi- Mapping for People Living in Protracted Crisis- Dzaleka Refugee Camp,31,False,31,Malawi- Mapping for People Living in Protracted Crisis- Dzaleka Refugee Camp|77869_70555
OAM-312007-260280-19,fold_6,Uganda,Mapping with Drone Imagery -  Busano Bukedea District,4,False,4,Mapping with Drone Imagery -  Busano Bukedea District|78001_65070
OAM-312008-260280-19,fold_4,Uganda,Mapping with Drone Imagery -  Busano Bukedea District,6,False,6,Mapping with Drone Imagery -  Busano Bukedea District|78002_65070
OAM-312009-260278-19,fold_5,Uganda,Mapping with Drone Imagery -  Busano Bukedea District,0,True,0,Mapping with Drone Imagery -  Busano Bukedea District|78002_65069
OAM-312010-260273-19,fold_0,Uganda,Mapping with Drone Imagery -  Busano Bukedea District,3,False,3,Mapping with Drone Imagery -  Busano Bukedea District|78002_65068
OAM-312010-260278-19,fold_5,Uganda,Mapping with Drone Imagery -  Busano Bukedea District,4,False,4,Mapping with Drone Imagery -  Busano Bukedea District|78002_65069
OAM-312011-260277-19,fold_5,Uganda,Mapping with Drone Imagery -  Busano Bukedea District,1,False,1,Mapping with Drone Imagery -  Busano Bukedea District|78002_65069
OAM-312011-260278-19,fold_5,Uganda,Mapping with Drone Imagery -  Busano Bukedea District,1,False,1,Mapping with Drone Imagery -  Busano Bukedea District|78002_65069
OAM-312013-260271-19,fold_5,Uganda,Mapping with Drone Imagery -  Busano Bukedea District,5,False,5,Mapping with Drone Imagery -  Busano Bukedea District|78003_65067
OAM-315985-263962-19,fold_1,Kenya,Nairobi River Njiru2,0,True,0,Nairobi River Njiru2|78996_65990
OAM-315985-263973-19,fold_0,Kenya,Nairobi River Njiru5,5,False,5,Nairobi River Njiru5|78996_65993
OAM-315986-263976-19,fold_3,Kenya,Nairobi River Njiru5,1,False,1,Nairobi River Njiru5|78996_65994
OAM-315987-263960-19,fold_1,Kenya,Nairobi River Njiru2,0,True,0,Nairobi River Njiru2|78996_65990
OAM-315987-263962-19,fold_1,Kenya,Nairobi River Njiru2,0,True,0,Nairobi River Njiru2|78996_65990
OAM-315988-263959-19,fold_2,Kenya,Nairobi River Njiru2,0,True,0,Nairobi River Njiru2|78997_65989
OAM-315988-263974-19,fold_4,Kenya,Nairobi River Njiru5,5,False,5,Nairobi River Njiru5|78997_65993
OAM-315988-263975-19,fold_4,Kenya,Nairobi River Njiru5,7,False,7,Nairobi River Njiru5|78997_65993
OAM-315989-263957-19,fold_2,Kenya,Nairobi River Njiru2,0,True,0,Nairobi River Njiru2|78997_65989
OAM-315989-263971-19,fold_3,Kenya,Nairobi River Njiru5,5,False,5,Nairobi River Njiru5|78997_65992
OAM-315989-263976-19,fold_3,Kenya,Nairobi River Njiru5,2,False,2,Nairobi River Njiru5|78997_65994
OAM-315991-263957-19,fold_2,Kenya,Nairobi River Njiru2,0,True,0,Nairobi River Njiru2|78997_65989
OAM-315991-263958-19,fold_2,Kenya,Nairobi River Njiru2,5,False,5,Nairobi River Njiru2|78997_65989
OAM-315991-263963-19,fold_1,Kenya,Nairobi River Njiru2,0,True,0,Nairobi River Njiru2|78997_65990
OAM-315993-263955-19,fold_1,Kenya,Nairobi River Njiru2,0,True,0,Nairobi River Njiru2|78998_65988
OAM-315994-263962-19,fold_1,Kenya,Nairobi River Njiru2,1,False,1,Nairobi River Njiru2|78998_65990
OAM-315995-263962-19,fold_1,Kenya,Nairobi River Njiru2,6,False,6,Nairobi River Njiru2|78998_65990
OAM-315996-263960-19,fold_6,Kenya,Nairobi River Njiru2,0,True,0,Nairobi River Njiru2|78999_65990
OAM-315998-263955-19,fold_4,Kenya,Nairobi River Njiru2,0,True,0,Nairobi River Njiru2|78999_65988
OAM-316001-263951-19,fold_1,Kenya,Nairobi River Njiru4,0,True,0,Nairobi River Njiru4|79000_65987
OAM-316001-263952-19,fold_4,Kenya,Nairobi River Njiru4,0,True,0,Nairobi River Njiru4|79000_65988
OAM-316001-263957-19,fold_0,Kenya,Nairobi River Njiru4,6,False,6,Nairobi River Njiru4|79000_65989
OAM-316002-263953-19,fold_4,Kenya,Nairobi River Njiru4,0,True,0,Nairobi River Njiru4|79000_65988
OAM-316004-263952-19,fold_3,Kenya,Nairobi River Njiru4,0,True,0,Nairobi River Njiru4|79001_65988
OAM-316005-263953-19,fold_3,Kenya,Nairobi River Njiru4,0,True,0,Nairobi River Njiru4|79001_65988
OAM-316007-263957-19,fold_6,Kenya,Nairobi River Njiru4,5,False,5,Nairobi River Njiru4|79001_65989
OAM-316010-263958-19,fold_2,Kenya,Nairobi River Njiru4,5,False,5,Nairobi River Njiru4|79002_65989
OAM-316015-263957-19,fold_6,Kenya,Nairobi River Njiru3,1,False,1,Nairobi River Njiru3|79003_65989
OAM-316016-263956-19,fold_4,Kenya,Nairobi River Njiru3,0,True,0,Nairobi River Njiru3|79004_65989
OAM-316016-263958-19,fold_4,Kenya,Nairobi River Njiru3,5,False,5,Nairobi River Njiru3|79004_65989
OAM-316016-263960-19,fold_4,Kenya,Nairobi River Njiru3,5,False,5,Nairobi River Njiru3|79004_65990
OAM-316018-263956-19,fold_4,Kenya,Nairobi River Njiru3,0,True,0,Nairobi River Njiru3|79004_65989
OAM-316021-263951-19,fold_4,Kenya,Nairobi River Njiru3,5,False,5,Nairobi River Njiru3|79005_65987
OAM-316024-263950-19,fold_6,Kenya,Nairobi River Njiru3,5,False,5,Nairobi River Njiru3|79006_65987
OAM-316024-263951-19,fold_6,Kenya,Nairobi River Njiru3,8,False,8,Nairobi River Njiru3|79006_65987
OAM-316025-263951-19,fold_6,Kenya,Nairobi River Njiru3,1,False,1,Nairobi River Njiru3|79006_65987
OAM-316027-263951-19,fold_6,Kenya,Nairobi River Njiru3,0,True,0,Nairobi River Njiru3|79006_65987
OAM-320591-265325-19,fold_6,Kenya,"Maziwa village, Tana River",0,True,0,"Maziwa village, Tana River|80147_66331"
OAM-320593-265327-19,fold_6,Kenya,"Maziwa village, Tana River",1,False,1,"Maziwa village, Tana River|80148_66331"
OAM-320593-265463-19,fold_6,Kenya,"Danisa village 2, Tana River",45,False,45,"Danisa village 2, Tana River|80148_66365"
OAM-320593-265468-19,fold_0,Kenya,"Danisa village 2, Tana River",1,False,1,"Danisa village 2, Tana River|80148_66367"
OAM-320594-265322-19,fold_3,Kenya,"Maziwa village, Tana River",0,True,0,"Maziwa village, Tana River|80148_66330"
OAM-320596-265330-19,fold_3,Kenya,"Maziwa village, Tana River",1,False,1,"Maziwa village, Tana River|80149_66332"
OAM-320597-265321-19,fold_1,Kenya,"Maziwa village, Tana River",0,True,0,"Maziwa village, Tana River|80149_66330"
OAM-320597-265322-19,fold_1,Kenya,"Maziwa village, Tana River",15,False,15,"Maziwa village, Tana River|80149_66330"
OAM-320599-265457-19,fold_1,Kenya,"Danisa village, Tana River",6,False,6,"Danisa village, Tana River|80149_66364"
OAM-320600-265466-19,fold_3,Kenya,"Danisa village 2, Tana River",1,False,1,"Danisa village 2, Tana River|80150_66366"
OAM-320601-265457-19,fold_5,Kenya,"Danisa village, Tana River",0,True,0,"Danisa village, Tana River|80150_66364"
OAM-320711-265546-19,fold_6,Kenya,"Galili village, Tana River",21,False,21,"Galili village, Tana River|80177_66386"
OAM-320711-265547-19,fold_6,Kenya,"Galili village, Tana River",47,False,47,"Galili village, Tana River|80177_66386"
OAM-320712-265546-19,fold_5,Kenya,"Galili village, Tana River",17,False,17,"Galili village, Tana River|80178_66386"
OAM-320712-265548-19,fold_4,Kenya,"Galili village, Tana River",21,False,21,"Galili village, Tana River|80178_66387"
OAM-320713-265548-19,fold_4,Kenya,"Galili village, Tana River",6,False,6,"Galili village, Tana River|80178_66387"
OAM-320777-265778-19,fold_3,Kenya,"Handaraku village, Tana River",0,True,0,"Handaraku village, Tana River|80194_66444"
OAM-320778-265775-19,fold_3,Kenya,"Handaraku village, Tana River",13,False,13,"Handaraku village, Tana River|80194_66443"
OAM-320778-265777-19,fold_3,Kenya,"Handaraku village, Tana River",21,False,21,"Handaraku village, Tana River|80194_66444"
OAM-320779-265775-19,fold_3,Kenya,"Handaraku village, Tana River",12,False,12,"Handaraku village, Tana River|80194_66443"
OAM-320779-265779-19,fold_3,Kenya,"Handaraku village, Tana River",45,False,45,"Handaraku village, Tana River|80194_66444"
OAM-320780-265773-19,fold_1,Kenya,"Handaraku village, Tana River",0,True,0,"Handaraku village, Tana River|80195_66443"
OAM-320780-265783-19,fold_3,Kenya,"Handaraku village, Tana River",6,False,6,"Handaraku village, Tana River|80195_66445"
OAM-320781-265778-19,fold_6,Kenya,"Handaraku village, Tana River",0,True,0,"Handaraku village, Tana River|80195_66444"
OAM-320784-265776-19,fold_5,Kenya,"Handaraku village, Tana River",2,False,2,"Handaraku village, Tana River|80196_66444"
OAM-331226-214626-19,fold_5,Iraq,Ash Sharish,1,False,1,Ash Sharish|82806_53656
OAM-331226-214628-19,fold_3,Iraq,Ash Sharish,14,False,14,Ash Sharish|82806_53657
OAM-331227-214627-19,fold_5,Iraq,Ash Sharish,11,False,11,Ash Sharish|82806_53656
OAM-331228-214622-19,fold_5,Iraq,Ash Sharish,2,False,2,Ash Sharish|82807_53655
OAM-331228-214628-19,fold_0,Iraq,Ash Sharish,19,False,19,Ash Sharish|82807_53657
OAM-331229-214621-19,fold_5,Iraq,Ash Sharish,1,False,1,Ash Sharish|82807_53655
OAM-331229-214623-19,fold_5,Iraq,Ash Sharish,1,False,1,Ash Sharish|82807_53655
OAM-331230-214622-19,fold_5,Iraq,Ash Sharish,5,False,5,Ash Sharish|82807_53655
OAM-331230-214623-19,fold_5,Iraq,Ash Sharish,3,False,3,Ash Sharish|82807_53655
OAM-331230-214624-19,fold_2,Iraq,Ash Sharish,0,True,0,Ash Sharish|82807_53656
OAM-331230-214625-19,fold_2,Iraq,Ash Sharish,0,True,0,Ash Sharish|82807_53656
OAM-331231-214623-19,fold_5,Iraq,Ash Sharish,1,False,1,Ash Sharish|82807_53655
OAM-331231-214628-19,fold_0,Iraq,Ash Sharish,16,False,16,Ash Sharish|82807_53657
OAM-331232-214622-19,fold_1,Iraq,Ash Sharish,1,False,1,Ash Sharish|82808_53655
OAM-331233-214623-19,fold_1,Iraq,Ash Sharish,8,False,8,Ash Sharish|82808_53655
OAM-331233-214625-19,fold_4,Iraq,Ash Sharish,0,True,0,Ash Sharish|82808_53656
OAM-331233-214627-19,fold_4,Iraq,Ash Sharish,5,False,5,Ash Sharish|82808_53656
OAM-331233-214629-19,fold_3,Iraq,Ash Sharish,17,False,17,Ash Sharish|82808_53657
OAM-331234-214627-19,fold_4,Iraq,Ash Sharish,5,False,5,Ash Sharish|82808_53656
OAM-331236-214625-19,fold_0,Iraq,Ash Sharish,1,False,1,Ash Sharish|82809_53656
OAM-331237-214624-19,fold_0,Iraq,Ash Sharish,0,True,0,Ash Sharish|82809_53656
OAM-331237-214626-19,fold_0,Iraq,Ash Sharish,1,False,1,Ash Sharish|82809_53656
OAM-331238-214628-19,fold_0,Iraq,Ash Sharish,8,False,8,Ash Sharish|82809_53657
OAM-331239-214629-19,fold_0,Iraq,Ash Sharish,9,False,9,Ash Sharish|82809_53657
OAM-331240-214622-19,fold_2,Iraq,Ash Sharish,8,False,8,Ash Sharish|82810_53655
OAM-331240-214623-19,fold_2,Iraq,Ash Sharish,1,False,1,Ash Sharish|82810_53655
OAM-331241-214623-19,fold_2,Iraq,Ash Sharish,4,False,4,Ash Sharish|82810_53655
OAM-331241-214625-19,fold_2,Iraq,Ash Sharish,3,False,3,Ash Sharish|82810_53656
OAM-331241-214626-19,fold_2,Iraq,Ash Sharish,5,False,5,Ash Sharish|82810_53656
OAM-331241-214628-19,fold_4,Iraq,Ash Sharish,0,True,0,Ash Sharish|82810_53657
OAM-331242-214625-19,fold_2,Iraq,Ash Sharish,0,True,0,Ash Sharish|82810_53656
OAM-331242-214630-19,fold_4,Iraq,Ash Sharish,7,False,7,Ash Sharish|82810_53657
OAM-331245-214623-19,fold_6,Iraq,Ash Sharish,0,True,0,Ash Sharish|82811_53655
OAM-331245-214625-19,fold_2,Iraq,Ash Sharish,3,False,3,Ash Sharish|82811_53656
OAM-364183-201950-19,fold_4,Tajikistan,Missing Maps - vulnerable villages of Tajikistan - Nomandiyon and Chasmai Nav,6,False,6,Missing Maps - vulnerable villages of Tajikistan - Nomandiyon and Chasmai Nav|91045_50487
OAM-364183-201951-19,fold_4,Tajikistan,Missing Maps - vulnerable villages of Tajikistan - Nomandiyon and Chasmai Nav,7,False,7,Missing Maps - vulnerable villages of Tajikistan - Nomandiyon and Chasmai Nav|91045_50487
OAM-364183-201954-19,fold_4,Tajikistan,Missing Maps - vulnerable villages of Tajikistan - Nomandiyon and Chasmai Nav,5,False,5,Missing Maps - vulnerable villages of Tajikistan - Nomandiyon and Chasmai Nav|91045_50488
OAM-364183-201956-19,fold_0,Tajikistan,Missing Maps - vulnerable villages of Tajikistan - Nomandiyon and Chasmai Nav,1,False,1,Missing Maps - vulnerable villages of Tajikistan - Nomandiyon and Chasmai Nav|91045_50489
OAM-364184-201946-19,fold_0,Tajikistan,Missing Maps - vulnerable villages of Tajikistan - Nomandiyon and Chasmai Nav,7,False,7,Missing Maps - vulnerable villages of Tajikistan - Nomandiyon and Chasmai Nav|91046_50486
OAM-364185-201951-19,fold_6,Tajikistan,Missing Maps - vulnerable villages of Tajikistan - Nomandiyon and Chasmai Nav,1,False,1,Missing Maps - vulnerable villages of Tajikistan - Nomandiyon and Chasmai Nav|91046_50487
OAM-364187-201943-19,fold_0,Tajikistan,Missing Maps - vulnerable villages of Tajikistan - Nomandiyon and Chasmai Nav,2,False,2,Missing Maps - vulnerable villages of Tajikistan - Nomandiyon and Chasmai Nav|91046_50485
OAM-364189-201956-19,fold_2,Tajikistan,Missing Maps - vulnerable villages of Tajikistan - Nomandiyon and Chasmai Nav,0,True,0,Missing Maps - vulnerable villages of Tajikistan - Nomandiyon and Chasmai Nav|91047_50489
OAM-364191-201954-19,fold_0,Tajikistan,Missing Maps - vulnerable villages of Tajikistan - Nomandiyon and Chasmai Nav,0,True,0,Missing Maps - vulnerable villages of Tajikistan - Nomandiyon and Chasmai Nav|91047_50488
OAM-364192-201948-19,fold_0,Tajikistan,Missing Maps - vulnerable villages of Tajikistan - Nomandiyon and Chasmai Nav,6,False,6,Missing Maps - vulnerable villages of Tajikistan - Nomandiyon and Chasmai Nav|91048_50487
OAM-364193-201952-19,fold_3,Tajikistan,Missing Maps - vulnerable villages of Tajikistan - Nomandiyon and Chasmai Nav,1,False,1,Missing Maps - vulnerable villages of Tajikistan - Nomandiyon and Chasmai Nav|91048_50488
OAM-364195-201945-19,fold_1,Tajikistan,Missing Maps - vulnerable villages of Tajikistan - Nomandiyon and Chasmai Nav,2,False,2,Missing Maps - vulnerable villages of Tajikistan - Nomandiyon and Chasmai Nav|91048_50486
OAM-364196-201954-19,fold_4,Tajikistan,Missing Maps - vulnerable villages of Tajikistan - Nomandiyon and Chasmai Nav,0,True,0,Missing Maps - vulnerable villages of Tajikistan - Nomandiyon and Chasmai Nav|91049_50488
OAM-364197-201945-19,fold_3,Tajikistan,Missing Maps - vulnerable villages of Tajikistan - Nomandiyon and Chasmai Nav,0,True,0,Missing Maps - vulnerable villages of Tajikistan - Nomandiyon and Chasmai Nav|91049_50486
OAM-364199-201946-19,fold_3,Tajikistan,Missing Maps - vulnerable villages of Tajikistan - Nomandiyon and Chasmai Nav,0,True,0,Missing Maps - vulnerable villages of Tajikistan - Nomandiyon and Chasmai Nav|91049_50486
OAM-364200-201949-19,fold_1,Tajikistan,Missing Maps - vulnerable villages of Tajikistan - Nomandiyon and Chasmai Nav,1,False,1,Missing Maps - vulnerable villages of Tajikistan - Nomandiyon and Chasmai Nav|91050_50487
OAM-364200-201951-19,fold_1,Tajikistan,Missing Maps - vulnerable villages of Tajikistan - Nomandiyon and Chasmai Nav,1,False,1,Missing Maps - vulnerable villages of Tajikistan - Nomandiyon and Chasmai Nav|91050_50487
OAM-364201-201947-19,fold_1,Tajikistan,Missing Maps - vulnerable villages of Tajikistan - Nomandiyon and Chasmai Nav,1,False,1,Missing Maps - vulnerable villages of Tajikistan - Nomandiyon and Chasmai Nav|91050_50486
OAM-364202-201945-19,fold_1,Tajikistan,Missing Maps - vulnerable villages of Tajikistan - Nomandiyon and Chasmai Nav,0,True,0,Missing Maps - vulnerable villages of Tajikistan - Nomandiyon and Chasmai Nav|91050_50486
OAM-364203-201948-19,fold_1,Tajikistan,Missing Maps - vulnerable villages of Tajikistan - Nomandiyon and Chasmai Nav,6,False,6,Missing Maps - vulnerable villages of Tajikistan - Nomandiyon and Chasmai Nav|91050_50487
OAM-364203-201952-19,fold_5,Tajikistan,Missing Maps - vulnerable villages of Tajikistan - Nomandiyon and Chasmai Nav,1,False,1,Missing Maps - vulnerable villages of Tajikistan - Nomandiyon and Chasmai Nav|91050_50488
OAM-364204-201946-19,fold_2,Tajikistan,Missing Maps - vulnerable villages of Tajikistan - Nomandiyon and Chasmai Nav,0,True,0,Missing Maps - vulnerable villages of Tajikistan - Nomandiyon and Chasmai Nav|91051_50486
OAM-364204-201953-19,fold_5,Tajikistan,Missing Maps - vulnerable villages of Tajikistan - Nomandiyon and Chasmai Nav,4,False,4,Missing Maps - vulnerable villages of Tajikistan - Nomandiyon and Chasmai Nav|91051_50488
OAM-364205-201953-19,fold_5,Tajikistan,Missing Maps - vulnerable villages of Tajikistan - Nomandiyon and Chasmai Nav,4,False,4,Missing Maps - vulnerable villages of Tajikistan - Nomandiyon and Chasmai Nav|91051_50488
OAM-364207-201951-19,fold_2,Tajikistan,Missing Maps - vulnerable villages of Tajikistan - Nomandiyon and Chasmai Nav,1,False,1,Missing Maps - vulnerable villages of Tajikistan - Nomandiyon and Chasmai Nav|91051_50487
OAM-364208-201951-19,fold_6,Tajikistan,Missing Maps - vulnerable villages of Tajikistan - Nomandiyon and Chasmai Nav,1,False,1,Missing Maps - vulnerable villages of Tajikistan - Nomandiyon and Chasmai Nav|91052_50487
OAM-364210-201946-19,fold_0,Tajikistan,Missing Maps - vulnerable villages of Tajikistan - Nomandiyon and Chasmai Nav,2,False,2,Missing Maps - vulnerable villages of Tajikistan - Nomandiyon and Chasmai Nav|91052_50486
OAM-364210-201948-19,fold_6,Tajikistan,Missing Maps - vulnerable villages of Tajikistan - Nomandiyon and Chasmai Nav,1,False,1,Missing Maps - vulnerable villages of Tajikistan - Nomandiyon and Chasmai Nav|91052_50487
OAM-364213-201952-19,fold_5,Tajikistan,Missing Maps - vulnerable villages of Tajikistan - Nomandiyon and Chasmai Nav,0,True,0,Missing Maps - vulnerable villages of Tajikistan - Nomandiyon and Chasmai Nav|91053_50488
OAM-364214-201951-19,fold_1,Tajikistan,Missing Maps - vulnerable villages of Tajikistan - Nomandiyon and Chasmai Nav,0,True,0,Missing Maps - vulnerable villages of Tajikistan - Nomandiyon and Chasmai Nav|91053_50487
OAM-364216-201950-19,fold_4,Tajikistan,Missing Maps - vulnerable villages of Tajikistan - Nomandiyon and Chasmai Nav,1,False,1,Missing Maps - vulnerable villages of Tajikistan - Nomandiyon and Chasmai Nav|91054_50487
OAM-401861-229373-19,fold_6,Myanmar,Myanmar Earthquake 2025 - Sagaing Town Building Footprints,0,True,0,Myanmar Earthquake 2025 - Sagaing Town Building Footprints|100465_57343
OAM-401861-229374-19,fold_6,Myanmar,Myanmar Earthquake 2025 - Sagaing Town Building Footprints,0,True,0,Myanmar Earthquake 2025 - Sagaing Town Building Footprints|100465_57343
OAM-401861-229376-19,fold_3,Myanmar,Myanmar Earthquake 2025 - Sagaing Town Building Footprints,0,True,0,Myanmar Earthquake 2025 - Sagaing Town Building Footprints|100465_57344
OAM-401861-229383-19,fold_4,Myanmar,Myanmar Earthquake 2025 - Sagaing Town Building Footprints,3,False,3,Myanmar Earthquake 2025 - Sagaing Town Building Footprints|100465_57345
OAM-401861-229408-19,fold_1,Myanmar,Myanmar Earthquake 2025 - Sagaing Town Building Footprints,0,True,0,Myanmar Earthquake 2025 - Sagaing Town Building Footprints|100465_57352
OAM-401861-229421-19,fold_5,Myanmar,Myanmar Earthquake 2025 - Sagaing Town Building Footprints,0,True,0,Myanmar Earthquake 2025 - Sagaing Town Building Footprints|100465_57355
OAM-401861-229429-19,fold_4,Myanmar,Myanmar Earthquake 2025 - Sagaing Town Building Footprints,0,True,0,Myanmar Earthquake 2025 - Sagaing Town Building Footprints|100465_57357
OAM-401861-229430-19,fold_4,Myanmar,Myanmar Earthquake 2025 - Sagaing Town Building Footprints,0,True,0,Myanmar Earthquake 2025 - Sagaing Town Building Footprints|100465_57357
OAM-401861-229435-19,fold_0,Myanmar,Myanmar Earthquake 2025 - Sagaing Town Building Footprints,0,True,0,Myanmar Earthquake 2025 - Sagaing Town Building Footprints|100465_57358
OAM-401861-229444-19,fold_1,Myanmar,Myanmar Earthquake 2025 - Sagaing Town Building Footprints,0,True,0,Myanmar Earthquake 2025 - Sagaing Town Building Footprints|100465_57361
OAM-401861-229451-19,fold_4,Myanmar,Myanmar Earthquake 2025 - Sagaing Town Building Footprints,0,True,0,Myanmar Earthquake 2025 - Sagaing Town Building Footprints|100465_57362
OAM-401861-229453-19,fold_6,Myanmar,Myanmar Earthquake 2025 - Sagaing Town Building Footprints,0,True,0,Myanmar Earthquake 2025 - Sagaing Town Building Footprints|100465_57363
OAM-401861-229455-19,fold_6,Myanmar,Myanmar Earthquake 2025 - Sagaing Town Building Footprints,0,True,0,Myanmar Earthquake 2025 - Sagaing Town Building Footprints|100465_57363
OAM-401861-229456-19,fold_5,Myanmar,Myanmar Earthquake 2025 - Sagaing Town Building Footprints,0,True,0,Myanmar Earthquake 2025 - Sagaing Town Building Footprints|100465_57364
OAM-401861-229457-19,fold_5,Myanmar,Myanmar Earthquake 2025 - Sagaing Town Building Footprints,0,True,0,Myanmar Earthquake 2025 - Sagaing Town Building Footprints|100465_57364
OAM-401861-229459-19,fold_5,Myanmar,Myanmar Earthquake 2025 - Sagaing Town Building Footprints,0,True,0,Myanmar Earthquake 2025 - Sagaing Town Building Footprints|100465_57364
OAM-401861-229477-19,fold_4,Myanmar,Myanmar Earthquake 2025 - Sagaing Town Building Footprints,0,True,0,Myanmar Earthquake 2025 - Sagaing Town Building Footprints|100465_57369
OAM-401861-229479-19,fold_4,Myanmar,Myanmar Earthquake 2025 - Sagaing Town Building Footprints,0,True,0,Myanmar Earthquake 2025 - Sagaing Town Building Footprints|100465_57369
OAM-401862-229373-19,fold_6,Myanmar,Myanmar Earthquake 2025 - Sagaing Town Building Footprints,0,True,0,Myanmar Earthquake 2025 - Sagaing Town Building Footprints|100465_57343
OAM-401862-229377-19,fold_3,Myanmar,Myanmar Earthquake 2025 - Sagaing Town Building Footprints,0,True,0,Myanmar Earthquake 2025 - Sagaing Town Building Footprints|100465_57344
OAM-401862-229380-19,fold_4,Myanmar,Myanmar Earthquake 2025 - Sagaing Town Building Footprints,0,True,0,Myanmar Earthquake 2025 - Sagaing Town Building Footprints|100465_57345
OAM-401862-229383-19,fold_4,Myanmar,Myanmar Earthquake 2025 - Sagaing Town Building Footprints,3,False,3,Myanmar Earthquake 2025 - Sagaing Town Building Footprints|100465_57345
OAM-401862-229384-19,fold_2,Myanmar,Myanmar Earthquake 2025 - Sagaing Town Building Footprints,2,False,2,Myanmar Earthquake 2025 - Sagaing Town Building Footprints|100465_57346
OAM-401862-229412-19,fold_5,Myanmar,Myanmar Earthquake 2025 - Sagaing Town Building Footprints,0,True,0,Myanmar Earthquake 2025 - Sagaing Town Building Footprints|100465_57353
OAM-401862-229422-19,fold_5,Myanmar,Myanmar Earthquake 2025 - Sagaing Town Building Footprints,0,True,0,Myanmar Earthquake 2025 - Sagaing Town Building Footprints|100465_57355
OAM-401862-229440-19,fold_5,Myanmar,Myanmar Earthquake 2025 - Sagaing Town Building Footprints,0,True,0,Myanmar Earthquake 2025 - Sagaing Town Building Footprints|100465_57360
OAM-401862-229444-19,fold_1,Myanmar,Myanmar Earthquake 2025 - Sagaing Town Building Footprints,0,True,0,Myanmar Earthquake 2025 - Sagaing Town Building Footprints|100465_57361
OAM-401862-229451-19,fold_4,Myanmar,Myanmar Earthquake 2025 - Sagaing Town Building Footprints,0,True,0,Myanmar Earthquake 2025 - Sagaing Town Building Footprints|100465_57362
OAM-401862-229456-19,fold_5,Myanmar,Myanmar Earthquake 2025 - Sagaing Town Building Footprints,0,True,0,Myanmar Earthquake 2025 - Sagaing Town Building Footprints|100465_57364
OAM-401862-229457-19,fold_5,Myanmar,Myanmar Earthquake 2025 - Sagaing Town Building Footprints,0,True,0,Myanmar Earthquake 2025 - Sagaing Town Building Footprints|100465_57364
OAM-401862-229458-19,fold_5,Myanmar,Myanmar Earthquake 2025 - Sagaing Town Building Footprints,0,True,0,Myanmar Earthquake 2025 - Sagaing Town Building Footprints|100465_57364
OAM-401862-229459-19,fold_5,Myanmar,Myanmar Earthquake 2025 - Sagaing Town Building Footprints,0,True,0,Myanmar Earthquake 2025 - Sagaing Town Building Footprints|100465_57364
OAM-401862-229480-19,fold_4,Myanmar,Myanmar Earthquake 2025 - Sagaing Town Building Footprints,0,True,0,Myanmar Earthquake 2025 - Sagaing Town Building Footprints|100465_57370
OAM-401862-229481-19,fold_4,Myanmar,Myanmar Earthquake 2025 - Sagaing Town Building Footprints,1,False,1,Myanmar Earthquake 2025 - Sagaing Town Building Footprints|100465_57370
OAM-401863-229376-19,fold_3,Myanmar,Myanmar Earthquake 2025 - Sagaing Town Building Footprints,0,True,0,Myanmar Earthquake 2025 - Sagaing Town Building Footprints|100465_57344
OAM-401863-229392-19,fold_1,Myanmar,Myanmar Earthquake 2025 - Sagaing Town Building Footprints,3,False,3,Myanmar Earthquake 2025 - Sagaing Town Building Footprints|100465_57348
OAM-401863-229400-19,fold_6,Myanmar,Myanmar Earthquake 2025 - Sagaing Town Building Footprints,0,True,0,Myanmar Earthquake 2025 - Sagaing Town Building Footprints|100465_57350
OAM-401863-229414-19,fold_5,Myanmar,Myanmar Earthquake 2025 - Sagaing Town Building Footprints,0,True,0,Myanmar Earthquake 2025 - Sagaing Town Building Footprints|100465_57353
OAM-401863-229422-19,fold_5,Myanmar,Myanmar Earthquake 2025 - Sagaing Town Building Footprints,0,True,0,Myanmar Earthquake 2025 - Sagaing Town Building Footprints|100465_57355
OAM-401863-229429-19,fold_4,Myanmar,Myanmar Earthquake 2025 - Sagaing Town Building Footprints,0,True,0,Myanmar Earthquake 2025 - Sagaing Town Building Footprints|100465_57357
OAM-401863-229433-19,fold_0,Myanmar,Myanmar Earthquake 2025 - Sagaing Town Building Footprints,0,True,0,Myanmar Earthquake 2025 - Sagaing Town Building Footprints|100465_57358
OAM-401863-229434-19,fold_0,Myanmar,Myanmar Earthquake 2025 - Sagaing Town Building Footprints,0,True,0,Myanmar Earthquake 2025 - Sagaing Town Building Footprints|100465_57358
OAM-401863-229436-19,fold_3,Myanmar,Myanmar Earthquake 2025 - Sagaing Town Building Footprints,0,True,0,Myanmar Earthquake 2025 - Sagaing Town Building Footprints|100465_57359
OAM-401863-229437-19,fold_3,Myanmar,Myanmar Earthquake 2025 - Sagaing Town Building Footprints,0,True,0,Myanmar Earthquake 2025 - Sagaing Town Building Footprints|100465_57359
OAM-401863-229441-19,fold_5,Myanmar,Myanmar Earthquake 2025 - Sagaing Town Building Footprints,0,True,0,Myanmar Earthquake 2025 - Sagaing Town Building Footprints|100465_57360
OAM-401863-229455-19,fold_6,Myanmar,Myanmar Earthquake 2025 - Sagaing Town Building Footprints,0,True,0,Myanmar Earthquake 2025 - Sagaing Town Building Footprints|100465_57363
OAM-401863-229459-19,fold_5,Myanmar,Myanmar Earthquake 2025 - Sagaing Town Building Footprints,0,True,0,Myanmar Earthquake 2025 - Sagaing Town Building Footprints|100465_57364
OAM-401863-229463-19,fold_4,Myanmar,Myanmar Earthquake 2025 - Sagaing Town Building Footprints,0,True,0,Myanmar Earthquake 2025 - Sagaing Town Building Footprints|100465_57365
OAM-401863-229479-19,fold_4,Myanmar,Myanmar Earthquake 2025 - Sagaing Town Building Footprints,0,True,0,Myanmar Earthquake 2025 - Sagaing Town Building Footprints|100465_57369
OAM-401864-229376-19,fold_0,Myanmar,Myanmar Earthquake 2025 - Sagaing Town Building Footprints,0,True,0,Myanmar Earthquake 2025 - Sagaing Town Building Footprints|100466_57344
OAM-401864-229380-19,fold_5,Myanmar,Myanmar Earthquake 2025 - Sagaing Town Building Footprints,0,True,0,Myanmar Earthquake 2025 - Sagaing Town Building Footprints|100466_57345
OAM-401864-229382-19,fold_5,Myanmar,Myanmar Earthquake 2025 - Sagaing Town Building Footprints,0,True,0,Myanmar Earthquake 2025 - Sagaing Town Building Footprints|100466_57345
OAM-401864-229388-19,fold_4,Myanmar,Myanmar Earthquake 2025 - Sagaing Town Building Footprints,1,False,1,Myanmar Earthquake 2025 - Sagaing Town Building Footprints|100466_57347
OAM-401864-229389-19,fold_4,Myanmar,Myanmar Earthquake 2025 - Sagaing Town Building Footprints,0,True,0,Myanmar Earthquake 2025 - Sagaing Town Building Footprints|100466_57347
OAM-401864-229392-19,fold_5,Myanmar,Myanmar Earthquake 2025 - Sagaing Town Building Footprints,8,False,8,Myanmar Earthquake 2025 - Sagaing Town Building Footprints|100466_57348
OAM-401864-229401-19,fold_3,Myanmar,Myanmar Earthquake 2025 - Sagaing Town Building Footprints,0,True,0,Myanmar Earthquake 2025 - Sagaing Town Building Footprints|100466_57350
OAM-401864-229408-19,fold_1,Myanmar,Myanmar Earthquake 2025 - Sagaing Town Building Footprints,0,True,0,Myanmar Earthquake 2025 - Sagaing Town Building Footprints|100466_57352
OAM-401864-229416-19,fold_6,Myanmar,Myanmar Earthquake 2025 - Sagaing Town Building Footprints,0,True,0,Myanmar Earthquake 2025 - Sagaing Town Building Footprints|100466_57354
OAM-401864-229422-19,fold_2,Myanmar,Myanmar Earthquake 2025 - Sagaing Town Building Footprints,0,True,0,Myanmar Earthquake 2025 - Sagaing Town Building Footprints|100466_57355
OAM-401864-229429-19,fold_3,Myanmar,Myanmar Earthquake 2025 - Sagaing Town Building Footprints,0,True,0,Myanmar Earthquake 2025 - Sagaing Town Building Footprints|100466_57357
OAM-401864-229432-19,fold_0,Myanmar,Myanmar Earthquake 2025 - Sagaing Town Building Footprints,0,True,0,Myanmar Earthquake 2025 - Sagaing Town Building Footprints|100466_57358
OAM-401864-229440-19,fold_5,Myanmar,Myanmar Earthquake 2025 - Sagaing Town Building Footprints,0,True,0,Myanmar Earthquake 2025 - Sagaing Town Building Footprints|100466_57360
OAM-401864-229448-19,fold_1,Myanmar,Myanmar Earthquake 2025 - Sagaing Town Building Footprints,0,True,0,Myanmar Earthquake 2025 - Sagaing Town Building Footprints|100466_57362
OAM-401864-229450-19,fold_1,Myanmar,Myanmar Earthquake 2025 - Sagaing Town Building Footprints,1,False,1,Myanmar Earthquake 2025 - Sagaing Town Building Footprints|100466_57362
OAM-401864-229454-19,fold_0,Myanmar,Myanmar Earthquake 2025 - Sagaing Town Building Footprints,2,False,2,Myanmar Earthquake 2025 - Sagaing Town Building Footprints|100466_57363
OAM-401864-229455-19,fold_0,Myanmar,Myanmar Earthquake 2025 - Sagaing Town Building Footprints,0,True,0,Myanmar Earthquake 2025 - Sagaing Town Building Footprints|100466_57363
OAM-401864-229456-19,fold_4,Myanmar,Myanmar Earthquake 2025 - Sagaing Town Building Footprints,0,True,0,Myanmar Earthquake 2025 - Sagaing Town Building Footprints|100466_57364
OAM-401864-229460-19,fold_2,Myanmar,Myanmar Earthquake 2025 - Sagaing Town Building Footprints,0,True,0,Myanmar Earthquake 2025 - Sagaing Town Building Footprints|100466_57365
OAM-401864-229464-19,fold_0,Myanmar,Myanmar Earthquake 2025 - Sagaing Town Building Footprints,0,True,0,Myanmar Earthquake 2025 - Sagaing Town Building Footprints|100466_57366
OAM-401864-229467-19,fold_0,Myanmar,Myanmar Earthquake 2025 - Sagaing Town Building Footprints,1,False,1,Myanmar Earthquake 2025 - Sagaing Town Building Footprints|100466_57366
OAM-401864-229468-19,fold_1,Myanmar,Myanmar Earthquake 2025 - Sagaing Town Building Footprints,3,False,3,Myanmar Earthquake 2025 - Sagaing Town Building Footprints|100466_57367
OAM-401864-229469-19,fold_1,Myanmar,Myanmar Earthquake 2025 - Sagaing Town Building Footprints,0,True,0,Myanmar Earthquake 2025 - Sagaing Town Building Footprints|100466_57367
OAM-401865-229380-19,fold_5,Myanmar,Myanmar Earthquake 2025 - Sagaing Town Building Footprints,0,True,0,Myanmar Earthquake 2025 - Sagaing Town Building Footprints|100466_57345
OAM-401865-229383-19,fold_5,Myanmar,Myanmar Earthquake 2025 - Sagaing Town Building Footprints,3,False,3,Myanmar Earthquake 2025 - Sagaing Town Building Footprints|100466_57345
OAM-401865-229388-19,fold_4,Myanmar,Myanmar Earthquake 2025 - Sagaing Town Building Footprints,0,True,0,Myanmar Earthquake 2025 - Sagaing Town Building Footprints|100466_57347
OAM-401865-229398-19,fold_6,Myanmar,Myanmar Earthquake 2025 - Sagaing Town Building Footprints,3,False,3,Myanmar Earthquake 2025 - Sagaing Town Building Footprints|100466_57349
OAM-401865-229404-19,fold_3,Myanmar,Myanmar Earthquake 2025 - Sagaing Town Building Footprints,0,True,0,Myanmar Earthquake 2025 - Sagaing Town Building Footprints|100466_57351
OAM-401865-229416-19,fold_6,Myanmar,Myanmar Earthquake 2025 - Sagaing Town Building Footprints,0,True,0,Myanmar Earthquake 2025 - Sagaing Town Building Footprints|100466_57354
OAM-401865-229418-19,fold_6,Myanmar,Myanmar Earthquake 2025 - Sagaing Town Building Footprints,0,True,0,Myanmar Earthquake 2025 - Sagaing Town Building Footprints|100466_57354
OAM-401865-229420-19,fold_2,Myanmar,Myanmar Earthquake 2025 - Sagaing Town Building Footprints,1,False,1,Myanmar Earthquake 2025 - Sagaing Town Building Footprints|100466_57355
OAM-401865-229422-19,fold_2,Myanmar,Myanmar Earthquake 2025 - Sagaing Town Building Footprints,0,True,0,Myanmar Earthquake 2025 - Sagaing Town Building Footprints|100466_57355
OAM-401865-229433-19,fold_0,Myanmar,Myanmar Earthquake 2025 - Sagaing Town Building Footprints,0,True,0,Myanmar Earthquake 2025 - Sagaing Town Building Footprints|100466_57358
OAM-401865-229436-19,fold_2,Myanmar,Myanmar Earthquake 2025 - Sagaing Town Building Footprints,0,True,0,Myanmar Earthquake 2025 - Sagaing Town Building Footprints|100466_57359
OAM-401865-229448-19,fold_1,Myanmar,Myanmar Earthquake 2025 - Sagaing Town Building Footprints,1,False,1,Myanmar Earthquake 2025 - Sagaing Town Building Footprints|100466_57362
OAM-401865-229451-19,fold_1,Myanmar,Myanmar Earthquake 2025 - Sagaing Town Building Footprints,0,True,0,Myanmar Earthquake 2025 - Sagaing Town Building Footprints|100466_57362
OAM-401865-229455-19,fold_0,Myanmar,Myanmar Earthquake 2025 - Sagaing Town Building Footprints,0,True,0,Myanmar Earthquake 2025 - Sagaing Town Building Footprints|100466_57363
OAM-401865-229462-19,fold_2,Myanmar,Myanmar Earthquake 2025 - Sagaing Town Building Footprints,0,True,0,Myanmar Earthquake 2025 - Sagaing Town Building Footprints|100466_57365
OAM-401865-229464-19,fold_0,Myanmar,Myanmar Earthquake 2025 - Sagaing Town Building Footprints,0,True,0,Myanmar Earthquake 2025 - Sagaing Town Building Footprints|100466_57366
OAM-401865-229466-19,fold_0,Myanmar,Myanmar Earthquake 2025 - Sagaing Town Building Footprints,0,True,0,Myanmar Earthquake 2025 - Sagaing Town Building Footprints|100466_57366
OAM-401865-229470-19,fold_1,Myanmar,Myanmar Earthquake 2025 - Sagaing Town Building Footprints,0,True,0,Myanmar Earthquake 2025 - Sagaing Town Building Footprints|100466_57367
OAM-401866-229374-19,fold_4,Myanmar,Myanmar Earthquake 2025 - Sagaing Town Building Footprints,0,True,0,Myanmar Earthquake 2025 - Sagaing Town Building Footprints|100466_57343
OAM-401866-229377-19,fold_0,Myanmar,Myanmar Earthquake 2025 - Sagaing Town Building Footprints,0,True,0,Myanmar Earthquake 2025 - Sagaing Town Building Footprints|100466_57344
OAM-401866-229378-19,fold_0,Myanmar,Myanmar Earthquake 2025 - Sagaing Town Building Footprints,3,False,3,Myanmar Earthquake 2025 - Sagaing Town Building Footprints|100466_57344
OAM-401866-229387-19,fold_3,Myanmar,Myanmar Earthquake 2025 - Sagaing Town Building Footprints,0,True,0,Myanmar Earthquake 2025 - Sagaing Town Building Footprints|100466_57346
OAM-401866-229405-19,fold_3,Myanmar,Myanmar Earthquake 2025 - Sagaing Town Building Footprints,0,True,0,Myanmar Earthquake 2025 - Sagaing Town Building Footprints|100466_57351
OAM-401866-229406-19,fold_3,Myanmar,Myanmar Earthquake 2025 - Sagaing Town Building Footprints,0,True,0,Myanmar Earthquake 2025 - Sagaing Town Building Footprints|100466_57351
OAM-401866-229412-19,fold_3,Myanmar,Myanmar Earthquake 2025 - Sagaing Town Building Footprints,0,True,0,Myanmar Earthquake 2025 - Sagaing Town Building Footprints|100466_57353
OAM-401866-229417-19,fold_6,Myanmar,Myanmar Earthquake 2025 - Sagaing Town Building Footprints,0,True,0,Myanmar Earthquake 2025 - Sagaing Town Building Footprints|100466_57354
OAM-401866-229418-19,fold_6,Myanmar,Myanmar Earthquake 2025 - Sagaing Town Building Footprints,0,True,0,Myanmar Earthquake 2025 - Sagaing Town Building Footprints|100466_57354
OAM-401866-229425-19,fold_3,Myanmar,Myanmar Earthquake 2025 - Sagaing Town Building Footprints,0,True,0,Myanmar Earthquake 2025 - Sagaing Town Building Footprints|100466_57356
OAM-401866-229426-19,fold_3,Myanmar,Myanmar Earthquake 2025 - Sagaing Town Building Footprints,0,True,0,Myanmar Earthquake 2025 - Sagaing Town Building Footprints|100466_57356
OAM-401866-229430-19,fold_3,Myanmar,Myanmar Earthquake 2025 - Sagaing Town Building Footprints,0,True,0,Myanmar Earthquake 2025 - Sagaing Town Building Footprints|100466_57357
OAM-401866-229441-19,fold_5,Myanmar,Myanmar Earthquake 2025 - Sagaing Town Building Footprints,0,True,0,Myanmar Earthquake 2025 - Sagaing Town Building Footprints|100466_57360
OAM-401866-229442-19,fold_5,Myanmar,Myanmar Earthquake 2025 - Sagaing Town Building Footprints,0,True,0,Myanmar Earthquake 2025 - Sagaing Town Building Footprints|100466_57360
OAM-401866-229451-19,fold_1,Myanmar,Myanmar Earthquake 2025 - Sagaing Town Building Footprints,0,True,0,Myanmar Earthquake 2025 - Sagaing Town Building Footprints|100466_57362
OAM-401866-229456-19,fold_4,Myanmar,Myanmar Earthquake 2025 - Sagaing Town Building Footprints,3,False,3,Myanmar Earthquake 2025 - Sagaing Town Building Footprints|100466_57364
OAM-401866-229459-19,fold_4,Myanmar,Myanmar Earthquake 2025 - Sagaing Town Building Footprints,1,False,1,Myanmar Earthquake 2025 - Sagaing Town Building Footprints|100466_57364
OAM-401866-229477-19,fold_1,Myanmar,Myanmar Earthquake 2025 - Sagaing Town Building Footprints,20,False,20,Myanmar Earthquake 2025 - Sagaing Town Building Footprints|100466_57369
OAM-401867-229376-19,fold_0,Myanmar,Myanmar Earthquake 2025 - Sagaing Town Building Footprints,0,True,0,Myanmar Earthquake 2025 - Sagaing Town Building Footprints|100466_57344
OAM-401867-229388-19,fold_4,Myanmar,Myanmar Earthquake 2025 - Sagaing Town Building Footprints,0,True,0,Myanmar Earthquake 2025 - Sagaing Town Building Footprints|100466_57347
OAM-401867-229391-19,fold_4,Myanmar,Myanmar Earthquake 2025 - Sagaing Town Building Footprints,1,False,1,Myanmar Earthquake 2025 - Sagaing Town Building Footprints|100466_57347
OAM-401867-229413-19,fold_3,Myanmar,Myanmar Earthquake 2025 - Sagaing Town Building Footprints,0,True,0,Myanmar Earthquake 2025 - Sagaing Town Building Footprints|100466_57353
OAM-401867-229419-19,fold_6,Myanmar,Myanmar Earthquake 2025 - Sagaing Town Building Footprints,0,True,0,Myanmar Earthquake 2025 - Sagaing Town Building Footprints|100466_57354
OAM-401867-229420-19,fold_2,Myanmar,Myanmar Earthquake 2025 - Sagaing Town Building Footprints,0,True,0,Myanmar Earthquake 2025 - Sagaing Town Building Footprints|100466_57355
OAM-401867-229428-19,fold_3,Myanmar,Myanmar Earthquake 2025 - Sagaing Town Building Footprints,0,True,0,Myanmar Earthquake 2025 - Sagaing Town Building Footprints|100466_57357
OAM-401867-229431-19,fold_3,Myanmar,Myanmar Earthquake 2025 - Sagaing Town Building Footprints,0,True,0,Myanmar Earthquake 2025 - Sagaing Town Building Footprints|100466_57357
OAM-401867-229444-19,fold_3,Myanmar,Myanmar Earthquake 2025 - Sagaing Town Building Footprints,0,True,0,Myanmar Earthquake 2025 - Sagaing Town Building Footprints|100466_57361
OAM-401867-229462-19,fold_2,Myanmar,Myanmar Earthquake 2025 - Sagaing Town Building Footprints,0,True,0,Myanmar Earthquake 2025 - Sagaing Town Building Footprints|100466_57365
OAM-401868-229380-19,fold_6,Myanmar,Myanmar Earthquake 2025 - Sagaing Town Building Footprints,2,False,2,Myanmar Earthquake 2025 - Sagaing Town Building Footprints|100467_57345
OAM-401868-229382-19,fold_6,Myanmar,Myanmar Earthquake 2025 - Sagaing Town Building Footprints,0,True,0,Myanmar Earthquake 2025 - Sagaing Town Building Footprints|100467_57345
OAM-401868-229406-19,fold_1,Myanmar,Myanmar Earthquake 2025 - Sagaing Town Building Footprints,0,True,0,Myanmar Earthquake 2025 - Sagaing Town Building Footprints|100467_57351
OAM-401868-229413-19,fold_1,Myanmar,Myanmar Earthquake 2025 - Sagaing Town Building Footprints,0,True,0,Myanmar Earthquake 2025 - Sagaing Town Building Footprints|100467_57353
OAM-401868-229414-19,fold_1,Myanmar,Myanmar Earthquake 2025 - Sagaing Town Building Footprints,0,True,0,Myanmar Earthquake 2025 - Sagaing Town Building Footprints|100467_57353
OAM-401868-229416-19,fold_2,Myanmar,Myanmar Earthquake 2025 - Sagaing Town Building Footprints,0,True,0,Myanmar Earthquake 2025 - Sagaing Town Building Footprints|100467_57354
OAM-401868-229427-19,fold_0,Myanmar,Myanmar Earthquake 2025 - Sagaing Town Building Footprints,0,True,0,Myanmar Earthquake 2025 - Sagaing Town Building Footprints|100467_57356
OAM-401868-229463-19,fold_1,Myanmar,Myanmar Earthquake 2025 - Sagaing Town Building Footprints,0,True,0,Myanmar Earthquake 2025 - Sagaing Town Building Footprints|100467_57365
OAM-401869-229375-19,fold_6,Myanmar,Myanmar Earthquake 2025 - Sagaing Town Building Footprints,0,True,0,Myanmar Earthquake 2025 - Sagaing Town Building Footprints|100467_57343
OAM-401869-229379-19,fold_6,Myanmar,Myanmar Earthquake 2025 - Sagaing Town Building Footprints,4,False,4,Myanmar Earthquake 2025 - Sagaing Town Building Footprints|100467_57344
OAM-401869-229380-19,fold_6,Myanmar,Myanmar Earthquake 2025 - Sagaing Town Building Footprints,7,False,7,Myanmar Earthquake 2025 - Sagaing Town Building Footprints|100467_57345
OAM-401869-229392-19,fold_6,Myanmar,Myanmar Earthquake 2025 - Sagaing Town Building Footprints,0,True,0,Myanmar Earthquake 2025 - Sagaing Town Building Footprints|100467_57348
OAM-401869-229397-19,fold_0,Myanmar,Myanmar Earthquake 2025 - Sagaing Town Building Footprints,21,False,21,Myanmar Earthquake 2025 - Sagaing Town Building Footprints|100467_57349
OAM-401869-229406-19,fold_1,Myanmar,Myanmar Earthquake 2025 - Sagaing Town Building Footprints,0,True,0,Myanmar Earthquake 2025 - Sagaing Town Building Footprints|100467_57351
OAM-401869-229421-19,fold_2,Myanmar,Myanmar Earthquake 2025 - Sagaing Town Building Footprints,0,True,0,Myanmar Earthquake 2025 - Sagaing Town Building Footprints|100467_57355
OAM-401869-229433-19,fold_2,Myanmar,Myanmar Earthquake 2025 - Sagaing Town Building Footprints,0,True,0,Myanmar Earthquake 2025 - Sagaing Town Building Footprints|100467_57358
OAM-401869-229436-19,fold_4,Myanmar,Myanmar Earthquake 2025 - Sagaing Town Building Footprints,0,True,0,Myanmar Earthquake 2025 - Sagaing Town Building Footprints|100467_57359
OAM-401869-229441-19,fold_0,Myanmar,Myanmar Earthquake 2025 - Sagaing Town Building Footprints,0,True,0,Myanmar Earthquake 2025 - Sagaing Town Building Footprints|100467_57360
OAM-401869-229448-19,fold_0,Myanmar,Myanmar Earthquake 2025 - Sagaing Town Building Footprints,0,True,0,Myanmar Earthquake 2025 - Sagaing Town Building Footprints|100467_57362
OAM-401869-229463-19,fold_1,Myanmar,Myanmar Earthquake 2025 - Sagaing Town Building Footprints,0,True,0,Myanmar Earthquake 2025 - Sagaing Town Building Footprints|100467_57365
OAM-401870-229372-19,fold_6,Myanmar,Myanmar Earthquake 2025 - Sagaing Town Building Footprints,0,True,0,Myanmar Earthquake 2025 - Sagaing Town Building Footprints|100467_57343
OAM-401870-229379-19,fold_6,Myanmar,Myanmar Earthquake 2025 - Sagaing Town Building Footprints,3,False,3,Myanmar Earthquake 2025 - Sagaing Town Building Footprints|100467_57344
OAM-401870-229380-19,fold_6,Myanmar,Myanmar Earthquake 2025 - Sagaing Town Building Footprints,3,False,3,Myanmar Earthquake 2025 - Sagaing Town Building Footprints|100467_57345
OAM-401870-229381-19,fold_6,Myanmar,Myanmar Earthquake 2025 - Sagaing Town Building Footprints,1,False,1,Myanmar Earthquake 2025 - Sagaing Town Building Footprints|100467_57345
OAM-401870-229383-19,fold_6,Myanmar,Myanmar Earthquake 2025 - Sagaing Town Building Footprints,2,False,2,Myanmar Earthquake 2025 - Sagaing Town Building Footprints|100467_57345
OAM-401870-229389-19,fold_2,Myanmar,Myanmar Earthquake 2025 - Sagaing Town Building Footprints,0,True,0,Myanmar Earthquake 2025 - Sagaing Town Building Footprints|100467_57347
OAM-401870-229406-19,fold_1,Myanmar,Myanmar Earthquake 2025 - Sagaing Town Building Footprints,0,True,0,Myanmar Earthquake 2025 - Sagaing Town Building Footprints|100467_57351
OAM-401870-229407-19,fold_1,Myanmar,Myanmar Earthquake 2025 - Sagaing Town Building Footprints,0,True,0,Myanmar Earthquake 2025 - Sagaing Town Building Footprints|100467_57351
OAM-401870-229411-19,fold_6,Myanmar,Myanmar Earthquake 2025 - Sagaing Town Building Footprints,0,True,0,Myanmar Earthquake 2025 - Sagaing Town Building Footprints|100467_57352
OAM-401870-229417-19,fold_2,Myanmar,Myanmar Earthquake 2025 - Sagaing Town Building Footprints,1,False,1,Myanmar Earthquake 2025 - Sagaing Town Building Footprints|100467_57354
OAM-401870-229418-19,fold_2,Myanmar,Myanmar Earthquake 2025 - Sagaing Town Building Footprints,1,False,1,Myanmar Earthquake 2025 - Sagaing Town Building Footprints|100467_57354
OAM-401870-229420-19,fold_2,Myanmar,Myanmar Earthquake 2025 - Sagaing Town Building Footprints,0,True,0,Myanmar Earthquake 2025 - Sagaing Town Building Footprints|100467_57355
OAM-401870-229423-19,fold_2,Myanmar,Myanmar Earthquake 2025 - Sagaing Town Building Footprints,0,True,0,Myanmar Earthquake 2025 - Sagaing Town Building Footprints|100467_57355
OAM-401870-229424-19,fold_0,Myanmar,Myanmar Earthquake 2025 - Sagaing Town Building Footprints,0,True,0,Myanmar Earthquake 2025 - Sagaing Town Building Footprints|100467_57356
OAM-401870-229430-19,fold_6,Myanmar,Myanmar Earthquake 2025 - Sagaing Town Building Footprints,0,True,0,Myanmar Earthquake 2025 - Sagaing Town Building Footprints|100467_57357
OAM-401870-229431-19,fold_6,Myanmar,Myanmar Earthquake 2025 - Sagaing Town Building Footprints,0,True,0,Myanmar Earthquake 2025 - Sagaing Town Building Footprints|100467_57357
OAM-401870-229435-19,fold_2,Myanmar,Myanmar Earthquake 2025 - Sagaing Town Building Footprints,0,True,0,Myanmar Earthquake 2025 - Sagaing Town Building Footprints|100467_57358
OAM-401870-229438-19,fold_4,Myanmar,Myanmar Earthquake 2025 - Sagaing Town Building Footprints,0,True,0,Myanmar Earthquake 2025 - Sagaing Town Building Footprints|100467_57359
OAM-401870-229441-19,fold_0,Myanmar,Myanmar Earthquake 2025 - Sagaing Town Building Footprints,0,True,0,Myanmar Earthquake 2025 - Sagaing Town Building Footprints|100467_57360
OAM-401870-229483-19,fold_2,Myanmar,Myanmar Earthquake 2025 - Sagaing Town Building Footprints,0,True,0,Myanmar Earthquake 2025 - Sagaing Town Building Footprints|100467_57370
OAM-401871-229374-19,fold_6,Myanmar,Myanmar Earthquake 2025 - Sagaing Town Building Footprints,0,True,0,Myanmar Earthquake 2025 - Sagaing Town Building Footprints|100467_57343
OAM-401871-229377-19,fold_6,Myanmar,Myanmar Earthquake 2025 - Sagaing Town Building Footprints,1,False,1,Myanmar Earthquake 2025 - Sagaing Town Building Footprints|100467_57344
OAM-401871-229408-19,fold_6,Myanmar,Myanmar Earthquake 2025 - Sagaing Town Building Footprints,0,True,0,Myanmar Earthquake 2025 - Sagaing Town Building Footprints|100467_57352
OAM-401871-229409-19,fold_6,Myanmar,Myanmar Earthquake 2025 - Sagaing Town Building Footprints,0,True,0,Myanmar Earthquake 2025 - Sagaing Town Building Footprints|100467_57352
OAM-401871-229410-19,fold_6,Myanmar,Myanmar Earthquake 2025 - Sagaing Town Building Footprints,0,True,0,Myanmar Earthquake 2025 - Sagaing Town Building Footprints|100467_57352
OAM-401871-229411-19,fold_6,Myanmar,Myanmar Earthquake 2025 - Sagaing Town Building Footprints,0,True,0,Myanmar Earthquake 2025 - Sagaing Town Building Footprints|100467_57352
OAM-401871-229412-19,fold_1,Myanmar,Myanmar Earthquake 2025 - Sagaing Town Building Footprints,0,True,0,Myanmar Earthquake 2025 - Sagaing Town Building Footprints|100467_57353
OAM-401871-229413-19,fold_1,Myanmar,Myanmar Earthquake 2025 - Sagaing Town Building Footprints,2,False,2,Myanmar Earthquake 2025 - Sagaing Town Building Footprints|100467_57353
OAM-401871-229418-19,fold_2,Myanmar,Myanmar Earthquake 2025 - Sagaing Town Building Footprints,1,False,1,Myanmar Earthquake 2025 - Sagaing Town Building Footprints|100467_57354
OAM-401871-229419-19,fold_2,Myanmar,Myanmar Earthquake 2025 - Sagaing Town Building Footprints,0,True,0,Myanmar Earthquake 2025 - Sagaing Town Building Footprints|100467_57354
OAM-401871-229424-19,fold_0,Myanmar,Myanmar Earthquake 2025 - Sagaing Town Building Footprints,0,True,0,Myanmar Earthquake 2025 - Sagaing Town Building Footprints|100467_57356
OAM-401871-229433-19,fold_2,Myanmar,Myanmar Earthquake 2025 - Sagaing Town Building Footprints,0,True,0,Myanmar Earthquake 2025 - Sagaing Town Building Footprints|100467_57358
OAM-401871-229434-19,fold_2,Myanmar,Myanmar Earthquake 2025 - Sagaing Town Building Footprints,0,True,0,Myanmar Earthquake 2025 - Sagaing Town Building Footprints|100467_57358
OAM-401872-229372-19,fold_1,Myanmar,Myanmar Earthquake 2025 - Sagaing Town Building Footprints,0,True,0,Myanmar Earthquake 2025 - Sagaing Town Building Footprints|100468_57343
OAM-401872-229381-19,fold_2,Myanmar,Myanmar Earthquake 2025 - Sagaing Town Building Footprints,0,True,0,Myanmar Earthquake 2025 - Sagaing Town Building Footprints|100468_57345
OAM-401872-229392-19,fold_0,Myanmar,Myanmar Earthquake 2025 - Sagaing Town Building Footprints,4,False,4,Myanmar Earthquake 2025 - Sagaing Town Building Footprints|100468_57348
OAM-401872-229393-19,fold_0,Myanmar,Myanmar Earthquake 2025 - Sagaing Town Building Footprints,6,False,6,Myanmar Earthquake 2025 - Sagaing Town Building Footprints|100468_57348
OAM-401872-229419-19,fold_5,Myanmar,Myanmar Earthquake 2025 - Sagaing Town Building Footprints,0,True,0,Myanmar Earthquake 2025 - Sagaing Town Building Footprints|100468_57354
OAM-401872-229425-19,fold_1,Myanmar,Myanmar Earthquake 2025 - Sagaing Town Building Footprints,0,True,0,Myanmar Earthquake 2025 - Sagaing Town Building Footprints|100468_57356
OAM-401872-229435-19,fold_2,Myanmar,Myanmar Earthquake 2025 - Sagaing Town Building Footprints,0,True,0,Myanmar Earthquake 2025 - Sagaing Town Building Footprints|100468_57358
OAM-401872-229452-19,fold_4,Myanmar,Myanmar Earthquake 2025 - Sagaing Town Building Footprints,0,True,0,Myanmar Earthquake 2025 - Sagaing Town Building Footprints|100468_57363
OAM-401872-229454-19,fold_4,Myanmar,Myanmar Earthquake 2025 - Sagaing Town Building Footprints,0,True,0,Myanmar Earthquake 2025 - Sagaing Town Building Footprints|100468_57363
OAM-401872-229455-19,fold_4,Myanmar,Myanmar Earthquake 2025 - Sagaing Town Building Footprints,0,True,0,Myanmar Earthquake 2025 - Sagaing Town Building Footprints|100468_57363
OAM-401872-229461-19,fold_6,Myanmar,Myanmar Earthquake 2025 - Sagaing Town Building Footprints,0,True,0,Myanmar Earthquake 2025 - Sagaing Town Building Footprints|100468_57365
OAM-401873-229372-19,fold_1,Myanmar,Myanmar Earthquake 2025 - Sagaing Town Building Footprints,0,True,0,Myanmar Earthquake 2025 - Sagaing Town Building Footprints|100468_57343
OAM-401873-229373-19,fold_1,Myanmar,Myanmar Earthquake 2025 - Sagaing Town Building Footprints,0,True,0,Myanmar Earthquake 2025 - Sagaing Town Building Footprints|100468_57343
OAM-401873-229386-19,fold_0,Myanmar,Myanmar Earthquake 2025 - Sagaing Town Building Footprints,1,False,1,Myanmar Earthquake 2025 - Sagaing Town Building Footprints|100468_57346
OAM-401873-229414-19,fold_3,Myanmar,Myanmar Earthquake 2025 - Sagaing Town Building Footprints,0,True,0,Myanmar Earthquake 2025 - Sagaing Town Building Footprints|100468_57353
OAM-401873-229415-19,fold_3,Myanmar,Myanmar Earthquake 2025 - Sagaing Town Building Footprints,0,True,0,Myanmar Earthquake 2025 - Sagaing Town Building Footprints|100468_57353
OAM-401873-229417-19,fold_5,Myanmar,Myanmar Earthquake 2025 - Sagaing Town Building Footprints,0,True,0,Myanmar Earthquake 2025 - Sagaing Town Building Footprints|100468_57354
OAM-401873-229420-19,fold_1,Myanmar,Myanmar Earthquake 2025 - Sagaing Town Building Footprints,0,True,0,Myanmar Earthquake 2025 - Sagaing Town Building Footprints|100468_57355
OAM-401873-229421-19,fold_1,Myanmar,Myanmar Earthquake 2025 - Sagaing Town Building Footprints,0,True,0,Myanmar Earthquake 2025 - Sagaing Town Building Footprints|100468_57355
OAM-401873-229424-19,fold_1,Myanmar,Myanmar Earthquake 2025 - Sagaing Town Building Footprints,0,True,0,Myanmar Earthquake 2025 - Sagaing Town Building Footprints|100468_57356
OAM-401873-229425-19,fold_1,Myanmar,Myanmar Earthquake 2025 - Sagaing Town Building Footprints,0,True,0,Myanmar Earthquake 2025 - Sagaing Town Building Footprints|100468_57356
OAM-401873-229436-19,fold_3,Myanmar,Myanmar Earthquake 2025 - Sagaing Town Building Footprints,0,True,0,Myanmar Earthquake 2025 - Sagaing Town Building Footprints|100468_57359
OAM-401873-229442-19,fold_4,Myanmar,Myanmar Earthquake 2025 - Sagaing Town Building Footprints,0,True,0,Myanmar Earthquake 2025 - Sagaing Town Building Footprints|100468_57360
OAM-401873-229446-19,fold_2,Myanmar,Myanmar Earthquake 2025 - Sagaing Town Building Footprints,0,True,0,Myanmar Earthquake 2025 - Sagaing Town Building Footprints|100468_57361
OAM-401873-229451-19,fold_2,Myanmar,Myanmar Earthquake 2025 - Sagaing Town Building Footprints,0,True,0,Myanmar Earthquake 2025 - Sagaing Town Building Footprints|100468_57362
OAM-401873-229458-19,fold_3,Myanmar,Myanmar Earthquake 2025 - Sagaing Town Building Footprints,0,True,0,Myanmar Earthquake 2025 - Sagaing Town Building Footprints|100468_57364
OAM-401873-229460-19,fold_6,Myanmar,Myanmar Earthquake 2025 - Sagaing Town Building Footprints,0,True,0,Myanmar Earthquake 2025 - Sagaing Town Building Footprints|100468_57365
OAM-401874-229376-19,fold_2,Myanmar,Myanmar Earthquake 2025 - Sagaing Town Building Footprints,0,True,0,Myanmar Earthquake 2025 - Sagaing Town Building Footprints|100468_57344
OAM-401874-229382-19,fold_2,Myanmar,Myanmar Earthquake 2025 - Sagaing Town Building Footprints,0,True,0,Myanmar Earthquake 2025 - Sagaing Town Building Footprints|100468_57345
OAM-401874-229386-19,fold_0,Myanmar,Myanmar Earthquake 2025 - Sagaing Town Building Footprints,1,False,1,Myanmar Earthquake 2025 - Sagaing Town Building Footprints|100468_57346
OAM-401874-229390-19,fold_0,Myanmar,Myanmar Earthquake 2025 - Sagaing Town Building Footprints,0,True,0,Myanmar Earthquake 2025 - Sagaing Town Building Footprints|100468_57347
OAM-401874-229391-19,fold_0,Myanmar,Myanmar Earthquake 2025 - Sagaing Town Building Footprints,5,False,5,Myanmar Earthquake 2025 - Sagaing Town Building Footprints|100468_57347
OAM-401874-229416-19,fold_5,Myanmar,Myanmar Earthquake 2025 - Sagaing Town Building Footprints,0,True,0,Myanmar Earthquake 2025 - Sagaing Town Building Footprints|100468_57354
OAM-401874-229430-19,fold_2,Myanmar,Myanmar Earthquake 2025 - Sagaing Town Building Footprints,0,True,0,Myanmar Earthquake 2025 - Sagaing Town Building Footprints|100468_57357
OAM-401874-229437-19,fold_3,Myanmar,Myanmar Earthquake 2025 - Sagaing Town Building Footprints,0,True,0,Myanmar Earthquake 2025 - Sagaing Town Building Footprints|100468_57359
OAM-401874-229438-19,fold_3,Myanmar,Myanmar Earthquake 2025 - Sagaing Town Building Footprints,0,True,0,Myanmar Earthquake 2025 - Sagaing Town Building Footprints|100468_57359
OAM-401874-229444-19,fold_2,Myanmar,Myanmar Earthquake 2025 - Sagaing Town Building Footprints,0,True,0,Myanmar Earthquake 2025 - Sagaing Town Building Footprints|100468_57361
OAM-401874-229455-19,fold_4,Myanmar,Myanmar Earthquake 2025 - Sagaing Town Building Footprints,0,True,0,Myanmar Earthquake 2025 - Sagaing Town Building Footprints|100468_57363
OAM-401874-229457-19,fold_3,Myanmar,Myanmar Earthquake 2025 - Sagaing Town Building Footprints,0,True,0,Myanmar Earthquake 2025 - Sagaing Town Building Footprints|100468_57364
OAM-401874-229462-19,fold_6,Myanmar,Myanmar Earthquake 2025 - Sagaing Town Building Footprints,0,True,0,Myanmar Earthquake 2025 - Sagaing Town Building Footprints|100468_57365
OAM-401874-229468-19,fold_2,Myanmar,Myanmar Earthquake 2025 - Sagaing Town Building Footprints,1,False,1,Myanmar Earthquake 2025 - Sagaing Town Building Footprints|100468_57367
OAM-401874-229482-19,fold_3,Myanmar,Myanmar Earthquake 2025 - Sagaing Town Building Footprints,0,True,0,Myanmar Earthquake 2025 - Sagaing Town Building Footprints|100468_57370
OAM-401875-229381-19,fold_2,Myanmar,Myanmar Earthquake 2025 - Sagaing Town Building Footprints,1,False,1,Myanmar Earthquake 2025 - Sagaing Town Building Footprints|100468_57345
OAM-401875-229411-19,fold_6,Myanmar,Myanmar Earthquake 2025 - Sagaing Town Building Footprints,0,True,0,Myanmar Earthquake 2025 - Sagaing Town Building Footprints|100468_57352
OAM-401875-229415-19,fold_3,Myanmar,Myanmar Earthquake 2025 - Sagaing Town Building Footprints,0,True,0,Myanmar Earthquake 2025 - Sagaing Town Building Footprints|100468_57353
OAM-401875-229420-19,fold_1,Myanmar,Myanmar Earthquake 2025 - Sagaing Town Building Footprints,0,True,0,Myanmar Earthquake 2025 - Sagaing Town Building Footprints|100468_57355
OAM-401875-229430-19,fold_2,Myanmar,Myanmar Earthquake 2025 - Sagaing Town Building Footprints,0,True,0,Myanmar Earthquake 2025 - Sagaing Town Building Footprints|100468_57357
OAM-401875-229442-19,fold_4,Myanmar,Myanmar Earthquake 2025 - Sagaing Town Building Footprints,0,True,0,Myanmar Earthquake 2025 - Sagaing Town Building Footprints|100468_57360
OAM-401875-229448-19,fold_2,Myanmar,Myanmar Earthquake 2025 - Sagaing Town Building Footprints,0,True,0,Myanmar Earthquake 2025 - Sagaing Town Building Footprints|100468_57362
OAM-401875-229452-19,fold_4,Myanmar,Myanmar Earthquake 2025 - Sagaing Town Building Footprints,21,False,21,Myanmar Earthquake 2025 - Sagaing Town Building Footprints|100468_57363
OAM-401875-229460-19,fold_6,Myanmar,Myanmar Earthquake 2025 - Sagaing Town Building Footprints,0,True,0,Myanmar Earthquake 2025 - Sagaing Town Building Footprints|100468_57365
OAM-401875-229463-19,fold_6,Myanmar,Myanmar Earthquake 2025 - Sagaing Town Building Footprints,0,True,0,Myanmar Earthquake 2025 - Sagaing Town Building Footprints|100468_57365
OAM-401875-229470-19,fold_2,Myanmar,Myanmar Earthquake 2025 - Sagaing Town Building Footprints,3,False,3,Myanmar Earthquake 2025 - Sagaing Town Building Footprints|100468_57367
OAM-401876-229387-19,fold_6,Myanmar,Myanmar Earthquake 2025 - Sagaing Town Building Footprints,0,True,0,Myanmar Earthquake 2025 - Sagaing Town Building Footprints|100469_57346
OAM-401876-229420-19,fold_5,Myanmar,Myanmar Earthquake 2025 - Sagaing Town Building Footprints,0,True,0,Myanmar Earthquake 2025 - Sagaing Town Building Footprints|100469_57355
OAM-401876-229421-19,fold_5,Myanmar,Myanmar Earthquake 2025 - Sagaing Town Building Footprints,0,True,0,Myanmar Earthquake 2025 - Sagaing Town Building Footprints|100469_57355
OAM-401876-229423-19,fold_5,Myanmar,Myanmar Earthquake 2025 - Sagaing Town Building Footprints,0,True,0,Myanmar Earthquake 2025 - Sagaing Town Building Footprints|100469_57355
OAM-401876-229434-19,fold_2,Myanmar,Myanmar Earthquake 2025 - Sagaing Town Building Footprints,0,True,0,Myanmar Earthquake 2025 - Sagaing Town Building Footprints|100469_57358
OAM-401876-229435-19,fold_2,Myanmar,Myanmar Earthquake 2025 - Sagaing Town Building Footprints,0,True,0,Myanmar Earthquake 2025 - Sagaing Town Building Footprints|100469_57358
OAM-401876-229440-19,fold_0,Myanmar,Myanmar Earthquake 2025 - Sagaing Town Building Footprints,0,True,0,Myanmar Earthquake 2025 - Sagaing Town Building Footprints|100469_57360
OAM-401876-229441-19,fold_0,Myanmar,Myanmar Earthquake 2025 - Sagaing Town Building Footprints,0,True,0,Myanmar Earthquake 2025 - Sagaing Town Building Footprints|100469_57360
OAM-401876-229461-19,fold_1,Myanmar,Myanmar Earthquake 2025 - Sagaing Town Building Footprints,0,True,0,Myanmar Earthquake 2025 - Sagaing Town Building Footprints|100469_57365
OAM-401876-229462-19,fold_1,Myanmar,Myanmar Earthquake 2025 - Sagaing Town Building Footprints,1,False,1,Myanmar Earthquake 2025 - Sagaing Town Building Footprints|100469_57365
OAM-401877-229375-19,fold_1,Myanmar,Myanmar Earthquake 2025 - Sagaing Town Building Footprints,0,True,0,Myanmar Earthquake 2025 - Sagaing Town Building Footprints|100469_57343
OAM-401877-229388-19,fold_3,Myanmar,Myanmar Earthquake 2025 - Sagaing Town Building Footprints,3,False,3,Myanmar Earthquake 2025 - Sagaing Town Building Footprints|100469_57347
OAM-401877-229395-19,fold_6,Myanmar,Myanmar Earthquake 2025 - Sagaing Town Building Footprints,0,True,0,Myanmar Earthquake 2025 - Sagaing Town Building Footprints|100469_57348
OAM-401877-229409-19,fold_1,Myanmar,Myanmar Earthquake 2025 - Sagaing Town Building Footprints,3,False,3,Myanmar Earthquake 2025 - Sagaing Town Building Footprints|100469_57352
OAM-401877-229417-19,fold_1,Myanmar,Myanmar Earthquake 2025 - Sagaing Town Building Footprints,1,False,1,Myanmar Earthquake 2025 - Sagaing Town Building Footprints|100469_57354
OAM-401877-229419-19,fold_1,Myanmar,Myanmar Earthquake 2025 - Sagaing Town Building Footprints,0,True,0,Myanmar Earthquake 2025 - Sagaing Town Building Footprints|100469_57354
OAM-401877-229420-19,fold_5,Myanmar,Myanmar Earthquake 2025 - Sagaing Town Building Footprints,0,True,0,Myanmar Earthquake 2025 - Sagaing Town Building Footprints|100469_57355
OAM-401877-229423-19,fold_5,Myanmar,Myanmar Earthquake 2025 - Sagaing Town Building Footprints,0,True,0,Myanmar Earthquake 2025 - Sagaing Town Building Footprints|100469_57355
OAM-401877-229430-19,fold_4,Myanmar,Myanmar Earthquake 2025 - Sagaing Town Building Footprints,0,True,0,Myanmar Earthquake 2025 - Sagaing Town Building Footprints|100469_57357
OAM-401877-229439-19,fold_5,Myanmar,Myanmar Earthquake 2025 - Sagaing Town Building Footprints,0,True,0,Myanmar Earthquake 2025 - Sagaing Town Building Footprints|100469_57359
OAM-401877-229441-19,fold_0,Myanmar,Myanmar Earthquake 2025 - Sagaing Town Building Footprints,0,True,0,Myanmar Earthquake 2025 - Sagaing Town Building Footprints|100469_57360
OAM-401877-229462-19,fold_1,Myanmar,Myanmar Earthquake 2025 - Sagaing Town Building Footprints,0,True,0,Myanmar Earthquake 2025 - Sagaing Town Building Footprints|100469_57365
OAM-401877-229481-19,fold_4,Myanmar,Myanmar Earthquake 2025 - Sagaing Town Building Footprints,2,False,2,Myanmar Earthquake 2025 - Sagaing Town Building Footprints|100469_57370
OAM-401878-229372-19,fold_1,Myanmar,Myanmar Earthquake 2025 - Sagaing Town Building Footprints,0,True,0,Myanmar Earthquake 2025 - Sagaing Town Building Footprints|100469_57343
OAM-401878-229377-19,fold_3,Myanmar,Myanmar Earthquake 2025 - Sagaing Town Building Footprints,0,True,0,Myanmar Earthquake 2025 - Sagaing Town Building Footprints|100469_57344
OAM-401878-229387-19,fold_6,Myanmar,Myanmar Earthquake 2025 - Sagaing Town Building Footprints,6,False,6,Myanmar Earthquake 2025 - Sagaing Town Building Footprints|100469_57346
OAM-401878-229388-19,fold_3,Myanmar,Myanmar Earthquake 2025 - Sagaing Town Building Footprints,0,True,0,Myanmar Earthquake 2025 - Sagaing Town Building Footprints|100469_57347
OAM-401878-229399-19,fold_5,Myanmar,Myanmar Earthquake 2025 - Sagaing Town Building Footprints,5,False,5,Myanmar Earthquake 2025 - Sagaing Town Building Footprints|100469_57349
OAM-401878-229413-19,fold_5,Myanmar,Myanmar Earthquake 2025 - Sagaing Town Building Footprints,2,False,2,Myanmar Earthquake 2025 - Sagaing Town Building Footprints|100469_57353
OAM-401878-229414-19,fold_5,Myanmar,Myanmar Earthquake 2025 - Sagaing Town Building Footprints,0,True,0,Myanmar Earthquake 2025 - Sagaing Town Building Footprints|100469_57353
OAM-401878-229418-19,fold_1,Myanmar,Myanmar Earthquake 2025 - Sagaing Town Building Footprints,0,True,0,Myanmar Earthquake 2025 - Sagaing Town Building Footprints|100469_57354
OAM-401878-229430-19,fold_4,Myanmar,Myanmar Earthquake 2025 - Sagaing Town Building Footprints,0,True,0,Myanmar Earthquake 2025 - Sagaing Town Building Footprints|100469_57357
OAM-401878-229434-19,fold_2,Myanmar,Myanmar Earthquake 2025 - Sagaing Town Building Footprints,0,True,0,Myanmar Earthquake 2025 - Sagaing Town Building Footprints|100469_57358
OAM-401878-229439-19,fold_5,Myanmar,Myanmar Earthquake 2025 - Sagaing Town Building Footprints,1,False,1,Myanmar Earthquake 2025 - Sagaing Town Building Footprints|100469_57359
OAM-401878-229440-19,fold_0,Myanmar,Myanmar Earthquake 2025 - Sagaing Town Building Footprints,1,False,1,Myanmar Earthquake 2025 - Sagaing Town Building Footprints|100469_57360
OAM-401878-229478-19,fold_0,Myanmar,Myanmar Earthquake 2025 - Sagaing Town Building Footprints,9,False,9,Myanmar Earthquake 2025 - Sagaing Town Building Footprints|100469_57369
OAM-401879-229376-19,fold_3,Myanmar,Myanmar Earthquake 2025 - Sagaing Town Building Footprints,1,False,1,Myanmar Earthquake 2025 - Sagaing Town Building Footprints|100469_57344
OAM-401879-229377-19,fold_3,Myanmar,Myanmar Earthquake 2025 - Sagaing Town Building Footprints,0,True,0,Myanmar Earthquake 2025 - Sagaing Town Building Footprints|100469_57344
OAM-401879-229386-19,fold_6,Myanmar,Myanmar Earthquake 2025 - Sagaing Town Building Footprints,5,False,5,Myanmar Earthquake 2025 - Sagaing Town Building Footprints|100469_57346
OAM-401879-229388-19,fold_3,Myanmar,Myanmar Earthquake 2025 - Sagaing Town Building Footprints,4,False,4,Myanmar Earthquake 2025 - Sagaing Town Building Footprints|100469_57347
OAM-401879-229394-19,fold_6,Myanmar,Myanmar Earthquake 2025 - Sagaing Town Building Footprints,0,True,0,Myanmar Earthquake 2025 - Sagaing Town Building Footprints|100469_57348
OAM-401879-229418-19,fold_1,Myanmar,Myanmar Earthquake 2025 - Sagaing Town Building Footprints,0,True,0,Myanmar Earthquake 2025 - Sagaing Town Building Footprints|100469_57354
OAM-401879-229420-19,fold_5,Myanmar,Myanmar Earthquake 2025 - Sagaing Town Building Footprints,0,True,0,Myanmar Earthquake 2025 - Sagaing Town Building Footprints|100469_57355
OAM-401879-229427-19,fold_0,Myanmar,Myanmar Earthquake 2025 - Sagaing Town Building Footprints,0,True,0,Myanmar Earthquake 2025 - Sagaing Town Building Footprints|100469_57356
OAM-401879-229439-19,fold_5,Myanmar,Myanmar Earthquake 2025 - Sagaing Town Building Footprints,0,True,0,Myanmar Earthquake 2025 - Sagaing Town Building Footprints|100469_57359
OAM-401880-229395-19,fold_5,Myanmar,Myanmar Earthquake 2025 - Sagaing Town Building Footprints,0,True,0,Myanmar Earthquake 2025 - Sagaing Town Building Footprints|100470_57348
OAM-401880-229396-19,fold_0,Myanmar,Myanmar Earthquake 2025 - Sagaing Town Building Footprints,0,True,0,Myanmar Earthquake 2025 - Sagaing Town Building Footprints|100470_57349
OAM-401880-229423-19,fold_1,Myanmar,Myanmar Earthquake 2025 - Sagaing Town Building Footprints,0,True,0,Myanmar Earthquake 2025 - Sagaing Town Building Footprints|100470_57355
OAM-401880-229434-19,fold_3,Myanmar,Myanmar Earthquake 2025 - Sagaing Town Building Footprints,0,True,0,Myanmar Earthquake 2025 - Sagaing Town Building Footprints|100470_57358
OAM-401880-229444-19,fold_0,Myanmar,Myanmar Earthquake 2025 - Sagaing Town Building Footprints,0,True,0,Myanmar Earthquake 2025 - Sagaing Town Building Footprints|100470_57361
OAM-401880-229483-19,fold_3,Myanmar,Myanmar Earthquake 2025 - Sagaing Town Building Footprints,0,True,0,Myanmar Earthquake 2025 - Sagaing Town Building Footprints|100470_57370
OAM-401880-229485-19,fold_2,Myanmar,Myanmar Earthquake 2025 - Sagaing Town Building Footprints,0,True,0,Myanmar Earthquake 2025 - Sagaing Town Building Footprints|100470_57371
OAM-401881-229396-19,fold_0,Myanmar,Myanmar Earthquake 2025 - Sagaing Town Building Footprints,0,True,0,Myanmar Earthquake 2025 - Sagaing Town Building Footprints|100470_57349
OAM-401881-229417-19,fold_3,Myanmar,Myanmar Earthquake 2025 - Sagaing Town Building Footprints,2,False,2,Myanmar Earthquake 2025 - Sagaing Town Building Footprints|100470_57354
OAM-401881-229428-19,fold_1,Myanmar,Myanmar Earthquake 2025 - Sagaing Town Building Footprints,0,True,0,Myanmar Earthquake 2025 - Sagaing Town Building Footprints|100470_57357
OAM-401882-229378-19,fold_0,Myanmar,Myanmar Earthquake 2025 - Sagaing Town Building Footprints,0,True,0,Myanmar Earthquake 2025 - Sagaing Town Building Footprints|100470_57344
OAM-401882-229410-19,fold_2,Myanmar,Myanmar Earthquake 2025 - Sagaing Town Building Footprints,4,False,4,Myanmar Earthquake 2025 - Sagaing Town Building Footprints|100470_57352
OAM-401882-229416-19,fold_3,Myanmar,Myanmar Earthquake 2025 - Sagaing Town Building Footprints,0,True,0,Myanmar Earthquake 2025 - Sagaing Town Building Footprints|100470_57354
OAM-401882-229425-19,fold_0,Myanmar,Myanmar Earthquake 2025 - Sagaing Town Building Footprints,0,True,0,Myanmar Earthquake 2025 - Sagaing Town Building Footprints|100470_57356
OAM-401882-229432-19,fold_3,Myanmar,Myanmar Earthquake 2025 - Sagaing Town Building Footprints,0,True,0,Myanmar Earthquake 2025 - Sagaing Town Building Footprints|100470_57358
OAM-401882-229436-19,fold_0,Myanmar,Myanmar Earthquake 2025 - Sagaing Town Building Footprints,0,True,0,Myanmar Earthquake 2025 - Sagaing Town Building Footprints|100470_57359
OAM-401882-229440-19,fold_6,Myanmar,Myanmar Earthquake 2025 - Sagaing Town Building Footprints,0,True,0,Myanmar Earthquake 2025 - Sagaing Town Building Footprints|100470_57360
OAM-401882-229474-19,fold_1,Myanmar,Myanmar Earthquake 2025 - Sagaing Town Building Footprints,13,False,13,Myanmar Earthquake 2025 - Sagaing Town Building Footprints|100470_57368
OAM-401882-229483-19,fold_3,Myanmar,Myanmar Earthquake 2025 - Sagaing Town Building Footprints,0,True,0,Myanmar Earthquake 2025 - Sagaing Town Building Footprints|100470_57370
OAM-401883-229377-19,fold_0,Myanmar,Myanmar Earthquake 2025 - Sagaing Town Building Footprints,2,False,2,Myanmar Earthquake 2025 - Sagaing Town Building Footprints|100470_57344
OAM-401883-229396-19,fold_0,Myanmar,Myanmar Earthquake 2025 - Sagaing Town Building Footprints,0,True,0,Myanmar Earthquake 2025 - Sagaing Town Building Footprints|100470_57349
OAM-401883-229397-19,fold_0,Myanmar,Myanmar Earthquake 2025 - Sagaing Town Building Footprints,7,False,7,Myanmar Earthquake 2025 - Sagaing Town Building Footprints|100470_57349
OAM-401883-229417-19,fold_3,Myanmar,Myanmar Earthquake 2025 - Sagaing Town Building Footprints,0,True,0,Myanmar Earthquake 2025 - Sagaing Town Building Footprints|100470_57354
OAM-401883-229418-19,fold_3,Myanmar,Myanmar Earthquake 2025 - Sagaing Town Building Footprints,0,True,0,Myanmar Earthquake 2025 - Sagaing Town Building Footprints|100470_57354
OAM-401883-229422-19,fold_1,Myanmar,Myanmar Earthquake 2025 - Sagaing Town Building Footprints,0,True,0,Myanmar Earthquake 2025 - Sagaing Town Building Footprints|100470_57355
OAM-401883-229424-19,fold_0,Myanmar,Myanmar Earthquake 2025 - Sagaing Town Building Footprints,0,True,0,Myanmar Earthquake 2025 - Sagaing Town Building Footprints|100470_57356
OAM-401883-229433-19,fold_3,Myanmar,Myanmar Earthquake 2025 - Sagaing Town Building Footprints,0,True,0,Myanmar Earthquake 2025 - Sagaing Town Building Footprints|100470_57358
OAM-401883-229445-19,fold_0,Myanmar,Myanmar Earthquake 2025 - Sagaing Town Building Footprints,0,True,0,Myanmar Earthquake 2025 - Sagaing Town Building Footprints|100470_57361
OAM-401883-229446-19,fold_0,Myanmar,Myanmar Earthquake 2025 - Sagaing Town Building Footprints,0,True,0,Myanmar Earthquake 2025 - Sagaing Town Building Footprints|100470_57361
OAM-401883-229448-19,fold_1,Myanmar,Myanmar Earthquake 2025 - Sagaing Town Building Footprints,0,True,0,Myanmar Earthquake 2025 - Sagaing Town Building Footprints|100470_57362
OAM-401883-229452-19,fold_5,Myanmar,Myanmar Earthquake 2025 - Sagaing Town Building Footprints,0,True,0,Myanmar Earthquake 2025 - Sagaing Town Building Footprints|100470_57363
OAM-401883-229483-19,fold_3,Myanmar,Myanmar Earthquake 2025 - Sagaing Town Building Footprints,0,True,0,Myanmar Earthquake 2025 - Sagaing Town Building Footprints|100470_57370
OAM-401884-229356-19,fold_1,Myanmar,Myanmar Earthquake 2025 - Sagaing Town Building Footprints,0,True,0,Myanmar Earthquake 2025 - Sagaing Town Building Footprints|100471_57339
OAM-401884-229373-19,fold_4,Myanmar,Myanmar Earthquake 2025 - Sagaing Town Building Footprints,0,True,0,Myanmar Earthquake 2025 - Sagaing Town Building Footprints|100471_57343
OAM-401884-229407-19,fold_1,Myanmar,Myanmar Earthquake 2025 - Sagaing Town Building Footprints,0,True,0,Myanmar Earthquake 2025 - Sagaing Town Building Footprints|100471_57351
OAM-401884-229422-19,fold_6,Myanmar,Myanmar Earthquake 2025 - Sagaing Town Building Footprints,1,False,1,Myanmar Earthquake 2025 - Sagaing Town Building Footprints|100471_57355
OAM-401884-229428-19,fold_5,Myanmar,Myanmar Earthquake 2025 - Sagaing Town Building Footprints,0,True,0,Myanmar Earthquake 2025 - Sagaing Town Building Footprints|100471_57357
OAM-401884-229448-19,fold_3,Myanmar,Myanmar Earthquake 2025 - Sagaing Town Building Footprints,0,True,0,Myanmar Earthquake 2025 - Sagaing Town Building Footprints|100471_57362
OAM-401884-229450-19,fold_3,Myanmar,Myanmar Earthquake 2025 - Sagaing Town Building Footprints,0,True,0,Myanmar Earthquake 2025 - Sagaing Town Building Footprints|100471_57362
OAM-401884-229453-19,fold_3,Myanmar,Myanmar Earthquake 2025 - Sagaing Town Building Footprints,0,True,0,Myanmar Earthquake 2025 - Sagaing Town Building Footprints|100471_57363
OAM-401885-229358-19,fold_1,Myanmar,Myanmar Earthquake 2025 - Sagaing Town Building Footprints,0,True,0,Myanmar Earthquake 2025 - Sagaing Town Building Footprints|100471_57339
OAM-401885-229372-19,fold_4,Myanmar,Myanmar Earthquake 2025 - Sagaing Town Building Footprints,0,True,0,Myanmar Earthquake 2025 - Sagaing Town Building Footprints|100471_57343
OAM-401885-229384-19,fold_4,Myanmar,Myanmar Earthquake 2025 - Sagaing Town Building Footprints,0,True,0,Myanmar Earthquake 2025 - Sagaing Town Building Footprints|100471_57346
OAM-401885-229385-19,fold_4,Myanmar,Myanmar Earthquake 2025 - Sagaing Town Building Footprints,0,True,0,Myanmar Earthquake 2025 - Sagaing Town Building Footprints|100471_57346
OAM-401885-229395-19,fold_2,Myanmar,Myanmar Earthquake 2025 - Sagaing Town Building Footprints,0,True,0,Myanmar Earthquake 2025 - Sagaing Town Building Footprints|100471_57348
OAM-401885-229424-19,fold_2,Myanmar,Myanmar Earthquake 2025 - Sagaing Town Building Footprints,0,True,0,Myanmar Earthquake 2025 - Sagaing Town Building Footprints|100471_57356
OAM-401885-229425-19,fold_2,Myanmar,Myanmar Earthquake 2025 - Sagaing Town Building Footprints,0,True,0,Myanmar Earthquake 2025 - Sagaing Town Building Footprints|100471_57356
OAM-401885-229431-19,fold_5,Myanmar,Myanmar Earthquake 2025 - Sagaing Town Building Footprints,0,True,0,Myanmar Earthquake 2025 - Sagaing Town Building Footprints|100471_57357
OAM-401885-229443-19,fold_3,Myanmar,Myanmar Earthquake 2025 - Sagaing Town Building Footprints,0,True,0,Myanmar Earthquake 2025 - Sagaing Town Building Footprints|100471_57360
OAM-401885-229444-19,fold_0,Myanmar,Myanmar Earthquake 2025 - Sagaing Town Building Footprints,0,True,0,Myanmar Earthquake 2025 - Sagaing Town Building Footprints|100471_57361
OAM-401885-229445-19,fold_0,Myanmar,Myanmar Earthquake 2025 - Sagaing Town Building Footprints,0,True,0,Myanmar Earthquake 2025 - Sagaing Town Building Footprints|100471_57361
OAM-401885-229451-19,fold_3,Myanmar,Myanmar Earthquake 2025 - Sagaing Town Building Footprints,0,True,0,Myanmar Earthquake 2025 - Sagaing Town Building Footprints|100471_57362
OAM-401885-229453-19,fold_3,Myanmar,Myanmar Earthquake 2025 - Sagaing Town Building Footprints,0,True,0,Myanmar Earthquake 2025 - Sagaing Town Building Footprints|100471_57363
OAM-401886-229358-19,fold_1,Myanmar,Myanmar Earthquake 2025 - Sagaing Town Building Footprints,0,True,0,Myanmar Earthquake 2025 - Sagaing Town Building Footprints|100471_57339
OAM-401886-229373-19,fold_4,Myanmar,Myanmar Earthquake 2025 - Sagaing Town Building Footprints,0,True,0,Myanmar Earthquake 2025 - Sagaing Town Building Footprints|100471_57343
OAM-401886-229375-19,fold_4,Myanmar,Myanmar Earthquake 2025 - Sagaing Town Building Footprints,0,True,0,Myanmar Earthquake 2025 - Sagaing Town Building Footprints|100471_57343
OAM-401886-229389-19,fold_5,Myanmar,Myanmar Earthquake 2025 - Sagaing Town Building Footprints,5,False,5,Myanmar Earthquake 2025 - Sagaing Town Building Footprints|100471_57347
OAM-401886-229421-19,fold_6,Myanmar,Myanmar Earthquake 2025 - Sagaing Town Building Footprints,0,True,0,Myanmar Earthquake 2025 - Sagaing Town Building Footprints|100471_57355
OAM-401886-229422-19,fold_6,Myanmar,Myanmar Earthquake 2025 - Sagaing Town Building Footprints,0,True,0,Myanmar Earthquake 2025 - Sagaing Town Building Footprints|100471_57355
OAM-401886-229442-19,fold_3,Myanmar,Myanmar Earthquake 2025 - Sagaing Town Building Footprints,0,True,0,Myanmar Earthquake 2025 - Sagaing Town Building Footprints|100471_57360
OAM-401886-229444-19,fold_0,Myanmar,Myanmar Earthquake 2025 - Sagaing Town Building Footprints,0,True,0,Myanmar Earthquake 2025 - Sagaing Town Building Footprints|100471_57361
OAM-401886-229446-19,fold_0,Myanmar,Myanmar Earthquake 2025 - Sagaing Town Building Footprints,0,True,0,Myanmar Earthquake 2025 - Sagaing Town Building Footprints|100471_57361
OAM-401886-229459-19,fold_3,Myanmar,Myanmar Earthquake 2025 - Sagaing Town Building Footprints,1,False,1,Myanmar Earthquake 2025 - Sagaing Town Building Footprints|100471_57364
OAM-401886-229467-19,fold_0,Myanmar,Myanmar Earthquake 2025 - Sagaing Town Building Footprints,0,True,0,Myanmar Earthquake 2025 - Sagaing Town Building Footprints|100471_57366
OAM-401886-229470-19,fold_6,Myanmar,Myanmar Earthquake 2025 - Sagaing Town Building Footprints,5,False,5,Myanmar Earthquake 2025 - Sagaing Town Building Footprints|100471_57367
OAM-401886-229481-19,fold_0,Myanmar,Myanmar Earthquake 2025 - Sagaing Town Building Footprints,5,False,5,Myanmar Earthquake 2025 - Sagaing Town Building Footprints|100471_57370
OAM-401887-229369-19,fold_5,Myanmar,Myanmar Earthquake 2025 - Sagaing Town Building Footprints,0,True,0,Myanmar Earthquake 2025 - Sagaing Town Building Footprints|100471_57342
OAM-401887-229370-19,fold_5,Myanmar,Myanmar Earthquake 2025 - Sagaing Town Building Footprints,0,True,0,Myanmar Earthquake 2025 - Sagaing Town Building Footprints|100471_57342
OAM-401887-229378-19,fold_3,Myanmar,Myanmar Earthquake 2025 - Sagaing Town Building Footprints,0,True,0,Myanmar Earthquake 2025 - Sagaing Town Building Footprints|100471_57344
OAM-401887-229402-19,fold_5,Myanmar,Myanmar Earthquake 2025 - Sagaing Town Building Footprints,0,True,0,Myanmar Earthquake 2025 - Sagaing Town Building Footprints|100471_57350
OAM-401887-229407-19,fold_1,Myanmar,Myanmar Earthquake 2025 - Sagaing Town Building Footprints,1,False,1,Myanmar Earthquake 2025 - Sagaing Town Building Footprints|100471_57351
OAM-401887-229422-19,fold_6,Myanmar,Myanmar Earthquake 2025 - Sagaing Town Building Footprints,0,True,0,Myanmar Earthquake 2025 - Sagaing Town Building Footprints|100471_57355
OAM-401887-229437-19,fold_4,Myanmar,Myanmar Earthquake 2025 - Sagaing Town Building Footprints,0,True,0,Myanmar Earthquake 2025 - Sagaing Town Building Footprints|100471_57359
OAM-401887-229438-19,fold_4,Myanmar,Myanmar Earthquake 2025 - Sagaing Town Building Footprints,0,True,0,Myanmar Earthquake 2025 - Sagaing Town Building Footprints|100471_57359
OAM-401887-229449-19,fold_3,Myanmar,Myanmar Earthquake 2025 - Sagaing Town Building Footprints,0,True,0,Myanmar Earthquake 2025 - Sagaing Town Building Footprints|100471_57362
OAM-401887-229456-19,fold_3,Myanmar,Myanmar Earthquake 2025 - Sagaing Town Building Footprints,0,True,0,Myanmar Earthquake 2025 - Sagaing Town Building Footprints|100471_57364
OAM-401887-229458-19,fold_3,Myanmar,Myanmar Earthquake 2025 - Sagaing Town Building Footprints,1,False,1,Myanmar Earthquake 2025 - Sagaing Town Building Footprints|100471_57364
OAM-401887-229459-19,fold_3,Myanmar,Myanmar Earthquake 2025 - Sagaing Town Building Footprints,0,True,0,Myanmar Earthquake 2025 - Sagaing Town Building Footprints|100471_57364
OAM-401887-229482-19,fold_0,Myanmar,Myanmar Earthquake 2025 - Sagaing Town Building Footprints,5,False,5,Myanmar Earthquake 2025 - Sagaing Town Building Footprints|100471_57370
OAM-401888-229361-19,fold_0,Myanmar,Myanmar Earthquake 2025 - Sagaing Town Building Footprints,0,True,0,Myanmar Earthquake 2025 - Sagaing Town Building Footprints|100472_57340
OAM-401888-229365-19,fold_0,Myanmar,Myanmar Earthquake 2025 - Sagaing Town Building Footprints,0,True,0,Myanmar Earthquake 2025 - Sagaing Town Building Footprints|100472_57341
OAM-401888-229376-19,fold_6,Myanmar,Myanmar Earthquake 2025 - Sagaing Town Building Footprints,0,True,0,Myanmar Earthquake 2025 - Sagaing Town Building Footprints|100472_57344
OAM-401888-229380-19,fold_4,Myanmar,Myanmar Earthquake 2025 - Sagaing Town Building Footprints,0,True,0,Myanmar Earthquake 2025 - Sagaing Town Building Footprints|100472_57345
OAM-401888-229403-19,fold_1,Myanmar,Myanmar Earthquake 2025 - Sagaing Town Building Footprints,0,True,0,Myanmar Earthquake 2025 - Sagaing Town Building Footprints|100472_57350
OAM-401888-229424-19,fold_2,Myanmar,Myanmar Earthquake 2025 - Sagaing Town Building Footprints,0,True,0,Myanmar Earthquake 2025 - Sagaing Town Building Footprints|100472_57356
OAM-401888-229451-19,fold_0,Myanmar,Myanmar Earthquake 2025 - Sagaing Town Building Footprints,0,True,0,Myanmar Earthquake 2025 - Sagaing Town Building Footprints|100472_57362
OAM-401888-229453-19,fold_2,Myanmar,Myanmar Earthquake 2025 - Sagaing Town Building Footprints,0,True,0,Myanmar Earthquake 2025 - Sagaing Town Building Footprints|100472_57363
OAM-401888-229455-19,fold_2,Myanmar,Myanmar Earthquake 2025 - Sagaing Town Building Footprints,0,True,0,Myanmar Earthquake 2025 - Sagaing Town Building Footprints|100472_57363
OAM-401888-229457-19,fold_6,Myanmar,Myanmar Earthquake 2025 - Sagaing Town Building Footprints,0,True,0,Myanmar Earthquake 2025 - Sagaing Town Building Footprints|100472_57364
OAM-401888-229463-19,fold_5,Myanmar,Myanmar Earthquake 2025 - Sagaing Town Building Footprints,0,True,0,Myanmar Earthquake 2025 - Sagaing Town Building Footprints|100472_57365
OAM-401888-229464-19,fold_0,Myanmar,Myanmar Earthquake 2025 - Sagaing Town Building Footprints,0,True,0,Myanmar Earthquake 2025 - Sagaing Town Building Footprints|100472_57366
OAM-401888-229473-19,fold_2,Myanmar,Myanmar Earthquake 2025 - Sagaing Town Building Footprints,5,False,5,Myanmar Earthquake 2025 - Sagaing Town Building Footprints|100472_57368
OAM-401888-229475-19,fold_2,Myanmar,Myanmar Earthquake 2025 - Sagaing Town Building Footprints,5,False,5,Myanmar Earthquake 2025 - Sagaing Town Building Footprints|100472_57368
OAM-401889-229351-19,fold_6,Myanmar,Myanmar Earthquake 2025 - Sagaing Town Building Footprints,0,True,0,Myanmar Earthquake 2025 - Sagaing Town Building Footprints|100472_57337
OAM-401889-229352-19,fold_6,Myanmar,Myanmar Earthquake 2025 - Sagaing Town Building Footprints,0,True,0,Myanmar Earthquake 2025 - Sagaing Town Building Footprints|100472_57338
OAM-401889-229364-19,fold_0,Myanmar,Myanmar Earthquake 2025 - Sagaing Town Building Footprints,0,True,0,Myanmar Earthquake 2025 - Sagaing Town Building Footprints|100472_57341
OAM-401889-229380-19,fold_4,Myanmar,Myanmar Earthquake 2025 - Sagaing Town Building Footprints,0,True,0,Myanmar Earthquake 2025 - Sagaing Town Building Footprints|100472_57345
OAM-401889-229384-19,fold_1,Myanmar,Myanmar Earthquake 2025 - Sagaing Town Building Footprints,0,True,0,Myanmar Earthquake 2025 - Sagaing Town Building Footprints|100472_57346
OAM-401889-229406-19,fold_0,Myanmar,Myanmar Earthquake 2025 - Sagaing Town Building Footprints,0,True,0,Myanmar Earthquake 2025 - Sagaing Town Building Footprints|100472_57351
OAM-401889-229418-19,fold_3,Myanmar,Myanmar Earthquake 2025 - Sagaing Town Building Footprints,5,False,5,Myanmar Earthquake 2025 - Sagaing Town Building Footprints|100472_57354
OAM-401889-229423-19,fold_3,Myanmar,Myanmar Earthquake 2025 - Sagaing Town Building Footprints,0,True,0,Myanmar Earthquake 2025 - Sagaing Town Building Footprints|100472_57355
OAM-401889-229424-19,fold_2,Myanmar,Myanmar Earthquake 2025 - Sagaing Town Building Footprints,0,True,0,Myanmar Earthquake 2025 - Sagaing Town Building Footprints|100472_57356
OAM-401889-229433-19,fold_5,Myanmar,Myanmar Earthquake 2025 - Sagaing Town Building Footprints,0,True,0,Myanmar Earthquake 2025 - Sagaing Town Building Footprints|100472_57358
OAM-401889-229435-19,fold_5,Myanmar,Myanmar Earthquake 2025 - Sagaing Town Building Footprints,0,True,0,Myanmar Earthquake 2025 - Sagaing Town Building Footprints|100472_57358
OAM-401889-229440-19,fold_1,Myanmar,Myanmar Earthquake 2025 - Sagaing Town Building Footprints,2,False,2,Myanmar Earthquake 2025 - Sagaing Town Building Footprints|100472_57360
OAM-401889-229445-19,fold_0,Myanmar,Myanmar Earthquake 2025 - Sagaing Town Building Footprints,0,True,0,Myanmar Earthquake 2025 - Sagaing Town Building Footprints|100472_57361
OAM-401889-229446-19,fold_0,Myanmar,Myanmar Earthquake 2025 - Sagaing Town Building Footprints,0,True,0,Myanmar Earthquake 2025 - Sagaing Town Building Footprints|100472_57361
OAM-401889-229453-19,fold_2,Myanmar,Myanmar Earthquake 2025 - Sagaing Town Building Footprints,0,True,0,Myanmar Earthquake 2025 - Sagaing Town Building Footprints|100472_57363
OAM-401889-229457-19,fold_6,Myanmar,Myanmar Earthquake 2025 - Sagaing Town Building Footprints,0,True,0,Myanmar Earthquake 2025 - Sagaing Town Building Footprints|100472_57364
OAM-401889-229468-19,fold_1,Myanmar,Myanmar Earthquake 2025 - Sagaing Town Building Footprints,5,False,5,Myanmar Earthquake 2025 - Sagaing Town Building Footprints|100472_57367
OAM-401890-229354-19,fold_6,Myanmar,Myanmar Earthquake 2025 - Sagaing Town Building Footprints,0,True,0,Myanmar Earthquake 2025 - Sagaing Town Building Footprints|100472_57338
OAM-401890-229362-19,fold_0,Myanmar,Myanmar Earthquake 2025 - Sagaing Town Building Footprints,0,True,0,Myanmar Earthquake 2025 - Sagaing Town Building Footprints|100472_57340
OAM-401890-229370-19,fold_2,Myanmar,Myanmar Earthquake 2025 - Sagaing Town Building Footprints,0,True,0,Myanmar Earthquake 2025 - Sagaing Town Building Footprints|100472_57342
OAM-401890-229376-19,fold_6,Myanmar,Myanmar Earthquake 2025 - Sagaing Town Building Footprints,0,True,0,Myanmar Earthquake 2025 - Sagaing Town Building Footprints|100472_57344
OAM-401890-229389-19,fold_6,Myanmar,Myanmar Earthquake 2025 - Sagaing Town Building Footprints,5,False,5,Myanmar Earthquake 2025 - Sagaing Town Building Footprints|100472_57347
OAM-401890-229390-19,fold_6,Myanmar,Myanmar Earthquake 2025 - Sagaing Town Building Footprints,5,False,5,Myanmar Earthquake 2025 - Sagaing Town Building Footprints|100472_57347
OAM-401890-229393-19,fold_1,Myanmar,Myanmar Earthquake 2025 - Sagaing Town Building Footprints,5,False,5,Myanmar Earthquake 2025 - Sagaing Town Building Footprints|100472_57348
OAM-401890-229405-19,fold_0,Myanmar,Myanmar Earthquake 2025 - Sagaing Town Building Footprints,6,False,6,Myanmar Earthquake 2025 - Sagaing Town Building Footprints|100472_57351
OAM-401890-229419-19,fold_3,Myanmar,Myanmar Earthquake 2025 - Sagaing Town Building Footprints,2,False,2,Myanmar Earthquake 2025 - Sagaing Town Building Footprints|100472_57354
OAM-401890-229423-19,fold_3,Myanmar,Myanmar Earthquake 2025 - Sagaing Town Building Footprints,0,True,0,Myanmar Earthquake 2025 - Sagaing Town Building Footprints|100472_57355
OAM-401890-229428-19,fold_4,Myanmar,Myanmar Earthquake 2025 - Sagaing Town Building Footprints,0,True,0,Myanmar Earthquake 2025 - Sagaing Town Building Footprints|100472_57357
OAM-401890-229436-19,fold_3,Myanmar,Myanmar Earthquake 2025 - Sagaing Town Building Footprints,0,True,0,Myanmar Earthquake 2025 - Sagaing Town Building Footprints|100472_57359
OAM-401890-229440-19,fold_1,Myanmar,Myanmar Earthquake 2025 - Sagaing Town Building Footprints,0,True,0,Myanmar Earthquake 2025 - Sagaing Town Building Footprints|100472_57360
OAM-401890-229441-19,fold_1,Myanmar,Myanmar Earthquake 2025 - Sagaing Town Building Footprints,0,True,0,Myanmar Earthquake 2025 - Sagaing Town Building Footprints|100472_57360
OAM-401890-229442-19,fold_1,Myanmar,Myanmar Earthquake 2025 - Sagaing Town Building Footprints,0,True,0,Myanmar Earthquake 2025 - Sagaing Town Building Footprints|100472_57360
OAM-401890-229448-19,fold_0,Myanmar,Myanmar Earthquake 2025 - Sagaing Town Building Footprints,0,True,0,Myanmar Earthquake 2025 - Sagaing Town Building Footprints|100472_57362
OAM-401890-229468-19,fold_1,Myanmar,Myanmar Earthquake 2025 - Sagaing Town Building Footprints,5,False,5,Myanmar Earthquake 2025 - Sagaing Town Building Footprints|100472_57367
OAM-401890-229476-19,fold_2,Myanmar,Myanmar Earthquake 2025 - Sagaing Town Building Footprints,5,False,5,Myanmar Earthquake 2025 - Sagaing Town Building Footprints|100472_57369
OAM-401890-229480-19,fold_0,Myanmar,Myanmar Earthquake 2025 - Sagaing Town Building Footprints,5,False,5,Myanmar Earthquake 2025 - Sagaing Town Building Footprints|100472_57370
OAM-401891-229370-19,fold_2,Myanmar,Myanmar Earthquake 2025 - Sagaing Town Building Footprints,0,True,0,Myanmar Earthquake 2025 - Sagaing Town Building Footprints|100472_57342
OAM-401891-229373-19,fold_0,Myanmar,Myanmar Earthquake 2025 - Sagaing Town Building Footprints,0,True,0,Myanmar Earthquake 2025 - Sagaing Town Building Footprints|100472_57343
OAM-401891-229419-19,fold_3,Myanmar,Myanmar Earthquake 2025 - Sagaing Town Building Footprints,0,True,0,Myanmar Earthquake 2025 - Sagaing Town Building Footprints|100472_57354
OAM-401891-229424-19,fold_2,Myanmar,Myanmar Earthquake 2025 - Sagaing Town Building Footprints,0,True,0,Myanmar Earthquake 2025 - Sagaing Town Building Footprints|100472_57356
OAM-401891-229427-19,fold_2,Myanmar,Myanmar Earthquake 2025 - Sagaing Town Building Footprints,0,True,0,Myanmar Earthquake 2025 - Sagaing Town Building Footprints|100472_57356
OAM-401891-229431-19,fold_4,Myanmar,Myanmar Earthquake 2025 - Sagaing Town Building Footprints,1,False,1,Myanmar Earthquake 2025 - Sagaing Town Building Footprints|100472_57357
OAM-401891-229433-19,fold_5,Myanmar,Myanmar Earthquake 2025 - Sagaing Town Building Footprints,0,True,0,Myanmar Earthquake 2025 - Sagaing Town Building Footprints|100472_57358
OAM-401891-229441-19,fold_1,Myanmar,Myanmar Earthquake 2025 - Sagaing Town Building Footprints,0,True,0,Myanmar Earthquake 2025 - Sagaing Town Building Footprints|100472_57360
OAM-401891-229444-19,fold_0,Myanmar,Myanmar Earthquake 2025 - Sagaing Town Building Footprints,0,True,0,Myanmar Earthquake 2025 - Sagaing Town Building Footprints|100472_57361
OAM-401891-229445-19,fold_0,Myanmar,Myanmar Earthquake 2025 - Sagaing Town Building Footprints,0,True,0,Myanmar Earthquake 2025 - Sagaing Town Building Footprints|100472_57361
OAM-401891-229446-19,fold_0,Myanmar,Myanmar Earthquake 2025 - Sagaing Town Building Footprints,0,True,0,Myanmar Earthquake 2025 - Sagaing Town Building Footprints|100472_57361
OAM-401891-229448-19,fold_0,Myanmar,Myanmar Earthquake 2025 - Sagaing Town Building Footprints,0,True,0,Myanmar Earthquake 2025 - Sagaing Town Building Footprints|100472_57362
OAM-401891-229451-19,fold_0,Myanmar,Myanmar Earthquake 2025 - Sagaing Town Building Footprints,0,True,0,Myanmar Earthquake 2025 - Sagaing Town Building Footprints|100472_57362
OAM-401891-229457-19,fold_6,Myanmar,Myanmar Earthquake 2025 - Sagaing Town Building Footprints,0,True,0,Myanmar Earthquake 2025 - Sagaing Town Building Footprints|100472_57364
OAM-401891-229459-19,fold_6,Myanmar,Myanmar Earthquake 2025 - Sagaing Town Building Footprints,0,True,0,Myanmar Earthquake 2025 - Sagaing Town Building Footprints|100472_57364
OAM-401891-229460-19,fold_5,Myanmar,Myanmar Earthquake 2025 - Sagaing Town Building Footprints,0,True,0,Myanmar Earthquake 2025 - Sagaing Town Building Footprints|100472_57365
OAM-401891-229462-19,fold_5,Myanmar,Myanmar Earthquake 2025 - Sagaing Town Building Footprints,0,True,0,Myanmar Earthquake 2025 - Sagaing Town Building Footprints|100472_57365
OAM-401891-229463-19,fold_5,Myanmar,Myanmar Earthquake 2025 - Sagaing Town Building Footprints,0,True,0,Myanmar Earthquake 2025 - Sagaing Town Building Footprints|100472_57365
OAM-401891-229466-19,fold_0,Myanmar,Myanmar Earthquake 2025 - Sagaing Town Building Footprints,5,False,5,Myanmar Earthquake 2025 - Sagaing Town Building Footprints|100472_57366
OAM-401891-229480-19,fold_0,Myanmar,Myanmar Earthquake 2025 - Sagaing Town Building Footprints,5,False,5,Myanmar Earthquake 2025 - Sagaing Town Building Footprints|100472_57370
OAM-401892-229350-19,fold_3,Myanmar,Myanmar Earthquake 2025 - Sagaing Town Building Footprints,0,True,0,Myanmar Earthquake 2025 - Sagaing Town Building Footprints|100473_57337
OAM-401892-229359-19,fold_2,Myanmar,Myanmar Earthquake 2025 - Sagaing Town Building Footprints,0,True,0,Myanmar Earthquake 2025 - Sagaing Town Building Footprints|100473_57339
OAM-401892-229374-19,fold_5,Myanmar,Myanmar Earthquake 2025 - Sagaing Town Building Footprints,0,True,0,Myanmar Earthquake 2025 - Sagaing Town Building Footprints|100473_57343
OAM-401892-229385-19,fold_2,Myanmar,Myanmar Earthquake 2025 - Sagaing Town Building Footprints,0,True,0,Myanmar Earthquake 2025 - Sagaing Town Building Footprints|100473_57346
OAM-401892-229404-19,fold_4,Myanmar,Myanmar Earthquake 2025 - Sagaing Town Building Footprints,2,False,2,Myanmar Earthquake 2025 - Sagaing Town Building Footprints|100473_57351
OAM-401892-229405-19,fold_4,Myanmar,Myanmar Earthquake 2025 - Sagaing Town Building Footprints,1,False,1,Myanmar Earthquake 2025 - Sagaing Town Building Footprints|100473_57351
OAM-401892-229407-19,fold_4,Myanmar,Myanmar Earthquake 2025 - Sagaing Town Building Footprints,2,False,2,Myanmar Earthquake 2025 - Sagaing Town Building Footprints|100473_57351
OAM-401892-229416-19,fold_5,Myanmar,Myanmar Earthquake 2025 - Sagaing Town Building Footprints,0,True,0,Myanmar Earthquake 2025 - Sagaing Town Building Footprints|100473_57354
OAM-401892-229433-19,fold_0,Myanmar,Myanmar Earthquake 2025 - Sagaing Town Building Footprints,0,True,0,Myanmar Earthquake 2025 - Sagaing Town Building Footprints|100473_57358
OAM-401892-229436-19,fold_1,Myanmar,Myanmar Earthquake 2025 - Sagaing Town Building Footprints,0,True,0,Myanmar Earthquake 2025 - Sagaing Town Building Footprints|100473_57359
OAM-401892-229446-19,fold_6,Myanmar,Myanmar Earthquake 2025 - Sagaing Town Building Footprints,0,True,0,Myanmar Earthquake 2025 - Sagaing Town Building Footprints|100473_57361
OAM-401892-229447-19,fold_6,Myanmar,Myanmar Earthquake 2025 - Sagaing Town Building Footprints,0,True,0,Myanmar Earthquake 2025 - Sagaing Town Building Footprints|100473_57361
OAM-401892-229448-19,fold_6,Myanmar,Myanmar Earthquake 2025 - Sagaing Town Building Footprints,0,True,0,Myanmar Earthquake 2025 - Sagaing Town Building Footprints|100473_57362
OAM-401892-229451-19,fold_6,Myanmar,Myanmar Earthquake 2025 - Sagaing Town Building Footprints,6,False,6,Myanmar Earthquake 2025 - Sagaing Town Building Footprints|100473_57362
OAM-401892-229462-19,fold_6,Myanmar,Myanmar Earthquake 2025 - Sagaing Town Building Footprints,0,True,0,Myanmar Earthquake 2025 - Sagaing Town Building Footprints|100473_57365
OAM-401892-229463-19,fold_6,Myanmar,Myanmar Earthquake 2025 - Sagaing Town Building Footprints,0,True,0,Myanmar Earthquake 2025 - Sagaing Town Building Footprints|100473_57365
OAM-401892-229482-19,fold_1,Myanmar,Myanmar Earthquake 2025 - Sagaing Town Building Footprints,5,False,5,Myanmar Earthquake 2025 - Sagaing Town Building Footprints|100473_57370
OAM-401893-229376-19,fold_2,Myanmar,Myanmar Earthquake 2025 - Sagaing Town Building Footprints,0,True,0,Myanmar Earthquake 2025 - Sagaing Town Building Footprints|100473_57344
OAM-401893-229383-19,fold_5,Myanmar,Myanmar Earthquake 2025 - Sagaing Town Building Footprints,0,True,0,Myanmar Earthquake 2025 - Sagaing Town Building Footprints|100473_57345
OAM-401893-229384-19,fold_2,Myanmar,Myanmar Earthquake 2025 - Sagaing Town Building Footprints,1,False,1,Myanmar Earthquake 2025 - Sagaing Town Building Footprints|100473_57346
OAM-401893-229386-19,fold_2,Myanmar,Myanmar Earthquake 2025 - Sagaing Town Building Footprints,5,False,5,Myanmar Earthquake 2025 - Sagaing Town Building Footprints|100473_57346
OAM-401893-229399-19,fold_6,Myanmar,Myanmar Earthquake 2025 - Sagaing Town Building Footprints,0,True,0,Myanmar Earthquake 2025 - Sagaing Town Building Footprints|100473_57349
OAM-401893-229405-19,fold_4,Myanmar,Myanmar Earthquake 2025 - Sagaing Town Building Footprints,3,False,3,Myanmar Earthquake 2025 - Sagaing Town Building Footprints|100473_57351
OAM-401893-229413-19,fold_1,Myanmar,Myanmar Earthquake 2025 - Sagaing Town Building Footprints,0,True,0,Myanmar Earthquake 2025 - Sagaing Town Building Footprints|100473_57353
OAM-401893-229417-19,fold_5,Myanmar,Myanmar Earthquake 2025 - Sagaing Town Building Footprints,1,False,1,Myanmar Earthquake 2025 - Sagaing Town Building Footprints|100473_57354
OAM-401893-229423-19,fold_2,Myanmar,Myanmar Earthquake 2025 - Sagaing Town Building Footprints,20,False,20,Myanmar Earthquake 2025 - Sagaing Town Building Footprints|100473_57355
OAM-401893-229432-19,fold_0,Myanmar,Myanmar Earthquake 2025 - Sagaing Town Building Footprints,0,True,0,Myanmar Earthquake 2025 - Sagaing Town Building Footprints|100473_57358
OAM-401893-229436-19,fold_1,Myanmar,Myanmar Earthquake 2025 - Sagaing Town Building Footprints,0,True,0,Myanmar Earthquake 2025 - Sagaing Town Building Footprints|100473_57359
OAM-401893-229438-19,fold_1,Myanmar,Myanmar Earthquake 2025 - Sagaing Town Building Footprints,0,True,0,Myanmar Earthquake 2025 - Sagaing Town Building Footprints|100473_57359
OAM-401893-229444-19,fold_6,Myanmar,Myanmar Earthquake 2025 - Sagaing Town Building Footprints,0,True,0,Myanmar Earthquake 2025 - Sagaing Town Building Footprints|100473_57361
OAM-401893-229447-19,fold_6,Myanmar,Myanmar Earthquake 2025 - Sagaing Town Building Footprints,0,True,0,Myanmar Earthquake 2025 - Sagaing Town Building Footprints|100473_57361
OAM-401893-229449-19,fold_6,Myanmar,Myanmar Earthquake 2025 - Sagaing Town Building Footprints,0,True,0,Myanmar Earthquake 2025 - Sagaing Town Building Footprints|100473_57362
OAM-401894-229352-19,fold_3,Myanmar,Myanmar Earthquake 2025 - Sagaing Town Building Footprints,0,True,0,Myanmar Earthquake 2025 - Sagaing Town Building Footprints|100473_57338
OAM-401894-229355-19,fold_3,Myanmar,Myanmar Earthquake 2025 - Sagaing Town Building Footprints,0,True,0,Myanmar Earthquake 2025 - Sagaing Town Building Footprints|100473_57338
OAM-401894-229356-19,fold_2,Myanmar,Myanmar Earthquake 2025 - Sagaing Town Building Footprints,0,True,0,Myanmar Earthquake 2025 - Sagaing Town Building Footprints|100473_57339
OAM-401894-229383-19,fold_5,Myanmar,Myanmar Earthquake 2025 - Sagaing Town Building Footprints,0,True,0,Myanmar Earthquake 2025 - Sagaing Town Building Footprints|100473_57345
OAM-401894-229418-19,fold_5,Myanmar,Myanmar Earthquake 2025 - Sagaing Town Building Footprints,0,True,0,Myanmar Earthquake 2025 - Sagaing Town Building Footprints|100473_57354
OAM-401894-229446-19,fold_6,Myanmar,Myanmar Earthquake 2025 - Sagaing Town Building Footprints,0,True,0,Myanmar Earthquake 2025 - Sagaing Town Building Footprints|100473_57361
OAM-401894-229447-19,fold_6,Myanmar,Myanmar Earthquake 2025 - Sagaing Town Building Footprints,0,True,0,Myanmar Earthquake 2025 - Sagaing Town Building Footprints|100473_57361
OAM-401894-229452-19,fold_1,Myanmar,Myanmar Earthquake 2025 - Sagaing Town Building Footprints,4,False,4,Myanmar Earthquake 2025 - Sagaing Town Building Footprints|100473_57363
OAM-401895-229349-19,fold_3,Myanmar,Myanmar Earthquake 2025 - Sagaing Town Building Footprints,0,True,0,Myanmar Earthquake 2025 - Sagaing Town Building Footprints|100473_57337
OAM-401895-229350-19,fold_3,Myanmar,Myanmar Earthquake 2025 - Sagaing Town Building Footprints,0,True,0,Myanmar Earthquake 2025 - Sagaing Town Building Footprints|100473_57337
OAM-401895-229353-19,fold_3,Myanmar,Myanmar Earthquake 2025 - Sagaing Town Building Footprints,0,True,0,Myanmar Earthquake 2025 - Sagaing Town Building Footprints|100473_57338
OAM-401895-229410-19,fold_0,Myanmar,Myanmar Earthquake 2025 - Sagaing Town Building Footprints,3,False,3,Myanmar Earthquake 2025 - Sagaing Town Building Footprints|100473_57352
OAM-401895-229431-19,fold_0,Myanmar,Myanmar Earthquake 2025 - Sagaing Town Building Footprints,5,False,5,Myanmar Earthquake 2025 - Sagaing Town Building Footprints|100473_57357
OAM-401895-229433-19,fold_0,Myanmar,Myanmar Earthquake 2025 - Sagaing Town Building Footprints,4,False,4,Myanmar Earthquake 2025 - Sagaing Town Building Footprints|100473_57358
OAM-401895-229436-19,fold_1,Myanmar,Myanmar Earthquake 2025 - Sagaing Town Building Footprints,5,False,5,Myanmar Earthquake 2025 - Sagaing Town Building Footprints|100473_57359
OAM-401895-229440-19,fold_4,Myanmar,Myanmar Earthquake 2025 - Sagaing Town Building Footprints,0,True,0,Myanmar Earthquake 2025 - Sagaing Town Building Footprints|100473_57360
OAM-401895-229447-19,fold_6,Myanmar,Myanmar Earthquake 2025 - Sagaing Town Building Footprints,0,True,0,Myanmar Earthquake 2025 - Sagaing Town Building Footprints|100473_57361
OAM-401895-229448-19,fold_6,Myanmar,Myanmar Earthquake 2025 - Sagaing Town Building Footprints,13,False,13,Myanmar Earthquake 2025 - Sagaing Town Building Footprints|100473_57362
OAM-401895-229449-19,fold_6,Myanmar,Myanmar Earthquake 2025 - Sagaing Town Building Footprints,5,False,5,Myanmar Earthquake 2025 - Sagaing Town Building Footprints|100473_57362
OAM-401895-229458-19,fold_0,Myanmar,Myanmar Earthquake 2025 - Sagaing Town Building Footprints,0,True,0,Myanmar Earthquake 2025 - Sagaing Town Building Footprints|100473_57364
OAM-401895-229459-19,fold_0,Myanmar,Myanmar Earthquake 2025 - Sagaing Town Building Footprints,0,True,0,Myanmar Earthquake 2025 - Sagaing Town Building Footprints|100473_57364
OAM-401895-229461-19,fold_6,Myanmar,Myanmar Earthquake 2025 - Sagaing Town Building Footprints,0,True,0,Myanmar Earthquake 2025 - Sagaing Town Building Footprints|100473_57365
OAM-401895-229484-19,fold_4,Myanmar,Myanmar Earthquake 2025 - Sagaing Town Building Footprints,5,False,5,Myanmar Earthquake 2025 - Sagaing Town Building Footprints|100473_57371
OAM-401896-229350-19,fold_0,Myanmar,Myanmar Earthquake 2025 - Sagaing Town Building Footprints,0,True,0,Myanmar Earthquake 2025 - Sagaing Town Building Footprints|100474_57337
OAM-401896-229351-19,fold_0,Myanmar,Myanmar Earthquake 2025 - Sagaing Town Building Footprints,0,True,0,Myanmar Earthquake 2025 - Sagaing Town Building Footprints|100474_57337
OAM-401896-229373-19,fold_2,Myanmar,Myanmar Earthquake 2025 - Sagaing Town Building Footprints,3,False,3,Myanmar Earthquake 2025 - Sagaing Town Building Footprints|100474_57343
OAM-401896-229374-19,fold_2,Myanmar,Myanmar Earthquake 2025 - Sagaing Town Building Footprints,8,False,8,Myanmar Earthquake 2025 - Sagaing Town Building Footprints|100474_57343
OAM-401896-229376-19,fold_4,Myanmar,Myanmar Earthquake 2025 - Sagaing Town Building Footprints,7,False,7,Myanmar Earthquake 2025 - Sagaing Town Building Footprints|100474_57344
OAM-401896-229383-19,fold_1,Myanmar,Myanmar Earthquake 2025 - Sagaing Town Building Footprints,0,True,0,Myanmar Earthquake 2025 - Sagaing Town Building Footprints|100474_57345
OAM-401896-229396-19,fold_1,Myanmar,Myanmar Earthquake 2025 - Sagaing Town Building Footprints,5,False,5,Myanmar Earthquake 2025 - Sagaing Town Building Footprints|100474_57349
OAM-401896-229410-19,fold_4,Myanmar,Myanmar Earthquake 2025 - Sagaing Town Building Footprints,1,False,1,Myanmar Earthquake 2025 - Sagaing Town Building Footprints|100474_57352
OAM-401896-229414-19,fold_2,Myanmar,Myanmar Earthquake 2025 - Sagaing Town Building Footprints,5,False,5,Myanmar Earthquake 2025 - Sagaing Town Building Footprints|100474_57353
OAM-401896-229418-19,fold_0,Myanmar,Myanmar Earthquake 2025 - Sagaing Town Building Footprints,0,True,0,Myanmar Earthquake 2025 - Sagaing Town Building Footprints|100474_57354
OAM-401896-229435-19,fold_1,Myanmar,Myanmar Earthquake 2025 - Sagaing Town Building Footprints,3,False,3,Myanmar Earthquake 2025 - Sagaing Town Building Footprints|100474_57358
OAM-401896-229437-19,fold_5,Myanmar,Myanmar Earthquake 2025 - Sagaing Town Building Footprints,0,True,0,Myanmar Earthquake 2025 - Sagaing Town Building Footprints|100474_57359
OAM-401896-229440-19,fold_0,Myanmar,Myanmar Earthquake 2025 - Sagaing Town Building Footprints,0,True,0,Myanmar Earthquake 2025 - Sagaing Town Building Footprints|100474_57360
OAM-401896-229442-19,fold_0,Myanmar,Myanmar Earthquake 2025 - Sagaing Town Building Footprints,1,False,1,Myanmar Earthquake 2025 - Sagaing Town Building Footprints|100474_57360
OAM-401896-229448-19,fold_2,Myanmar,Myanmar Earthquake 2025 - Sagaing Town Building Footprints,6,False,6,Myanmar Earthquake 2025 - Sagaing Town Building Footprints|100474_57362
OAM-401896-229449-19,fold_2,Myanmar,Myanmar Earthquake 2025 - Sagaing Town Building Footprints,0,True,0,Myanmar Earthquake 2025 - Sagaing Town Building Footprints|100474_57362
OAM-401896-229461-19,fold_1,Myanmar,Myanmar Earthquake 2025 - Sagaing Town Building Footprints,0,True,0,Myanmar Earthquake 2025 - Sagaing Town Building Footprints|100474_57365
OAM-401896-229482-19,fold_0,Myanmar,Myanmar Earthquake 2025 - Sagaing Town Building Footprints,2,False,2,Myanmar Earthquake 2025 - Sagaing Town Building Footprints|100474_57370
OAM-401897-229351-19,fold_0,Myanmar,Myanmar Earthquake 2025 - Sagaing Town Building Footprints,0,True,0,Myanmar Earthquake 2025 - Sagaing Town Building Footprints|100474_57337
OAM-401897-229370-19,fold_5,Myanmar,Myanmar Earthquake 2025 - Sagaing Town Building Footprints,7,False,7,Myanmar Earthquake 2025 - Sagaing Town Building Footprints|100474_57342
OAM-401897-229374-19,fold_2,Myanmar,Myanmar Earthquake 2025 - Sagaing Town Building Footprints,2,False,2,Myanmar Earthquake 2025 - Sagaing Town Building Footprints|100474_57343
OAM-401897-229407-19,fold_3,Myanmar,Myanmar Earthquake 2025 - Sagaing Town Building Footprints,5,False,5,Myanmar Earthquake 2025 - Sagaing Town Building Footprints|100474_57351
OAM-401897-229443-19,fold_0,Myanmar,Myanmar Earthquake 2025 - Sagaing Town Building Footprints,7,False,7,Myanmar Earthquake 2025 - Sagaing Town Building Footprints|100474_57360
OAM-401897-229444-19,fold_1,Myanmar,Myanmar Earthquake 2025 - Sagaing Town Building Footprints,2,False,2,Myanmar Earthquake 2025 - Sagaing Town Building Footprints|100474_57361
OAM-401897-229451-19,fold_2,Myanmar,Myanmar Earthquake 2025 - Sagaing Town Building Footprints,0,True,0,Myanmar Earthquake 2025 - Sagaing Town Building Footprints|100474_57362
OAM-401897-229453-19,fold_6,Myanmar,Myanmar Earthquake 2025 - Sagaing Town Building Footprints,0,True,0,Myanmar Earthquake 2025 - Sagaing Town Building Footprints|100474_57363
OAM-401897-229456-19,fold_2,Myanmar,Myanmar Earthquake 2025 - Sagaing Town Building Footprints,0,True,0,Myanmar Earthquake 2025 - Sagaing Town Building Footprints|100474_57364
OAM-401897-229457-19,fold_2,Myanmar,Myanmar Earthquake 2025 - Sagaing Town Building Footprints,0,True,0,Myanmar Earthquake 2025 - Sagaing Town Building Footprints|100474_57364
OAM-401897-229458-19,fold_2,Myanmar,Myanmar Earthquake 2025 - Sagaing Town Building Footprints,3,False,3,Myanmar Earthquake 2025 - Sagaing Town Building Footprints|100474_57364
OAM-401897-229460-19,fold_1,Myanmar,Myanmar Earthquake 2025 - Sagaing Town Building Footprints,0,True,0,Myanmar Earthquake 2025 - Sagaing Town Building Footprints|100474_57365
OAM-401897-229464-19,fold_5,Myanmar,Myanmar Earthquake 2025 - Sagaing Town Building Footprints,2,False,2,Myanmar Earthquake 2025 - Sagaing Town Building Footprints|100474_57366
OAM-401897-229477-19,fold_2,Myanmar,Myanmar Earthquake 2025 - Sagaing Town Building Footprints,14,False,14,Myanmar Earthquake 2025 - Sagaing Town Building Footprints|100474_57369
OAM-401897-229489-19,fold_5,Myanmar,Myanmar Earthquake 2025 - Sagaing Town Building Footprints,0,True,0,Myanmar Earthquake 2025 - Sagaing Town Building Footprints|100474_57372
OAM-401897-229491-19,fold_5,Myanmar,Myanmar Earthquake 2025 - Sagaing Town Building Footprints,0,True,0,Myanmar Earthquake 2025 - Sagaing Town Building Footprints|100474_57372
OAM-401898-229354-19,fold_0,Myanmar,Myanmar Earthquake 2025 - Sagaing Town Building Footprints,0,True,0,Myanmar Earthquake 2025 - Sagaing Town Building Footprints|100474_57338
OAM-401898-229368-19,fold_5,Myanmar,Myanmar Earthquake 2025 - Sagaing Town Building Footprints,1,False,1,Myanmar Earthquake 2025 - Sagaing Town Building Footprints|100474_57342
OAM-401898-229400-19,fold_6,Myanmar,Myanmar Earthquake 2025 - Sagaing Town Building Footprints,5,False,5,Myanmar Earthquake 2025 - Sagaing Town Building Footprints|100474_57350
OAM-401898-229424-19,fold_5,Myanmar,Myanmar Earthquake 2025 - Sagaing Town Building Footprints,5,False,5,Myanmar Earthquake 2025 - Sagaing Town Building Footprints|100474_57356
OAM-401898-229444-19,fold_1,Myanmar,Myanmar Earthquake 2025 - Sagaing Town Building Footprints,0,True,0,Myanmar Earthquake 2025 - Sagaing Town Building Footprints|100474_57361
OAM-401898-229446-19,fold_1,Myanmar,Myanmar Earthquake 2025 - Sagaing Town Building Footprints,0,True,0,Myanmar Earthquake 2025 - Sagaing Town Building Footprints|100474_57361
OAM-401898-229448-19,fold_2,Myanmar,Myanmar Earthquake 2025 - Sagaing Town Building Footprints,0,True,0,Myanmar Earthquake 2025 - Sagaing Town Building Footprints|100474_57362
OAM-401898-229453-19,fold_6,Myanmar,Myanmar Earthquake 2025 - Sagaing Town Building Footprints,0,True,0,Myanmar Earthquake 2025 - Sagaing Town Building Footprints|100474_57363
OAM-401898-229465-19,fold_5,Myanmar,Myanmar Earthquake 2025 - Sagaing Town Building Footprints,1,False,1,Myanmar Earthquake 2025 - Sagaing Town Building Footprints|100474_57366
OAM-401898-229467-19,fold_5,Myanmar,Myanmar Earthquake 2025 - Sagaing Town Building Footprints,5,False,5,Myanmar Earthquake 2025 - Sagaing Town Building Footprints|100474_57366
OAM-401898-229469-19,fold_0,Myanmar,Myanmar Earthquake 2025 - Sagaing Town Building Footprints,5,False,5,Myanmar Earthquake 2025 - Sagaing Town Building Footprints|100474_57367
OAM-401898-229488-19,fold_5,Myanmar,Myanmar Earthquake 2025 - Sagaing Town Building Footprints,0,True,0,Myanmar Earthquake 2025 - Sagaing Town Building Footprints|100474_57372
OAM-401898-229489-19,fold_5,Myanmar,Myanmar Earthquake 2025 - Sagaing Town Building Footprints,0,True,0,Myanmar Earthquake 2025 - Sagaing Town Building Footprints|100474_57372
OAM-401898-229490-19,fold_5,Myanmar,Myanmar Earthquake 2025 - Sagaing Town Building Footprints,0,True,0,Myanmar Earthquake 2025 - Sagaing Town Building Footprints|100474_57372
OAM-401898-229495-19,fold_3,Myanmar,Myanmar Earthquake 2025 - Sagaing Town Building Footprints,0,True,0,Myanmar Earthquake 2025 - Sagaing Town Building Footprints|100474_57373
OAM-401899-229349-19,fold_0,Myanmar,Myanmar Earthquake 2025 - Sagaing Town Building Footprints,4,False,4,Myanmar Earthquake 2025 - Sagaing Town Building Footprints|100474_57337
OAM-401899-229352-19,fold_0,Myanmar,Myanmar Earthquake 2025 - Sagaing Town Building Footprints,0,True,0,Myanmar Earthquake 2025 - Sagaing Town Building Footprints|100474_57338
OAM-401899-229354-19,fold_0,Myanmar,Myanmar Earthquake 2025 - Sagaing Town Building Footprints,0,True,0,Myanmar Earthquake 2025 - Sagaing Town Building Footprints|100474_57338
OAM-401899-229357-19,fold_2,Myanmar,Myanmar Earthquake 2025 - Sagaing Town Building Footprints,2,False,2,Myanmar Earthquake 2025 - Sagaing Town Building Footprints|100474_57339
OAM-401899-229358-19,fold_2,Myanmar,Myanmar Earthquake 2025 - Sagaing Town Building Footprints,1,False,1,Myanmar Earthquake 2025 - Sagaing Town Building Footprints|100474_57339
OAM-401899-229359-19,fold_2,Myanmar,Myanmar Earthquake 2025 - Sagaing Town Building Footprints,0,True,0,Myanmar Earthquake 2025 - Sagaing Town Building Footprints|100474_57339
OAM-401899-229366-19,fold_1,Myanmar,Myanmar Earthquake 2025 - Sagaing Town Building Footprints,2,False,2,Myanmar Earthquake 2025 - Sagaing Town Building Footprints|100474_57341
OAM-401899-229372-19,fold_2,Myanmar,Myanmar Earthquake 2025 - Sagaing Town Building Footprints,20,False,20,Myanmar Earthquake 2025 - Sagaing Town Building Footprints|100474_57343
OAM-401899-229378-19,fold_4,Myanmar,Myanmar Earthquake 2025 - Sagaing Town Building Footprints,2,False,2,Myanmar Earthquake 2025 - Sagaing Town Building Footprints|100474_57344
OAM-401899-229379-19,fold_4,Myanmar,Myanmar Earthquake 2025 - Sagaing Town Building Footprints,3,False,3,Myanmar Earthquake 2025 - Sagaing Town Building Footprints|100474_57344
OAM-401899-229380-19,fold_1,Myanmar,Myanmar Earthquake 2025 - Sagaing Town Building Footprints,2,False,2,Myanmar Earthquake 2025 - Sagaing Town Building Footprints|100474_57345
OAM-401899-229381-19,fold_1,Myanmar,Myanmar Earthquake 2025 - Sagaing Town Building Footprints,5,False,5,Myanmar Earthquake 2025 - Sagaing Town Building Footprints|100474_57345
OAM-401899-229400-19,fold_6,Myanmar,Myanmar Earthquake 2025 - Sagaing Town Building Footprints,7,False,7,Myanmar Earthquake 2025 - Sagaing Town Building Footprints|100474_57350
OAM-401899-229401-19,fold_6,Myanmar,Myanmar Earthquake 2025 - Sagaing Town Building Footprints,5,False,5,Myanmar Earthquake 2025 - Sagaing Town Building Footprints|100474_57350
OAM-401899-229444-19,fold_1,Myanmar,Myanmar Earthquake 2025 - Sagaing Town Building Footprints,0,True,0,Myanmar Earthquake 2025 - Sagaing Town Building Footprints|100474_57361
OAM-401899-229448-19,fold_2,Myanmar,Myanmar Earthquake 2025 - Sagaing Town Building Footprints,0,True,0,Myanmar Earthquake 2025 - Sagaing Town Building Footprints|100474_57362
OAM-401899-229449-19,fold_2,Myanmar,Myanmar Earthquake 2025 - Sagaing Town Building Footprints,1,False,1,Myanmar Earthquake 2025 - Sagaing Town Building Footprints|100474_57362
OAM-401899-229451-19,fold_2,Myanmar,Myanmar Earthquake 2025 - Sagaing Town Building Footprints,0,True,0,Myanmar Earthquake 2025 - Sagaing Town Building Footprints|100474_57362
OAM-401900-229404-19,fold_6,Myanmar,Myanmar Earthquake 2025 - Sagaing Town Building Footprints,0,True,0,Myanmar Earthquake 2025 - Sagaing Town Building Footprints|100475_57351
OAM-401900-229449-19,fold_4,Myanmar,Myanmar Earthquake 2025 - Sagaing Town Building Footprints,0,True,0,Myanmar Earthquake 2025 - Sagaing Town Building Footprints|100475_57362
OAM-401900-229453-19,fold_5,Myanmar,Myanmar Earthquake 2025 - Sagaing Town Building Footprints,0,True,0,Myanmar Earthquake 2025 - Sagaing Town Building Footprints|100475_57363
OAM-401900-229492-19,fold_1,Myanmar,Myanmar Earthquake 2025 - Sagaing Town Building Footprints,0,True,0,Myanmar Earthquake 2025 - Sagaing Town Building Footprints|100475_57373
OAM-401901-229351-19,fold_6,Myanmar,Myanmar Earthquake 2025 - Sagaing Town Building Footprints,0,True,0,Myanmar Earthquake 2025 - Sagaing Town Building Footprints|100475_57337
OAM-401901-229352-19,fold_6,Myanmar,Myanmar Earthquake 2025 - Sagaing Town Building Footprints,0,True,0,Myanmar Earthquake 2025 - Sagaing Town Building Footprints|100475_57338
OAM-401901-229361-19,fold_6,Myanmar,Myanmar Earthquake 2025 - Sagaing Town Building Footprints,3,False,3,Myanmar Earthquake 2025 - Sagaing Town Building Footprints|100475_57340
OAM-401901-229362-19,fold_6,Myanmar,Myanmar Earthquake 2025 - Sagaing Town Building Footprints,0,True,0,Myanmar Earthquake 2025 - Sagaing Town Building Footprints|100475_57340
OAM-401901-229370-19,fold_1,Myanmar,Myanmar Earthquake 2025 - Sagaing Town Building Footprints,4,False,4,Myanmar Earthquake 2025 - Sagaing Town Building Footprints|100475_57342
OAM-401901-229371-19,fold_1,Myanmar,Myanmar Earthquake 2025 - Sagaing Town Building Footprints,2,False,2,Myanmar Earthquake 2025 - Sagaing Town Building Footprints|100475_57342
OAM-401901-229376-19,fold_3,Myanmar,Myanmar Earthquake 2025 - Sagaing Town Building Footprints,2,False,2,Myanmar Earthquake 2025 - Sagaing Town Building Footprints|100475_57344
OAM-401901-229416-19,fold_2,Myanmar,Myanmar Earthquake 2025 - Sagaing Town Building Footprints,0,True,0,Myanmar Earthquake 2025 - Sagaing Town Building Footprints|100475_57354
OAM-401901-229443-19,fold_2,Myanmar,Myanmar Earthquake 2025 - Sagaing Town Building Footprints,0,True,0,Myanmar Earthquake 2025 - Sagaing Town Building Footprints|100475_57360
OAM-401901-229444-19,fold_5,Myanmar,Myanmar Earthquake 2025 - Sagaing Town Building Footprints,0,True,0,Myanmar Earthquake 2025 - Sagaing Town Building Footprints|100475_57361
OAM-401901-229447-19,fold_5,Myanmar,Myanmar Earthquake 2025 - Sagaing Town Building Footprints,0,True,0,Myanmar Earthquake 2025 - Sagaing Town Building Footprints|100475_57361
OAM-401901-229453-19,fold_5,Myanmar,Myanmar Earthquake 2025 - Sagaing Town Building Footprints,11,False,11,Myanmar Earthquake 2025 - Sagaing Town Building Footprints|100475_57363
OAM-401901-229462-19,fold_0,Myanmar,Myanmar Earthquake 2025 - Sagaing Town Building Footprints,0,True,0,Myanmar Earthquake 2025 - Sagaing Town Building Footprints|100475_57365
OAM-401902-229353-19,fold_6,Myanmar,Myanmar Earthquake 2025 - Sagaing Town Building Footprints,0,True,0,Myanmar Earthquake 2025 - Sagaing Town Building Footprints|100475_57338
OAM-401902-229358-19,fold_6,Myanmar,Myanmar Earthquake 2025 - Sagaing Town Building Footprints,2,False,2,Myanmar Earthquake 2025 - Sagaing Town Building Footprints|100475_57339
OAM-401902-229359-19,fold_6,Myanmar,Myanmar Earthquake 2025 - Sagaing Town Building Footprints,3,False,3,Myanmar Earthquake 2025 - Sagaing Town Building Footprints|100475_57339
OAM-401902-229371-19,fold_1,Myanmar,Myanmar Earthquake 2025 - Sagaing Town Building Footprints,0,True,0,Myanmar Earthquake 2025 - Sagaing Town Building Footprints|100475_57342
OAM-401902-229415-19,fold_4,Myanmar,Myanmar Earthquake 2025 - Sagaing Town Building Footprints,0,True,0,Myanmar Earthquake 2025 - Sagaing Town Building Footprints|100475_57353
OAM-401902-229444-19,fold_5,Myanmar,Myanmar Earthquake 2025 - Sagaing Town Building Footprints,5,False,5,Myanmar Earthquake 2025 - Sagaing Town Building Footprints|100475_57361
OAM-401902-229449-19,fold_4,Myanmar,Myanmar Earthquake 2025 - Sagaing Town Building Footprints,0,True,0,Myanmar Earthquake 2025 - Sagaing Town Building Footprints|100475_57362
OAM-401902-229450-19,fold_4,Myanmar,Myanmar Earthquake 2025 - Sagaing Town Building Footprints,1,False,1,Myanmar Earthquake 2025 - Sagaing Town Building Footprints|100475_57362
OAM-401902-229452-19,fold_5,Myanmar,Myanmar Earthquake 2025 - Sagaing Town Building Footprints,9,False,9,Myanmar Earthquake 2025 - Sagaing Town Building Footprints|100475_57363
OAM-401902-229458-19,fold_2,Myanmar,Myanmar Earthquake 2025 - Sagaing Town Building Footprints,0,True,0,Myanmar Earthquake 2025 - Sagaing Town Building Footprints|100475_57364
OAM-401902-229488-19,fold_6,Myanmar,Myanmar Earthquake 2025 - Sagaing Town Building Footprints,0,True,0,Myanmar Earthquake 2025 - Sagaing Town Building Footprints|100475_57372
OAM-401903-229358-19,fold_6,Myanmar,Myanmar Earthquake 2025 - Sagaing Town Building Footprints,3,False,3,Myanmar Earthquake 2025 - Sagaing Town Building Footprints|100475_57339
OAM-401903-229359-19,fold_6,Myanmar,Myanmar Earthquake 2025 - Sagaing Town Building Footprints,5,False,5,Myanmar Earthquake 2025 - Sagaing Town Building Footprints|100475_57339
OAM-401903-229360-19,fold_6,Myanmar,Myanmar Earthquake 2025 - Sagaing Town Building Footprints,2,False,2,Myanmar Earthquake 2025 - Sagaing Town Building Footprints|100475_57340
OAM-401903-229362-19,fold_6,Myanmar,Myanmar Earthquake 2025 - Sagaing Town Building Footprints,0,True,0,Myanmar Earthquake 2025 - Sagaing Town Building Footprints|100475_57340
OAM-401903-229370-19,fold_1,Myanmar,Myanmar Earthquake 2025 - Sagaing Town Building Footprints,0,True,0,Myanmar Earthquake 2025 - Sagaing Town Building Footprints|100475_57342
OAM-401903-229374-19,fold_0,Myanmar,Myanmar Earthquake 2025 - Sagaing Town Building Footprints,1,False,1,Myanmar Earthquake 2025 - Sagaing Town Building Footprints|100475_57343
OAM-401903-229382-19,fold_2,Myanmar,Myanmar Earthquake 2025 - Sagaing Town Building Footprints,3,False,3,Myanmar Earthquake 2025 - Sagaing Town Building Footprints|100475_57345
OAM-401903-229444-19,fold_5,Myanmar,Myanmar Earthquake 2025 - Sagaing Town Building Footprints,20,False,20,Myanmar Earthquake 2025 - Sagaing Town Building Footprints|100475_57361
OAM-401903-229452-19,fold_5,Myanmar,Myanmar Earthquake 2025 - Sagaing Town Building Footprints,6,False,6,Myanmar Earthquake 2025 - Sagaing Town Building Footprints|100475_57363
OAM-401903-229490-19,fold_6,Myanmar,Myanmar Earthquake 2025 - Sagaing Town Building Footprints,0,True,0,Myanmar Earthquake 2025 - Sagaing Town Building Footprints|100475_57372
OAM-401903-229493-19,fold_1,Myanmar,Myanmar Earthquake 2025 - Sagaing Town Building Footprints,0,True,0,Myanmar Earthquake 2025 - Sagaing Town Building Footprints|100475_57373
OAM-401904-229358-19,fold_6,Myanmar,Myanmar Earthquake 2025 - Sagaing Town Building Footprints,2,False,2,Myanmar Earthquake 2025 - Sagaing Town Building Footprints|100476_57339
OAM-401904-229359-19,fold_6,Myanmar,Myanmar Earthquake 2025 - Sagaing Town Building Footprints,4,False,4,Myanmar Earthquake 2025 - Sagaing Town Building Footprints|100476_57339
OAM-401904-229364-19,fold_0,Myanmar,Myanmar Earthquake 2025 - Sagaing Town Building Footprints,0,True,0,Myanmar Earthquake 2025 - Sagaing Town Building Footprints|100476_57341
OAM-401904-229374-19,fold_1,Myanmar,Myanmar Earthquake 2025 - Sagaing Town Building Footprints,1,False,1,Myanmar Earthquake 2025 - Sagaing Town Building Footprints|100476_57343
OAM-401904-229383-19,fold_4,Myanmar,Myanmar Earthquake 2025 - Sagaing Town Building Footprints,1,False,1,Myanmar Earthquake 2025 - Sagaing Town Building Footprints|100476_57345
OAM-401904-229437-19,fold_4,Myanmar,Myanmar Earthquake 2025 - Sagaing Town Building Footprints,20,False,20,Myanmar Earthquake 2025 - Sagaing Town Building Footprints|100476_57359
OAM-401904-229455-19,fold_3,Myanmar,Myanmar Earthquake 2025 - Sagaing Town Building Footprints,0,True,0,Myanmar Earthquake 2025 - Sagaing Town Building Footprints|100476_57363
OAM-401904-229456-19,fold_2,Myanmar,Myanmar Earthquake 2025 - Sagaing Town Building Footprints,7,False,7,Myanmar Earthquake 2025 - Sagaing Town Building Footprints|100476_57364
OAM-401904-229457-19,fold_2,Myanmar,Myanmar Earthquake 2025 - Sagaing Town Building Footprints,2,False,2,Myanmar Earthquake 2025 - Sagaing Town Building Footprints|100476_57364
OAM-401904-229481-19,fold_1,Myanmar,Myanmar Earthquake 2025 - Sagaing Town Building Footprints,20,False,20,Myanmar Earthquake 2025 - Sagaing Town Building Footprints|100476_57370
OAM-401905-229346-19,fold_0,Myanmar,Myanmar Earthquake 2025 - Sagaing Town Building Footprints,0,True,0,Myanmar Earthquake 2025 - Sagaing Town Building Footprints|100476_57336
OAM-401905-229347-19,fold_0,Myanmar,Myanmar Earthquake 2025 - Sagaing Town Building Footprints,0,True,0,Myanmar Earthquake 2025 - Sagaing Town Building Footprints|100476_57336
OAM-401905-229351-19,fold_6,Myanmar,Myanmar Earthquake 2025 - Sagaing Town Building Footprints,0,True,0,Myanmar Earthquake 2025 - Sagaing Town Building Footprints|100476_57337
OAM-401905-229372-19,fold_1,Myanmar,Myanmar Earthquake 2025 - Sagaing Town Building Footprints,1,False,1,Myanmar Earthquake 2025 - Sagaing Town Building Footprints|100476_57343
OAM-401905-229383-19,fold_4,Myanmar,Myanmar Earthquake 2025 - Sagaing Town Building Footprints,1,False,1,Myanmar Earthquake 2025 - Sagaing Town Building Footprints|100476_57345
OAM-401905-229451-19,fold_4,Myanmar,Myanmar Earthquake 2025 - Sagaing Town Building Footprints,0,True,0,Myanmar Earthquake 2025 - Sagaing Town Building Footprints|100476_57362
OAM-401905-229452-19,fold_3,Myanmar,Myanmar Earthquake 2025 - Sagaing Town Building Footprints,0,True,0,Myanmar Earthquake 2025 - Sagaing Town Building Footprints|100476_57363
OAM-401905-229468-19,fold_4,Myanmar,Myanmar Earthquake 2025 - Sagaing Town Building Footprints,0,True,0,Myanmar Earthquake 2025 - Sagaing Town Building Footprints|100476_57367
OAM-401906-229390-19,fold_5,Myanmar,Myanmar Earthquake 2025 - Sagaing Town Building Footprints,0,True,0,Myanmar Earthquake 2025 - Sagaing Town Building Footprints|100476_57347
OAM-401906-229392-19,fold_2,Myanmar,Myanmar Earthquake 2025 - Sagaing Town Building Footprints,1,False,1,Myanmar Earthquake 2025 - Sagaing Town Building Footprints|100476_57348
OAM-401906-229395-19,fold_2,Myanmar,Myanmar Earthquake 2025 - Sagaing Town Building Footprints,6,False,6,Myanmar Earthquake 2025 - Sagaing Town Building Footprints|100476_57348
OAM-401906-229451-19,fold_4,Myanmar,Myanmar Earthquake 2025 - Sagaing Town Building Footprints,0,True,0,Myanmar Earthquake 2025 - Sagaing Town Building Footprints|100476_57362
OAM-401906-229457-19,fold_2,Myanmar,Myanmar Earthquake 2025 - Sagaing Town Building Footprints,1,False,1,Myanmar Earthquake 2025 - Sagaing Town Building Footprints|100476_57364
OAM-401906-229468-19,fold_4,Myanmar,Myanmar Earthquake 2025 - Sagaing Town Building Footprints,0,True,0,Myanmar Earthquake 2025 - Sagaing Town Building Footprints|100476_57367
OAM-401907-229345-19,fold_0,Myanmar,Myanmar Earthquake 2025 - Sagaing Town Building Footprints,0,True,0,Myanmar Earthquake 2025 - Sagaing Town Building Footprints|100476_57336
OAM-401907-229348-19,fold_6,Myanmar,Myanmar Earthquake 2025 - Sagaing Town Building Footprints,0,True,0,Myanmar Earthquake 2025 - Sagaing Town Building Footprints|100476_57337
OAM-401907-229364-19,fold_0,Myanmar,Myanmar Earthquake 2025 - Sagaing Town Building Footprints,0,True,0,Myanmar Earthquake 2025 - Sagaing Town Building Footprints|100476_57341
OAM-401907-229369-19,fold_0,Myanmar,Myanmar Earthquake 2025 - Sagaing Town Building Footprints,4,False,4,Myanmar Earthquake 2025 - Sagaing Town Building Footprints|100476_57342
OAM-401907-229372-19,fold_1,Myanmar,Myanmar Earthquake 2025 - Sagaing Town Building Footprints,1,False,1,Myanmar Earthquake 2025 - Sagaing Town Building Footprints|100476_57343
OAM-401907-229382-19,fold_4,Myanmar,Myanmar Earthquake 2025 - Sagaing Town Building Footprints,1,False,1,Myanmar Earthquake 2025 - Sagaing Town Building Footprints|100476_57345
OAM-401907-229395-19,fold_2,Myanmar,Myanmar Earthquake 2025 - Sagaing Town Building Footprints,4,False,4,Myanmar Earthquake 2025 - Sagaing Town Building Footprints|100476_57348
OAM-401907-229459-19,fold_2,Myanmar,Myanmar Earthquake 2025 - Sagaing Town Building Footprints,1,False,1,Myanmar Earthquake 2025 - Sagaing Town Building Footprints|100476_57364
OAM-401908-229382-19,fold_5,Myanmar,Myanmar Earthquake 2025 - Sagaing Town Building Footprints,4,False,4,Myanmar Earthquake 2025 - Sagaing Town Building Footprints|100477_57345
OAM-401908-229383-19,fold_5,Myanmar,Myanmar Earthquake 2025 - Sagaing Town Building Footprints,8,False,8,Myanmar Earthquake 2025 - Sagaing Town Building Footprints|100477_57345
OAM-401908-229389-19,fold_2,Myanmar,Myanmar Earthquake 2025 - Sagaing Town Building Footprints,5,False,5,Myanmar Earthquake 2025 - Sagaing Town Building Footprints|100477_57347
OAM-401908-229460-19,fold_2,Myanmar,Myanmar Earthquake 2025 - Sagaing Town Building Footprints,0,True,0,Myanmar Earthquake 2025 - Sagaing Town Building Footprints|100477_57365
OAM-401908-229469-19,fold_2,Myanmar,Myanmar Earthquake 2025 - Sagaing Town Building Footprints,0,True,0,Myanmar Earthquake 2025 - Sagaing Town Building Footprints|100477_57367
OAM-401908-229491-19,fold_1,Myanmar,Myanmar Earthquake 2025 - Sagaing Town Building Footprints,0,True,0,Myanmar Earthquake 2025 - Sagaing Town Building Footprints|100477_57372
OAM-401909-229363-19,fold_3,Myanmar,Myanmar Earthquake 2025 - Sagaing Town Building Footprints,0,True,0,Myanmar Earthquake 2025 - Sagaing Town Building Footprints|100477_57340
OAM-401909-229373-19,fold_6,Myanmar,Myanmar Earthquake 2025 - Sagaing Town Building Footprints,4,False,4,Myanmar Earthquake 2025 - Sagaing Town Building Footprints|100477_57343
OAM-401909-229390-19,fold_2,Myanmar,Myanmar Earthquake 2025 - Sagaing Town Building Footprints,7,False,7,Myanmar Earthquake 2025 - Sagaing Town Building Footprints|100477_57347
OAM-401909-229397-19,fold_3,Myanmar,Myanmar Earthquake 2025 - Sagaing Town Building Footprints,0,True,0,Myanmar Earthquake 2025 - Sagaing Town Building Footprints|100477_57349
OAM-401909-229464-19,fold_4,Myanmar,Myanmar Earthquake 2025 - Sagaing Town Building Footprints,0,True,0,Myanmar Earthquake 2025 - Sagaing Town Building Footprints|100477_57366
OAM-401909-229469-19,fold_2,Myanmar,Myanmar Earthquake 2025 - Sagaing Town Building Footprints,0,True,0,Myanmar Earthquake 2025 - Sagaing Town Building Footprints|100477_57367
OAM-401909-229470-19,fold_2,Myanmar,Myanmar Earthquake 2025 - Sagaing Town Building Footprints,0,True,0,Myanmar Earthquake 2025 - Sagaing Town Building Footprints|100477_57367
OAM-401909-229491-19,fold_1,Myanmar,Myanmar Earthquake 2025 - Sagaing Town Building Footprints,0,True,0,Myanmar Earthquake 2025 - Sagaing Town Building Footprints|100477_57372
OAM-401910-229351-19,fold_5,Myanmar,Myanmar Earthquake 2025 - Sagaing Town Building Footprints,0,True,0,Myanmar Earthquake 2025 - Sagaing Town Building Footprints|100477_57337
OAM-401910-229361-19,fold_3,Myanmar,Myanmar Earthquake 2025 - Sagaing Town Building Footprints,0,True,0,Myanmar Earthquake 2025 - Sagaing Town Building Footprints|100477_57340
OAM-401910-229368-19,fold_4,Myanmar,Myanmar Earthquake 2025 - Sagaing Town Building Footprints,0,True,0,Myanmar Earthquake 2025 - Sagaing Town Building Footprints|100477_57342
OAM-401910-229412-19,fold_4,Myanmar,Myanmar Earthquake 2025 - Sagaing Town Building Footprints,20,False,20,Myanmar Earthquake 2025 - Sagaing Town Building Footprints|100477_57353
OAM-401910-229464-19,fold_4,Myanmar,Myanmar Earthquake 2025 - Sagaing Town Building Footprints,0,True,0,Myanmar Earthquake 2025 - Sagaing Town Building Footprints|100477_57366
OAM-401910-229468-19,fold_2,Myanmar,Myanmar Earthquake 2025 - Sagaing Town Building Footprints,0,True,0,Myanmar Earthquake 2025 - Sagaing Town Building Footprints|100477_57367
OAM-401911-229346-19,fold_1,Myanmar,Myanmar Earthquake 2025 - Sagaing Town Building Footprints,0,True,0,Myanmar Earthquake 2025 - Sagaing Town Building Footprints|100477_57336
OAM-401911-229370-19,fold_4,Myanmar,Myanmar Earthquake 2025 - Sagaing Town Building Footprints,0,True,0,Myanmar Earthquake 2025 - Sagaing Town Building Footprints|100477_57342
OAM-401911-229381-19,fold_5,Myanmar,Myanmar Earthquake 2025 - Sagaing Town Building Footprints,5,False,5,Myanmar Earthquake 2025 - Sagaing Town Building Footprints|100477_57345
OAM-401911-229404-19,fold_0,Myanmar,Myanmar Earthquake 2025 - Sagaing Town Building Footprints,20,False,20,Myanmar Earthquake 2025 - Sagaing Town Building Footprints|100477_57351
OAM-401911-229413-19,fold_4,Myanmar,Myanmar Earthquake 2025 - Sagaing Town Building Footprints,20,False,20,Myanmar Earthquake 2025 - Sagaing Town Building Footprints|100477_57353
OAM-401911-229428-19,fold_4,Myanmar,Myanmar Earthquake 2025 - Sagaing Town Building Footprints,8,False,8,Myanmar Earthquake 2025 - Sagaing Town Building Footprints|100477_57357
OAM-401911-229442-19,fold_0,Myanmar,Myanmar Earthquake 2025 - Sagaing Town Building Footprints,2,False,2,Myanmar Earthquake 2025 - Sagaing Town Building Footprints|100477_57360
OAM-401911-229449-19,fold_6,Myanmar,Myanmar Earthquake 2025 - Sagaing Town Building Footprints,48,False,48,Myanmar Earthquake 2025 - Sagaing Town Building Footprints|100477_57362
OAM-401911-229463-19,fold_2,Myanmar,Myanmar Earthquake 2025 - Sagaing Town Building Footprints,2,False,2,Myanmar Earthquake 2025 - Sagaing Town Building Footprints|100477_57365
OAM-401911-229464-19,fold_4,Myanmar,Myanmar Earthquake 2025 - Sagaing Town Building Footprints,1,False,1,Myanmar Earthquake 2025 - Sagaing Town Building Footprints|100477_57366
OAM-401911-229491-19,fold_1,Myanmar,Myanmar Earthquake 2025 - Sagaing Town Building Footprints,0,True,0,Myanmar Earthquake 2025 - Sagaing Town Building Footprints|100477_57372
OAM-401912-229344-19,fold_5,Myanmar,Myanmar Earthquake 2025 - Sagaing Town Building Footprints,0,True,0,Myanmar Earthquake 2025 - Sagaing Town Building Footprints|100478_57336
OAM-401912-229374-19,fold_4,Myanmar,Myanmar Earthquake 2025 - Sagaing Town Building Footprints,0,True,0,Myanmar Earthquake 2025 - Sagaing Town Building Footprints|100478_57343
OAM-401912-229389-19,fold_4,Myanmar,Myanmar Earthquake 2025 - Sagaing Town Building Footprints,5,False,5,Myanmar Earthquake 2025 - Sagaing Town Building Footprints|100478_57347
OAM-401912-229401-19,fold_4,Myanmar,Myanmar Earthquake 2025 - Sagaing Town Building Footprints,1,False,1,Myanmar Earthquake 2025 - Sagaing Town Building Footprints|100478_57350
OAM-401912-229417-19,fold_2,Myanmar,Myanmar Earthquake 2025 - Sagaing Town Building Footprints,21,False,21,Myanmar Earthquake 2025 - Sagaing Town Building Footprints|100478_57354
OAM-401912-229445-19,fold_3,Myanmar,Myanmar Earthquake 2025 - Sagaing Town Building Footprints,4,False,4,Myanmar Earthquake 2025 - Sagaing Town Building Footprints|100478_57361
OAM-401913-229343-19,fold_5,Myanmar,Myanmar Earthquake 2025 - Sagaing Town Building Footprints,0,True,0,Myanmar Earthquake 2025 - Sagaing Town Building Footprints|100478_57335
OAM-401913-229344-19,fold_5,Myanmar,Myanmar Earthquake 2025 - Sagaing Town Building Footprints,0,True,0,Myanmar Earthquake 2025 - Sagaing Town Building Footprints|100478_57336
OAM-401913-229358-19,fold_4,Myanmar,Myanmar Earthquake 2025 - Sagaing Town Building Footprints,0,True,0,Myanmar Earthquake 2025 - Sagaing Town Building Footprints|100478_57339
OAM-401913-229461-19,fold_0,Myanmar,Myanmar Earthquake 2025 - Sagaing Town Building Footprints,21,False,21,Myanmar Earthquake 2025 - Sagaing Town Building Footprints|100478_57365
OAM-401913-229466-19,fold_3,Myanmar,Myanmar Earthquake 2025 - Sagaing Town Building Footprints,6,False,6,Myanmar Earthquake 2025 - Sagaing Town Building Footprints|100478_57366
OAM-401913-229469-19,fold_5,Myanmar,Myanmar Earthquake 2025 - Sagaing Town Building Footprints,5,False,5,Myanmar Earthquake 2025 - Sagaing Town Building Footprints|100478_57367
OAM-401914-229360-19,fold_5,Myanmar,Myanmar Earthquake 2025 - Sagaing Town Building Footprints,0,True,0,Myanmar Earthquake 2025 - Sagaing Town Building Footprints|100478_57340
OAM-401914-229363-19,fold_5,Myanmar,Myanmar Earthquake 2025 - Sagaing Town Building Footprints,0,True,0,Myanmar Earthquake 2025 - Sagaing Town Building Footprints|100478_57340
OAM-401914-229364-19,fold_6,Myanmar,Myanmar Earthquake 2025 - Sagaing Town Building Footprints,0,True,0,Myanmar Earthquake 2025 - Sagaing Town Building Footprints|100478_57341
OAM-401914-229366-19,fold_6,Myanmar,Myanmar Earthquake 2025 - Sagaing Town Building Footprints,0,True,0,Myanmar Earthquake 2025 - Sagaing Town Building Footprints|100478_57341
OAM-401914-229475-19,fold_1,Myanmar,Myanmar Earthquake 2025 - Sagaing Town Building Footprints,12,False,12,Myanmar Earthquake 2025 - Sagaing Town Building Footprints|100478_57368
OAM-401915-229357-19,fold_4,Myanmar,Myanmar Earthquake 2025 - Sagaing Town Building Footprints,0,True,0,Myanmar Earthquake 2025 - Sagaing Town Building Footprints|100478_57339
OAM-401915-229359-19,fold_4,Myanmar,Myanmar Earthquake 2025 - Sagaing Town Building Footprints,0,True,0,Myanmar Earthquake 2025 - Sagaing Town Building Footprints|100478_57339
OAM-401915-229360-19,fold_5,Myanmar,Myanmar Earthquake 2025 - Sagaing Town Building Footprints,0,True,0,Myanmar Earthquake 2025 - Sagaing Town Building Footprints|100478_57340
OAM-401915-229366-19,fold_6,Myanmar,Myanmar Earthquake 2025 - Sagaing Town Building Footprints,0,True,0,Myanmar Earthquake 2025 - Sagaing Town Building Footprints|100478_57341
OAM-401915-229398-19,fold_4,Myanmar,Myanmar Earthquake 2025 - Sagaing Town Building Footprints,5,False,5,Myanmar Earthquake 2025 - Sagaing Town Building Footprints|100478_57349
OAM-401915-229490-19,fold_3,Myanmar,Myanmar Earthquake 2025 - Sagaing Town Building Footprints,0,True,0,Myanmar Earthquake 2025 - Sagaing Town Building Footprints|100478_57372
OAM-401916-229350-19,fold_4,Myanmar,Myanmar Earthquake 2025 - Sagaing Town Building Footprints,2,False,2,Myanmar Earthquake 2025 - Sagaing Town Building Footprints|100479_57337
OAM-401916-229367-19,fold_4,Myanmar,Myanmar Earthquake 2025 - Sagaing Town Building Footprints,0,True,0,Myanmar Earthquake 2025 - Sagaing Town Building Footprints|100479_57341
OAM-401916-229370-19,fold_1,Myanmar,Myanmar Earthquake 2025 - Sagaing Town Building Footprints,2,False,2,Myanmar Earthquake 2025 - Sagaing Town Building Footprints|100479_57342
OAM-401916-229396-19,fold_2,Myanmar,Myanmar Earthquake 2025 - Sagaing Town Building Footprints,9,False,9,Myanmar Earthquake 2025 - Sagaing Town Building Footprints|100479_57349
OAM-401916-229449-19,fold_4,Myanmar,Myanmar Earthquake 2025 - Sagaing Town Building Footprints,0,True,0,Myanmar Earthquake 2025 - Sagaing Town Building Footprints|100479_57362
OAM-401917-229348-19,fold_4,Myanmar,Myanmar Earthquake 2025 - Sagaing Town Building Footprints,0,True,0,Myanmar Earthquake 2025 - Sagaing Town Building Footprints|100479_57337
OAM-401917-229360-19,fold_2,Myanmar,Myanmar Earthquake 2025 - Sagaing Town Building Footprints,0,True,0,Myanmar Earthquake 2025 - Sagaing Town Building Footprints|100479_57340
OAM-401917-229364-19,fold_4,Myanmar,Myanmar Earthquake 2025 - Sagaing Town Building Footprints,0,True,0,Myanmar Earthquake 2025 - Sagaing Town Building Footprints|100479_57341
OAM-401917-229376-19,fold_1,Myanmar,Myanmar Earthquake 2025 - Sagaing Town Building Footprints,2,False,2,Myanmar Earthquake 2025 - Sagaing Town Building Footprints|100479_57344
OAM-401917-229398-19,fold_2,Myanmar,Myanmar Earthquake 2025 - Sagaing Town Building Footprints,3,False,3,Myanmar Earthquake 2025 - Sagaing Town Building Footprints|100479_57349
OAM-401918-229401-19,fold_4,Myanmar,Myanmar Earthquake 2025 - Sagaing Town Building Footprints,13,False,13,Myanmar Earthquake 2025 - Sagaing Town Building Footprints|100479_57350
OAM-401918-229463-19,fold_5,Myanmar,Myanmar Earthquake 2025 - Sagaing Town Building Footprints,47,False,47,Myanmar Earthquake 2025 - Sagaing Town Building Footprints|100479_57365
OAM-401918-229489-19,fold_2,Myanmar,Myanmar Earthquake 2025 - Sagaing Town Building Footprints,0,True,0,Myanmar Earthquake 2025 - Sagaing Town Building Footprints|100479_57372
OAM-401919-229373-19,fold_1,Myanmar,Myanmar Earthquake 2025 - Sagaing Town Building Footprints,0,True,0,Myanmar Earthquake 2025 - Sagaing Town Building Footprints|100479_57343
OAM-401919-229414-19,fold_2,Myanmar,Myanmar Earthquake 2025 - Sagaing Town Building Footprints,20,False,20,Myanmar Earthquake 2025 - Sagaing Town Building Footprints|100479_57353
OAM-401919-229445-19,fold_4,Myanmar,Myanmar Earthquake 2025 - Sagaing Town Building Footprints,8,False,8,Myanmar Earthquake 2025 - Sagaing Town Building Footprints|100479_57361
OAM-401919-229451-19,fold_4,Myanmar,Myanmar Earthquake 2025 - Sagaing Town Building Footprints,21,False,21,Myanmar Earthquake 2025 - Sagaing Town Building Footprints|100479_57362
OAM-401920-229351-19,fold_2,Myanmar,Myanmar Earthquake 2025 - Sagaing Town Building Footprints,0,True,0,Myanmar Earthquake 2025 - Sagaing Town Building Footprints|100480_57337
OAM-401920-229357-19,fold_5,Myanmar,Myanmar Earthquake 2025 - Sagaing Town Building Footprints,0,True,0,Myanmar Earthquake 2025 - Sagaing Town Building Footprints|100480_57339
OAM-401920-229381-19,fold_1,Myanmar,Myanmar Earthquake 2025 - Sagaing Town Building Footprints,0,True,0,Myanmar Earthquake 2025 - Sagaing Town Building Footprints|100480_57345
OAM-401920-229395-19,fold_5,Myanmar,Myanmar Earthquake 2025 - Sagaing Town Building Footprints,1,False,1,Myanmar Earthquake 2025 - Sagaing Town Building Footprints|100480_57348
OAM-401920-229423-19,fold_4,Myanmar,Myanmar Earthquake 2025 - Sagaing Town Building Footprints,0,True,0,Myanmar Earthquake 2025 - Sagaing Town Building Footprints|100480_57355
OAM-401920-229451-19,fold_1,Myanmar,Myanmar Earthquake 2025 - Sagaing Town Building Footprints,20,False,20,Myanmar Earthquake 2025 - Sagaing Town Building Footprints|100480_57362
OAM-401920-229489-19,fold_3,Myanmar,Myanmar Earthquake 2025 - Sagaing Town Building Footprints,0,True,0,Myanmar Earthquake 2025 - Sagaing Town Building Footprints|100480_57372
OAM-401921-229350-19,fold_2,Myanmar,Myanmar Earthquake 2025 - Sagaing Town Building Footprints,1,False,1,Myanmar Earthquake 2025 - Sagaing Town Building Footprints|100480_57337
OAM-401921-229356-19,fold_5,Myanmar,Myanmar Earthquake 2025 - Sagaing Town Building Footprints,0,True,0,Myanmar Earthquake 2025 - Sagaing Town Building Footprints|100480_57339
OAM-401921-229361-19,fold_6,Myanmar,Myanmar Earthquake 2025 - Sagaing Town Building Footprints,0,True,0,Myanmar Earthquake 2025 - Sagaing Town Building Footprints|100480_57340
OAM-401921-229365-19,fold_6,Myanmar,Myanmar Earthquake 2025 - Sagaing Town Building Footprints,0,True,0,Myanmar Earthquake 2025 - Sagaing Town Building Footprints|100480_57341
OAM-401921-229438-19,fold_1,Myanmar,Myanmar Earthquake 2025 - Sagaing Town Building Footprints,20,False,20,Myanmar Earthquake 2025 - Sagaing Town Building Footprints|100480_57359
OAM-401921-229441-19,fold_5,Myanmar,Myanmar Earthquake 2025 - Sagaing Town Building Footprints,20,False,20,Myanmar Earthquake 2025 - Sagaing Town Building Footprints|100480_57360
OAM-401921-229479-19,fold_2,Myanmar,Myanmar Earthquake 2025 - Sagaing Town Building Footprints,20,False,20,Myanmar Earthquake 2025 - Sagaing Town Building Footprints|100480_57369
OAM-401922-229347-19,fold_2,Myanmar,Myanmar Earthquake 2025 - Sagaing Town Building Footprints,1,False,1,Myanmar Earthquake 2025 - Sagaing Town Building Footprints|100480_57336
OAM-401922-229350-19,fold_2,Myanmar,Myanmar Earthquake 2025 - Sagaing Town Building Footprints,0,True,0,Myanmar Earthquake 2025 - Sagaing Town Building Footprints|100480_57337
OAM-401922-229359-19,fold_5,Myanmar,Myanmar Earthquake 2025 - Sagaing Town Building Footprints,0,True,0,Myanmar Earthquake 2025 - Sagaing Town Building Footprints|100480_57339
OAM-401922-229368-19,fold_3,Myanmar,Myanmar Earthquake 2025 - Sagaing Town Building Footprints,0,True,0,Myanmar Earthquake 2025 - Sagaing Town Building Footprints|100480_57342
OAM-401922-229388-19,fold_3,Myanmar,Myanmar Earthquake 2025 - Sagaing Town Building Footprints,0,True,0,Myanmar Earthquake 2025 - Sagaing Town Building Footprints|100480_57347
OAM-401922-229393-19,fold_5,Myanmar,Myanmar Earthquake 2025 - Sagaing Town Building Footprints,1,False,1,Myanmar Earthquake 2025 - Sagaing Town Building Footprints|100480_57348
OAM-401922-229396-19,fold_6,Myanmar,Myanmar Earthquake 2025 - Sagaing Town Building Footprints,1,False,1,Myanmar Earthquake 2025 - Sagaing Town Building Footprints|100480_57349
OAM-401922-229410-19,fold_6,Myanmar,Myanmar Earthquake 2025 - Sagaing Town Building Footprints,0,True,0,Myanmar Earthquake 2025 - Sagaing Town Building Footprints|100480_57352
OAM-401922-229436-19,fold_1,Myanmar,Myanmar Earthquake 2025 - Sagaing Town Building Footprints,20,False,20,Myanmar Earthquake 2025 - Sagaing Town Building Footprints|100480_57359
OAM-401922-229439-19,fold_1,Myanmar,Myanmar Earthquake 2025 - Sagaing Town Building Footprints,21,False,21,Myanmar Earthquake 2025 - Sagaing Town Building Footprints|100480_57359
OAM-401922-229454-19,fold_6,Myanmar,Myanmar Earthquake 2025 - Sagaing Town Building Footprints,2,False,2,Myanmar Earthquake 2025 - Sagaing Town Building Footprints|100480_57363
OAM-401922-229465-19,fold_3,Myanmar,Myanmar Earthquake 2025 - Sagaing Town Building Footprints,3,False,3,Myanmar Earthquake 2025 - Sagaing Town Building Footprints|100480_57366
OAM-401923-229368-19,fold_3,Myanmar,Myanmar Earthquake 2025 - Sagaing Town Building Footprints,0,True,0,Myanmar Earthquake 2025 - Sagaing Town Building Footprints|100480_57342
OAM-401923-229369-19,fold_3,Myanmar,Myanmar Earthquake 2025 - Sagaing Town Building Footprints,0,True,0,Myanmar Earthquake 2025 - Sagaing Town Building Footprints|100480_57342
OAM-401923-229382-19,fold_1,Myanmar,Myanmar Earthquake 2025 - Sagaing Town Building Footprints,0,True,0,Myanmar Earthquake 2025 - Sagaing Town Building Footprints|100480_57345
OAM-401923-229387-19,fold_0,Myanmar,Myanmar Earthquake 2025 - Sagaing Town Building Footprints,0,True,0,Myanmar Earthquake 2025 - Sagaing Town Building Footprints|100480_57346
OAM-401923-229388-19,fold_3,Myanmar,Myanmar Earthquake 2025 - Sagaing Town Building Footprints,0,True,0,Myanmar Earthquake 2025 - Sagaing Town Building Footprints|100480_57347
OAM-401923-229389-19,fold_3,Myanmar,Myanmar Earthquake 2025 - Sagaing Town Building Footprints,0,True,0,Myanmar Earthquake 2025 - Sagaing Town Building Footprints|100480_57347
OAM-401923-229484-19,fold_0,Myanmar,Myanmar Earthquake 2025 - Sagaing Town Building Footprints,5,False,5,Myanmar Earthquake 2025 - Sagaing Town Building Footprints|100480_57371
OAM-401924-229362-19,fold_3,Myanmar,Myanmar Earthquake 2025 - Sagaing Town Building Footprints,0,True,0,Myanmar Earthquake 2025 - Sagaing Town Building Footprints|100481_57340
OAM-401924-229390-19,fold_2,Myanmar,Myanmar Earthquake 2025 - Sagaing Town Building Footprints,0,True,0,Myanmar Earthquake 2025 - Sagaing Town Building Footprints|100481_57347
OAM-401924-229393-19,fold_3,Myanmar,Myanmar Earthquake 2025 - Sagaing Town Building Footprints,14,False,14,Myanmar Earthquake 2025 - Sagaing Town Building Footprints|100481_57348
OAM-401924-229404-19,fold_6,Myanmar,Myanmar Earthquake 2025 - Sagaing Town Building Footprints,0,True,0,Myanmar Earthquake 2025 - Sagaing Town Building Footprints|100481_57351
OAM-401924-229412-19,fold_3,Myanmar,Myanmar Earthquake 2025 - Sagaing Town Building Footprints,0,True,0,Myanmar Earthquake 2025 - Sagaing Town Building Footprints|100481_57353
OAM-401924-229478-19,fold_2,Myanmar,Myanmar Earthquake 2025 - Sagaing Town Building Footprints,5,False,5,Myanmar Earthquake 2025 - Sagaing Town Building Footprints|100481_57369
OAM-401925-229347-19,fold_2,Myanmar,Myanmar Earthquake 2025 - Sagaing Town Building Footprints,1,False,1,Myanmar Earthquake 2025 - Sagaing Town Building Footprints|100481_57336
OAM-401925-229349-19,fold_2,Myanmar,Myanmar Earthquake 2025 - Sagaing Town Building Footprints,0,True,0,Myanmar Earthquake 2025 - Sagaing Town Building Footprints|100481_57337
OAM-401925-229360-19,fold_3,Myanmar,Myanmar Earthquake 2025 - Sagaing Town Building Footprints,0,True,0,Myanmar Earthquake 2025 - Sagaing Town Building Footprints|100481_57340
OAM-401925-229361-19,fold_3,Myanmar,Myanmar Earthquake 2025 - Sagaing Town Building Footprints,0,True,0,Myanmar Earthquake 2025 - Sagaing Town Building Footprints|100481_57340
OAM-401925-229368-19,fold_0,Myanmar,Myanmar Earthquake 2025 - Sagaing Town Building Footprints,0,True,0,Myanmar Earthquake 2025 - Sagaing Town Building Footprints|100481_57342
OAM-401925-229400-19,fold_0,Myanmar,Myanmar Earthquake 2025 - Sagaing Town Building Footprints,5,False,5,Myanmar Earthquake 2025 - Sagaing Town Building Footprints|100481_57350
OAM-401925-229410-19,fold_0,Myanmar,Myanmar Earthquake 2025 - Sagaing Town Building Footprints,5,False,5,Myanmar Earthquake 2025 - Sagaing Town Building Footprints|100481_57352
OAM-401925-229421-19,fold_1,Myanmar,Myanmar Earthquake 2025 - Sagaing Town Building Footprints,5,False,5,Myanmar Earthquake 2025 - Sagaing Town Building Footprints|100481_57355
OAM-401925-229423-19,fold_1,Myanmar,Myanmar Earthquake 2025 - Sagaing Town Building Footprints,5,False,5,Myanmar Earthquake 2025 - Sagaing Town Building Footprints|100481_57355
OAM-401925-229443-19,fold_5,Myanmar,Myanmar Earthquake 2025 - Sagaing Town Building Footprints,5,False,5,Myanmar Earthquake 2025 - Sagaing Town Building Footprints|100481_57360
OAM-401925-229445-19,fold_5,Myanmar,Myanmar Earthquake 2025 - Sagaing Town Building Footprints,3,False,3,Myanmar Earthquake 2025 - Sagaing Town Building Footprints|100481_57361
OAM-401925-229446-19,fold_5,Myanmar,Myanmar Earthquake 2025 - Sagaing Town Building Footprints,6,False,6,Myanmar Earthquake 2025 - Sagaing Town Building Footprints|100481_57361
OAM-401925-229476-19,fold_2,Myanmar,Myanmar Earthquake 2025 - Sagaing Town Building Footprints,5,False,5,Myanmar Earthquake 2025 - Sagaing Town Building Footprints|100481_57369
OAM-401926-229349-19,fold_2,Myanmar,Myanmar Earthquake 2025 - Sagaing Town Building Footprints,1,False,1,Myanmar Earthquake 2025 - Sagaing Town Building Footprints|100481_57337
OAM-401926-229369-19,fold_0,Myanmar,Myanmar Earthquake 2025 - Sagaing Town Building Footprints,0,True,0,Myanmar Earthquake 2025 - Sagaing Town Building Footprints|100481_57342
OAM-401926-229380-19,fold_6,Myanmar,Myanmar Earthquake 2025 - Sagaing Town Building Footprints,2,False,2,Myanmar Earthquake 2025 - Sagaing Town Building Footprints|100481_57345
OAM-401926-229382-19,fold_6,Myanmar,Myanmar Earthquake 2025 - Sagaing Town Building Footprints,0,True,0,Myanmar Earthquake 2025 - Sagaing Town Building Footprints|100481_57345
OAM-401926-229386-19,fold_2,Myanmar,Myanmar Earthquake 2025 - Sagaing Town Building Footprints,5,False,5,Myanmar Earthquake 2025 - Sagaing Town Building Footprints|100481_57346
OAM-401926-229399-19,fold_6,Myanmar,Myanmar Earthquake 2025 - Sagaing Town Building Footprints,4,False,4,Myanmar Earthquake 2025 - Sagaing Town Building Footprints|100481_57349
OAM-401926-229400-19,fold_0,Myanmar,Myanmar Earthquake 2025 - Sagaing Town Building Footprints,2,False,2,Myanmar Earthquake 2025 - Sagaing Town Building Footprints|100481_57350
OAM-401926-229403-19,fold_0,Myanmar,Myanmar Earthquake 2025 - Sagaing Town Building Footprints,5,False,5,Myanmar Earthquake 2025 - Sagaing Town Building Footprints|100481_57350
OAM-401926-229409-19,fold_0,Myanmar,Myanmar Earthquake 2025 - Sagaing Town Building Footprints,0,True,0,Myanmar Earthquake 2025 - Sagaing Town Building Footprints|100481_57352
OAM-401926-229454-19,fold_6,Myanmar,Myanmar Earthquake 2025 - Sagaing Town Building Footprints,5,False,5,Myanmar Earthquake 2025 - Sagaing Town Building Footprints|100481_57363
OAM-401926-229466-19,fold_0,Myanmar,Myanmar Earthquake 2025 - Sagaing Town Building Footprints,5,False,5,Myanmar Earthquake 2025 - Sagaing Town Building Footprints|100481_57366
OAM-401926-229474-19,fold_6,Myanmar,Myanmar Earthquake 2025 - Sagaing Town Building Footprints,11,False,11,Myanmar Earthquake 2025 - Sagaing Town Building Footprints|100481_57368
OAM-401927-229360-19,fold_3,Myanmar,Myanmar Earthquake 2025 - Sagaing Town Building Footprints,0,True,0,Myanmar Earthquake 2025 - Sagaing Town Building Footprints|100481_57340
OAM-401927-229373-19,fold_3,Myanmar,Myanmar Earthquake 2025 - Sagaing Town Building Footprints,5,False,5,Myanmar Earthquake 2025 - Sagaing Town Building Footprints|100481_57343
OAM-401927-229381-19,fold_6,Myanmar,Myanmar Earthquake 2025 - Sagaing Town Building Footprints,1,False,1,Myanmar Earthquake 2025 - Sagaing Town Building Footprints|100481_57345
OAM-401927-229382-19,fold_6,Myanmar,Myanmar Earthquake 2025 - Sagaing Town Building Footprints,0,True,0,Myanmar Earthquake 2025 - Sagaing Town Building Footprints|100481_57345
OAM-401927-229385-19,fold_2,Myanmar,Myanmar Earthquake 2025 - Sagaing Town Building Footprints,3,False,3,Myanmar Earthquake 2025 - Sagaing Town Building Footprints|100481_57346
OAM-401927-229396-19,fold_6,Myanmar,Myanmar Earthquake 2025 - Sagaing Town Building Footprints,1,False,1,Myanmar Earthquake 2025 - Sagaing Town Building Footprints|100481_57349
OAM-401927-229442-19,fold_5,Myanmar,Myanmar Earthquake 2025 - Sagaing Town Building Footprints,20,False,20,Myanmar Earthquake 2025 - Sagaing Town Building Footprints|100481_57360
OAM-401927-229482-19,fold_6,Myanmar,Myanmar Earthquake 2025 - Sagaing Town Building Footprints,20,False,20,Myanmar Earthquake 2025 - Sagaing Town Building Footprints|100481_57370
OAM-401927-229487-19,fold_6,Myanmar,Myanmar Earthquake 2025 - Sagaing Town Building Footprints,1,False,1,Myanmar Earthquake 2025 - Sagaing Town Building Footprints|100481_57371
OAM-401927-229488-19,fold_4,Myanmar,Myanmar Earthquake 2025 - Sagaing Town Building Footprints,0,True,0,Myanmar Earthquake 2025 - Sagaing Town Building Footprints|100481_57372
OAM-401928-229357-19,fold_2,Myanmar,Myanmar Earthquake 2025 - Sagaing Town Building Footprints,0,True,0,Myanmar Earthquake 2025 - Sagaing Town Building Footprints|100482_57339
OAM-401928-229361-19,fold_2,Myanmar,Myanmar Earthquake 2025 - Sagaing Town Building Footprints,0,True,0,Myanmar Earthquake 2025 - Sagaing Town Building Footprints|100482_57340
OAM-401928-229367-19,fold_3,Myanmar,Myanmar Earthquake 2025 - Sagaing Town Building Footprints,0,True,0,Myanmar Earthquake 2025 - Sagaing Town Building Footprints|100482_57341
OAM-401928-229393-19,fold_1,Myanmar,Myanmar Earthquake 2025 - Sagaing Town Building Footprints,0,True,0,Myanmar Earthquake 2025 - Sagaing Town Building Footprints|100482_57348
OAM-401928-229405-19,fold_1,Myanmar,Myanmar Earthquake 2025 - Sagaing Town Building Footprints,0,True,0,Myanmar Earthquake 2025 - Sagaing Town Building Footprints|100482_57351
OAM-401928-229406-19,fold_1,Myanmar,Myanmar Earthquake 2025 - Sagaing Town Building Footprints,5,False,5,Myanmar Earthquake 2025 - Sagaing Town Building Footprints|100482_57351
OAM-401928-229410-19,fold_4,Myanmar,Myanmar Earthquake 2025 - Sagaing Town Building Footprints,5,False,5,Myanmar Earthquake 2025 - Sagaing Town Building Footprints|100482_57352
OAM-401928-229422-19,fold_0,Myanmar,Myanmar Earthquake 2025 - Sagaing Town Building Footprints,5,False,5,Myanmar Earthquake 2025 - Sagaing Town Building Footprints|100482_57355
OAM-401928-229426-19,fold_1,Myanmar,Myanmar Earthquake 2025 - Sagaing Town Building Footprints,5,False,5,Myanmar Earthquake 2025 - Sagaing Town Building Footprints|100482_57356
OAM-401929-229336-19,fold_2,Myanmar,Myanmar Earthquake 2025 - Sagaing Town Building Footprints,0,True,0,Myanmar Earthquake 2025 - Sagaing Town Building Footprints|100482_57334
OAM-401929-229360-19,fold_2,Myanmar,Myanmar Earthquake 2025 - Sagaing Town Building Footprints,0,True,0,Myanmar Earthquake 2025 - Sagaing Town Building Footprints|100482_57340
OAM-401929-229382-19,fold_2,Myanmar,Myanmar Earthquake 2025 - Sagaing Town Building Footprints,0,True,0,Myanmar Earthquake 2025 - Sagaing Town Building Footprints|100482_57345
OAM-401929-229384-19,fold_1,Myanmar,Myanmar Earthquake 2025 - Sagaing Town Building Footprints,0,True,0,Myanmar Earthquake 2025 - Sagaing Town Building Footprints|100482_57346
OAM-401929-229397-19,fold_6,Myanmar,Myanmar Earthquake 2025 - Sagaing Town Building Footprints,0,True,0,Myanmar Earthquake 2025 - Sagaing Town Building Footprints|100482_57349
OAM-401929-229406-19,fold_1,Myanmar,Myanmar Earthquake 2025 - Sagaing Town Building Footprints,2,False,2,Myanmar Earthquake 2025 - Sagaing Town Building Footprints|100482_57351
OAM-401929-229414-19,fold_5,Myanmar,Myanmar Earthquake 2025 - Sagaing Town Building Footprints,11,False,11,Myanmar Earthquake 2025 - Sagaing Town Building Footprints|100482_57353
OAM-401929-229416-19,fold_3,Myanmar,Myanmar Earthquake 2025 - Sagaing Town Building Footprints,5,False,5,Myanmar Earthquake 2025 - Sagaing Town Building Footprints|100482_57354
OAM-401929-229417-19,fold_3,Myanmar,Myanmar Earthquake 2025 - Sagaing Town Building Footprints,5,False,5,Myanmar Earthquake 2025 - Sagaing Town Building Footprints|100482_57354
OAM-401929-229418-19,fold_3,Myanmar,Myanmar Earthquake 2025 - Sagaing Town Building Footprints,1,False,1,Myanmar Earthquake 2025 - Sagaing Town Building Footprints|100482_57354
OAM-401929-229470-19,fold_1,Myanmar,Myanmar Earthquake 2025 - Sagaing Town Building Footprints,6,False,6,Myanmar Earthquake 2025 - Sagaing Town Building Footprints|100482_57367
OAM-401929-229473-19,fold_0,Myanmar,Myanmar Earthquake 2025 - Sagaing Town Building Footprints,20,False,20,Myanmar Earthquake 2025 - Sagaing Town Building Footprints|100482_57368
OAM-401929-229488-19,fold_4,Myanmar,Myanmar Earthquake 2025 - Sagaing Town Building Footprints,0,True,0,Myanmar Earthquake 2025 - Sagaing Town Building Footprints|100482_57372
OAM-401930-229350-19,fold_1,Myanmar,Myanmar Earthquake 2025 - Sagaing Town Building Footprints,3,False,3,Myanmar Earthquake 2025 - Sagaing Town Building Footprints|100482_57337
OAM-401930-229355-19,fold_6,Myanmar,Myanmar Earthquake 2025 - Sagaing Town Building Footprints,7,False,7,Myanmar Earthquake 2025 - Sagaing Town Building Footprints|100482_57338
OAM-401930-229359-19,fold_2,Myanmar,Myanmar Earthquake 2025 - Sagaing Town Building Footprints,0,True,0,Myanmar Earthquake 2025 - Sagaing Town Building Footprints|100482_57339
OAM-401930-229364-19,fold_3,Myanmar,Myanmar Earthquake 2025 - Sagaing Town Building Footprints,0,True,0,Myanmar Earthquake 2025 - Sagaing Town Building Footprints|100482_57341
OAM-401930-229383-19,fold_2,Myanmar,Myanmar Earthquake 2025 - Sagaing Town Building Footprints,0,True,0,Myanmar Earthquake 2025 - Sagaing Town Building Footprints|100482_57345
OAM-401930-229385-19,fold_1,Myanmar,Myanmar Earthquake 2025 - Sagaing Town Building Footprints,0,True,0,Myanmar Earthquake 2025 - Sagaing Town Building Footprints|100482_57346
OAM-401930-229386-19,fold_1,Myanmar,Myanmar Earthquake 2025 - Sagaing Town Building Footprints,0,True,0,Myanmar Earthquake 2025 - Sagaing Town Building Footprints|100482_57346
OAM-401930-229388-19,fold_2,Myanmar,Myanmar Earthquake 2025 - Sagaing Town Building Footprints,0,True,0,Myanmar Earthquake 2025 - Sagaing Town Building Footprints|100482_57347
OAM-401930-229394-19,fold_1,Myanmar,Myanmar Earthquake 2025 - Sagaing Town Building Footprints,0,True,0,Myanmar Earthquake 2025 - Sagaing Town Building Footprints|100482_57348
OAM-401930-229397-19,fold_6,Myanmar,Myanmar Earthquake 2025 - Sagaing Town Building Footprints,0,True,0,Myanmar Earthquake 2025 - Sagaing Town Building Footprints|100482_57349
OAM-401930-229404-19,fold_1,Myanmar,Myanmar Earthquake 2025 - Sagaing Town Building Footprints,3,False,3,Myanmar Earthquake 2025 - Sagaing Town Building Footprints|100482_57351
OAM-401930-229483-19,fold_2,Myanmar,Myanmar Earthquake 2025 - Sagaing Town Building Footprints,4,False,4,Myanmar Earthquake 2025 - Sagaing Town Building Footprints|100482_57370
OAM-401930-229488-19,fold_4,Myanmar,Myanmar Earthquake 2025 - Sagaing Town Building Footprints,0,True,0,Myanmar Earthquake 2025 - Sagaing Town Building Footprints|100482_57372
OAM-401931-229348-19,fold_1,Myanmar,Myanmar Earthquake 2025 - Sagaing Town Building Footprints,0,True,0,Myanmar Earthquake 2025 - Sagaing Town Building Footprints|100482_57337
OAM-401931-229358-19,fold_2,Myanmar,Myanmar Earthquake 2025 - Sagaing Town Building Footprints,0,True,0,Myanmar Earthquake 2025 - Sagaing Town Building Footprints|100482_57339
OAM-401931-229359-19,fold_2,Myanmar,Myanmar Earthquake 2025 - Sagaing Town Building Footprints,0,True,0,Myanmar Earthquake 2025 - Sagaing Town Building Footprints|100482_57339
OAM-401931-229381-19,fold_2,Myanmar,Myanmar Earthquake 2025 - Sagaing Town Building Footprints,0,True,0,Myanmar Earthquake 2025 - Sagaing Town Building Footprints|100482_57345
OAM-401931-229382-19,fold_2,Myanmar,Myanmar Earthquake 2025 - Sagaing Town Building Footprints,0,True,0,Myanmar Earthquake 2025 - Sagaing Town Building Footprints|100482_57345
OAM-401931-229384-19,fold_1,Myanmar,Myanmar Earthquake 2025 - Sagaing Town Building Footprints,0,True,0,Myanmar Earthquake 2025 - Sagaing Town Building Footprints|100482_57346
OAM-401931-229386-19,fold_1,Myanmar,Myanmar Earthquake 2025 - Sagaing Town Building Footprints,0,True,0,Myanmar Earthquake 2025 - Sagaing Town Building Footprints|100482_57346
OAM-401931-229388-19,fold_2,Myanmar,Myanmar Earthquake 2025 - Sagaing Town Building Footprints,0,True,0,Myanmar Earthquake 2025 - Sagaing Town Building Footprints|100482_57347
OAM-401931-229390-19,fold_2,Myanmar,Myanmar Earthquake 2025 - Sagaing Town Building Footprints,0,True,0,Myanmar Earthquake 2025 - Sagaing Town Building Footprints|100482_57347
OAM-401931-229391-19,fold_2,Myanmar,Myanmar Earthquake 2025 - Sagaing Town Building Footprints,0,True,0,Myanmar Earthquake 2025 - Sagaing Town Building Footprints|100482_57347
OAM-401931-229394-19,fold_1,Myanmar,Myanmar Earthquake 2025 - Sagaing Town Building Footprints,0,True,0,Myanmar Earthquake 2025 - Sagaing Town Building Footprints|100482_57348
OAM-401931-229395-19,fold_1,Myanmar,Myanmar Earthquake 2025 - Sagaing Town Building Footprints,0,True,0,Myanmar Earthquake 2025 - Sagaing Town Building Footprints|100482_57348
OAM-401931-229398-19,fold_6,Myanmar,Myanmar Earthquake 2025 - Sagaing Town Building Footprints,0,True,0,Myanmar Earthquake 2025 - Sagaing Town Building Footprints|100482_57349
OAM-401931-229453-19,fold_5,Myanmar,Myanmar Earthquake 2025 - Sagaing Town Building Footprints,6,False,6,Myanmar Earthquake 2025 - Sagaing Town Building Footprints|100482_57363
OAM-401931-229468-19,fold_1,Myanmar,Myanmar Earthquake 2025 - Sagaing Town Building Footprints,5,False,5,Myanmar Earthquake 2025 - Sagaing Town Building Footprints|100482_57367
OAM-401932-229355-19,fold_0,Myanmar,Myanmar Earthquake 2025 - Sagaing Town Building Footprints,0,True,0,Myanmar Earthquake 2025 - Sagaing Town Building Footprints|100483_57338
OAM-401932-229356-19,fold_0,Myanmar,Myanmar Earthquake 2025 - Sagaing Town Building Footprints,0,True,0,Myanmar Earthquake 2025 - Sagaing Town Building Footprints|100483_57339
OAM-401932-229369-19,fold_2,Myanmar,Myanmar Earthquake 2025 - Sagaing Town Building Footprints,0,True,0,Myanmar Earthquake 2025 - Sagaing Town Building Footprints|100483_57342
OAM-401932-229381-19,fold_2,Myanmar,Myanmar Earthquake 2025 - Sagaing Town Building Footprints,0,True,0,Myanmar Earthquake 2025 - Sagaing Town Building Footprints|100483_57345
OAM-401932-229383-19,fold_2,Myanmar,Myanmar Earthquake 2025 - Sagaing Town Building Footprints,0,True,0,Myanmar Earthquake 2025 - Sagaing Town Building Footprints|100483_57345
OAM-401932-229386-19,fold_2,Myanmar,Myanmar Earthquake 2025 - Sagaing Town Building Footprints,0,True,0,Myanmar Earthquake 2025 - Sagaing Town Building Footprints|100483_57346
OAM-401932-229388-19,fold_0,Myanmar,Myanmar Earthquake 2025 - Sagaing Town Building Footprints,0,True,0,Myanmar Earthquake 2025 - Sagaing Town Building Footprints|100483_57347
OAM-401932-229391-19,fold_0,Myanmar,Myanmar Earthquake 2025 - Sagaing Town Building Footprints,0,True,0,Myanmar Earthquake 2025 - Sagaing Town Building Footprints|100483_57347
OAM-401932-229395-19,fold_1,Myanmar,Myanmar Earthquake 2025 - Sagaing Town Building Footprints,0,True,0,Myanmar Earthquake 2025 - Sagaing Town Building Footprints|100483_57348
OAM-401932-229397-19,fold_5,Myanmar,Myanmar Earthquake 2025 - Sagaing Town Building Footprints,0,True,0,Myanmar Earthquake 2025 - Sagaing Town Building Footprints|100483_57349
OAM-401932-229398-19,fold_5,Myanmar,Myanmar Earthquake 2025 - Sagaing Town Building Footprints,0,True,0,Myanmar Earthquake 2025 - Sagaing Town Building Footprints|100483_57349
OAM-401932-229403-19,fold_4,Myanmar,Myanmar Earthquake 2025 - Sagaing Town Building Footprints,0,True,0,Myanmar Earthquake 2025 - Sagaing Town Building Footprints|100483_57350
OAM-401932-229405-19,fold_5,Myanmar,Myanmar Earthquake 2025 - Sagaing Town Building Footprints,12,False,12,Myanmar Earthquake 2025 - Sagaing Town Building Footprints|100483_57351
OAM-401932-229439-19,fold_5,Myanmar,Myanmar Earthquake 2025 - Sagaing Town Building Footprints,2,False,2,Myanmar Earthquake 2025 - Sagaing Town Building Footprints|100483_57359
OAM-401932-229440-19,fold_6,Myanmar,Myanmar Earthquake 2025 - Sagaing Town Building Footprints,3,False,3,Myanmar Earthquake 2025 - Sagaing Town Building Footprints|100483_57360
OAM-401932-229467-19,fold_2,Myanmar,Myanmar Earthquake 2025 - Sagaing Town Building Footprints,17,False,17,Myanmar Earthquake 2025 - Sagaing Town Building Footprints|100483_57366
OAM-401933-229383-19,fold_2,Myanmar,Myanmar Earthquake 2025 - Sagaing Town Building Footprints,0,True,0,Myanmar Earthquake 2025 - Sagaing Town Building Footprints|100483_57345
OAM-401933-229385-19,fold_2,Myanmar,Myanmar Earthquake 2025 - Sagaing Town Building Footprints,0,True,0,Myanmar Earthquake 2025 - Sagaing Town Building Footprints|100483_57346
OAM-401933-229391-19,fold_0,Myanmar,Myanmar Earthquake 2025 - Sagaing Town Building Footprints,0,True,0,Myanmar Earthquake 2025 - Sagaing Town Building Footprints|100483_57347
OAM-401933-229393-19,fold_1,Myanmar,Myanmar Earthquake 2025 - Sagaing Town Building Footprints,0,True,0,Myanmar Earthquake 2025 - Sagaing Town Building Footprints|100483_57348
OAM-401933-229394-19,fold_1,Myanmar,Myanmar Earthquake 2025 - Sagaing Town Building Footprints,0,True,0,Myanmar Earthquake 2025 - Sagaing Town Building Footprints|100483_57348
OAM-401933-229486-19,fold_6,Myanmar,Myanmar Earthquake 2025 - Sagaing Town Building Footprints,0,True,0,Myanmar Earthquake 2025 - Sagaing Town Building Footprints|100483_57371
OAM-401934-229352-19,fold_0,Myanmar,Myanmar Earthquake 2025 - Sagaing Town Building Footprints,0,True,0,Myanmar Earthquake 2025 - Sagaing Town Building Footprints|100483_57338
OAM-401934-229355-19,fold_0,Myanmar,Myanmar Earthquake 2025 - Sagaing Town Building Footprints,0,True,0,Myanmar Earthquake 2025 - Sagaing Town Building Footprints|100483_57338
OAM-401934-229362-19,fold_2,Myanmar,Myanmar Earthquake 2025 - Sagaing Town Building Footprints,0,True,0,Myanmar Earthquake 2025 - Sagaing Town Building Footprints|100483_57340
OAM-401934-229371-19,fold_2,Myanmar,Myanmar Earthquake 2025 - Sagaing Town Building Footprints,0,True,0,Myanmar Earthquake 2025 - Sagaing Town Building Footprints|100483_57342
OAM-401934-229377-19,fold_4,Myanmar,Myanmar Earthquake 2025 - Sagaing Town Building Footprints,1,False,1,Myanmar Earthquake 2025 - Sagaing Town Building Footprints|100483_57344
OAM-401934-229399-19,fold_5,Myanmar,Myanmar Earthquake 2025 - Sagaing Town Building Footprints,0,True,0,Myanmar Earthquake 2025 - Sagaing Town Building Footprints|100483_57349
OAM-401934-229403-19,fold_4,Myanmar,Myanmar Earthquake 2025 - Sagaing Town Building Footprints,0,True,0,Myanmar Earthquake 2025 - Sagaing Town Building Footprints|100483_57350
OAM-401934-229408-19,fold_0,Myanmar,Myanmar Earthquake 2025 - Sagaing Town Building Footprints,2,False,2,Myanmar Earthquake 2025 - Sagaing Town Building Footprints|100483_57352
OAM-401934-229431-19,fold_6,Myanmar,Myanmar Earthquake 2025 - Sagaing Town Building Footprints,0,True,0,Myanmar Earthquake 2025 - Sagaing Town Building Footprints|100483_57357
OAM-401934-229445-19,fold_4,Myanmar,Myanmar Earthquake 2025 - Sagaing Town Building Footprints,4,False,4,Myanmar Earthquake 2025 - Sagaing Town Building Footprints|100483_57361
OAM-401934-229486-19,fold_6,Myanmar,Myanmar Earthquake 2025 - Sagaing Town Building Footprints,0,True,0,Myanmar Earthquake 2025 - Sagaing Town Building Footprints|100483_57371
OAM-401935-229338-19,fold_6,Myanmar,Myanmar Earthquake 2025 - Sagaing Town Building Footprints,7,False,7,Myanmar Earthquake 2025 - Sagaing Town Building Footprints|100483_57334
OAM-401935-229390-19,fold_0,Myanmar,Myanmar Earthquake 2025 - Sagaing Town Building Footprints,0,True,0,Myanmar Earthquake 2025 - Sagaing Town Building Footprints|100483_57347
OAM-401935-229398-19,fold_5,Myanmar,Myanmar Earthquake 2025 - Sagaing Town Building Footprints,0,True,0,Myanmar Earthquake 2025 - Sagaing Town Building Footprints|100483_57349
OAM-401935-229412-19,fold_5,Myanmar,Myanmar Earthquake 2025 - Sagaing Town Building Footprints,2,False,2,Myanmar Earthquake 2025 - Sagaing Town Building Footprints|100483_57353
OAM-401935-229440-19,fold_6,Myanmar,Myanmar Earthquake 2025 - Sagaing Town Building Footprints,5,False,5,Myanmar Earthquake 2025 - Sagaing Town Building Footprints|100483_57360
OAM-401936-229348-19,fold_2,Myanmar,Myanmar Earthquake 2025 - Sagaing Town Building Footprints,0,True,0,Myanmar Earthquake 2025 - Sagaing Town Building Footprints|100484_57337
OAM-401936-229395-19,fold_4,Myanmar,Myanmar Earthquake 2025 - Sagaing Town Building Footprints,1,False,1,Myanmar Earthquake 2025 - Sagaing Town Building Footprints|100484_57348
OAM-401936-229405-19,fold_4,Myanmar,Myanmar Earthquake 2025 - Sagaing Town Building Footprints,2,False,2,Myanmar Earthquake 2025 - Sagaing Town Building Footprints|100484_57351
OAM-401936-229435-19,fold_4,Myanmar,Myanmar Earthquake 2025 - Sagaing Town Building Footprints,3,False,3,Myanmar Earthquake 2025 - Sagaing Town Building Footprints|100484_57358
OAM-401937-229344-19,fold_0,Myanmar,Myanmar Earthquake 2025 - Sagaing Town Building Footprints,0,True,0,Myanmar Earthquake 2025 - Sagaing Town Building Footprints|100484_57336
OAM-401937-229384-19,fold_1,Myanmar,Myanmar Earthquake 2025 - Sagaing Town Building Footprints,0,True,0,Myanmar Earthquake 2025 - Sagaing Town Building Footprints|100484_57346
OAM-401937-229397-19,fold_2,Myanmar,Myanmar Earthquake 2025 - Sagaing Town Building Footprints,0,True,0,Myanmar Earthquake 2025 - Sagaing Town Building Footprints|100484_57349
OAM-401937-229403-19,fold_1,Myanmar,Myanmar Earthquake 2025 - Sagaing Town Building Footprints,0,True,0,Myanmar Earthquake 2025 - Sagaing Town Building Footprints|100484_57350
OAM-401937-229412-19,fold_5,Myanmar,Myanmar Earthquake 2025 - Sagaing Town Building Footprints,3,False,3,Myanmar Earthquake 2025 - Sagaing Town Building Footprints|100484_57353
OAM-401937-229443-19,fold_6,Myanmar,Myanmar Earthquake 2025 - Sagaing Town Building Footprints,7,False,7,Myanmar Earthquake 2025 - Sagaing Town Building Footprints|100484_57360
OAM-401937-229483-19,fold_4,Myanmar,Myanmar Earthquake 2025 - Sagaing Town Building Footprints,0,True,0,Myanmar Earthquake 2025 - Sagaing Town Building Footprints|100484_57370
OAM-401937-229484-19,fold_6,Myanmar,Myanmar Earthquake 2025 - Sagaing Town Building Footprints,0,True,0,Myanmar Earthquake 2025 - Sagaing Town Building Footprints|100484_57371
OAM-401938-229338-19,fold_6,Myanmar,Myanmar Earthquake 2025 - Sagaing Town Building Footprints,0,True,0,Myanmar Earthquake 2025 - Sagaing Town Building Footprints|100484_57334
OAM-401938-229347-19,fold_0,Myanmar,Myanmar Earthquake 2025 - Sagaing Town Building Footprints,0,True,0,Myanmar Earthquake 2025 - Sagaing Town Building Footprints|100484_57336
OAM-401938-229388-19,fold_0,Myanmar,Myanmar Earthquake 2025 - Sagaing Town Building Footprints,0,True,0,Myanmar Earthquake 2025 - Sagaing Town Building Footprints|100484_57347
OAM-401938-229424-19,fold_6,Myanmar,Myanmar Earthquake 2025 - Sagaing Town Building Footprints,1,False,1,Myanmar Earthquake 2025 - Sagaing Town Building Footprints|100484_57356
OAM-401938-229426-19,fold_6,Myanmar,Myanmar Earthquake 2025 - Sagaing Town Building Footprints,0,True,0,Myanmar Earthquake 2025 - Sagaing Town Building Footprints|100484_57356
OAM-401938-229432-19,fold_4,Myanmar,Myanmar Earthquake 2025 - Sagaing Town Building Footprints,1,False,1,Myanmar Earthquake 2025 - Sagaing Town Building Footprints|100484_57358
OAM-401938-229482-19,fold_4,Myanmar,Myanmar Earthquake 2025 - Sagaing Town Building Footprints,2,False,2,Myanmar Earthquake 2025 - Sagaing Town Building Footprints|100484_57370
OAM-401939-229340-19,fold_4,Myanmar,Myanmar Earthquake 2025 - Sagaing Town Building Footprints,0,True,0,Myanmar Earthquake 2025 - Sagaing Town Building Footprints|100484_57335
OAM-401939-229342-19,fold_4,Myanmar,Myanmar Earthquake 2025 - Sagaing Town Building Footprints,0,True,0,Myanmar Earthquake 2025 - Sagaing Town Building Footprints|100484_57335
OAM-401939-229343-19,fold_4,Myanmar,Myanmar Earthquake 2025 - Sagaing Town Building Footprints,0,True,0,Myanmar Earthquake 2025 - Sagaing Town Building Footprints|100484_57335
OAM-401939-229351-19,fold_2,Myanmar,Myanmar Earthquake 2025 - Sagaing Town Building Footprints,0,True,0,Myanmar Earthquake 2025 - Sagaing Town Building Footprints|100484_57337
OAM-401939-229387-19,fold_1,Myanmar,Myanmar Earthquake 2025 - Sagaing Town Building Footprints,0,True,0,Myanmar Earthquake 2025 - Sagaing Town Building Footprints|100484_57346
OAM-401939-229415-19,fold_5,Myanmar,Myanmar Earthquake 2025 - Sagaing Town Building Footprints,2,False,2,Myanmar Earthquake 2025 - Sagaing Town Building Footprints|100484_57353
OAM-401939-229424-19,fold_6,Myanmar,Myanmar Earthquake 2025 - Sagaing Town Building Footprints,1,False,1,Myanmar Earthquake 2025 - Sagaing Town Building Footprints|100484_57356
OAM-401939-229432-19,fold_4,Myanmar,Myanmar Earthquake 2025 - Sagaing Town Building Footprints,0,True,0,Myanmar Earthquake 2025 - Sagaing Town Building Footprints|100484_57358
OAM-401939-229437-19,fold_4,Myanmar,Myanmar Earthquake 2025 - Sagaing Town Building Footprints,4,False,4,Myanmar Earthquake 2025 - Sagaing Town Building Footprints|100484_57359
OAM-401939-229460-19,fold_5,Myanmar,Myanmar Earthquake 2025 - Sagaing Town Building Footprints,20,False,20,Myanmar Earthquake 2025 - Sagaing Town Building Footprints|100484_57365
OAM-401940-229338-19,fold_6,Myanmar,Myanmar Earthquake 2025 - Sagaing Town Building Footprints,0,True,0,Myanmar Earthquake 2025 - Sagaing Town Building Footprints|100485_57334
OAM-401940-229342-19,fold_6,Myanmar,Myanmar Earthquake 2025 - Sagaing Town Building Footprints,0,True,0,Myanmar Earthquake 2025 - Sagaing Town Building Footprints|100485_57335
OAM-401940-229348-19,fold_0,Myanmar,Myanmar Earthquake 2025 - Sagaing Town Building Footprints,0,True,0,Myanmar Earthquake 2025 - Sagaing Town Building Footprints|100485_57337
OAM-401940-229350-19,fold_0,Myanmar,Myanmar Earthquake 2025 - Sagaing Town Building Footprints,0,True,0,Myanmar Earthquake 2025 - Sagaing Town Building Footprints|100485_57337
OAM-401940-229387-19,fold_5,Myanmar,Myanmar Earthquake 2025 - Sagaing Town Building Footprints,1,False,1,Myanmar Earthquake 2025 - Sagaing Town Building Footprints|100485_57346
OAM-401940-229420-19,fold_0,Myanmar,Myanmar Earthquake 2025 - Sagaing Town Building Footprints,1,False,1,Myanmar Earthquake 2025 - Sagaing Town Building Footprints|100485_57355
OAM-401940-229421-19,fold_0,Myanmar,Myanmar Earthquake 2025 - Sagaing Town Building Footprints,5,False,5,Myanmar Earthquake 2025 - Sagaing Town Building Footprints|100485_57355
OAM-401941-229339-19,fold_6,Myanmar,Myanmar Earthquake 2025 - Sagaing Town Building Footprints,0,True,0,Myanmar Earthquake 2025 - Sagaing Town Building Footprints|100485_57334
OAM-401941-229340-19,fold_6,Myanmar,Myanmar Earthquake 2025 - Sagaing Town Building Footprints,0,True,0,Myanmar Earthquake 2025 - Sagaing Town Building Footprints|100485_57335
OAM-401941-229441-19,fold_0,Myanmar,Myanmar Earthquake 2025 - Sagaing Town Building Footprints,4,False,4,Myanmar Earthquake 2025 - Sagaing Town Building Footprints|100485_57360
OAM-401941-229476-19,fold_4,Myanmar,Myanmar Earthquake 2025 - Sagaing Town Building Footprints,2,False,2,Myanmar Earthquake 2025 - Sagaing Town Building Footprints|100485_57369
OAM-401941-229479-19,fold_4,Myanmar,Myanmar Earthquake 2025 - Sagaing Town Building Footprints,0,True,0,Myanmar Earthquake 2025 - Sagaing Town Building Footprints|100485_57369
OAM-401942-229339-19,fold_6,Myanmar,Myanmar Earthquake 2025 - Sagaing Town Building Footprints,0,True,0,Myanmar Earthquake 2025 - Sagaing Town Building Footprints|100485_57334
OAM-401942-229384-19,fold_5,Myanmar,Myanmar Earthquake 2025 - Sagaing Town Building Footprints,2,False,2,Myanmar Earthquake 2025 - Sagaing Town Building Footprints|100485_57346
OAM-401942-229421-19,fold_0,Myanmar,Myanmar Earthquake 2025 - Sagaing Town Building Footprints,0,True,0,Myanmar Earthquake 2025 - Sagaing Town Building Footprints|100485_57355
OAM-401942-229422-19,fold_0,Myanmar,Myanmar Earthquake 2025 - Sagaing Town Building Footprints,0,True,0,Myanmar Earthquake 2025 - Sagaing Town Building Footprints|100485_57355
OAM-401942-229423-19,fold_0,Myanmar,Myanmar Earthquake 2025 - Sagaing Town Building Footprints,1,False,1,Myanmar Earthquake 2025 - Sagaing Town Building Footprints|100485_57355
OAM-401942-229442-19,fold_0,Myanmar,Myanmar Earthquake 2025 - Sagaing Town Building Footprints,4,False,4,Myanmar Earthquake 2025 - Sagaing Town Building Footprints|100485_57360
OAM-401942-229477-19,fold_4,Myanmar,Myanmar Earthquake 2025 - Sagaing Town Building Footprints,0,True,0,Myanmar Earthquake 2025 - Sagaing Town Building Footprints|100485_57369
OAM-401943-229351-19,fold_0,Myanmar,Myanmar Earthquake 2025 - Sagaing Town Building Footprints,0,True,0,Myanmar Earthquake 2025 - Sagaing Town Building Footprints|100485_57337
OAM-401943-229389-19,fold_0,Myanmar,Myanmar Earthquake 2025 - Sagaing Town Building Footprints,0,True,0,Myanmar Earthquake 2025 - Sagaing Town Building Footprints|100485_57347
OAM-401943-229395-19,fold_4,Myanmar,Myanmar Earthquake 2025 - Sagaing Town Building Footprints,0,True,0,Myanmar Earthquake 2025 - Sagaing Town Building Footprints|100485_57348
OAM-401943-229397-19,fold_3,Myanmar,Myanmar Earthquake 2025 - Sagaing Town Building Footprints,0,True,0,Myanmar Earthquake 2025 - Sagaing Town Building Footprints|100485_57349
OAM-401943-229399-19,fold_3,Myanmar,Myanmar Earthquake 2025 - Sagaing Town Building Footprints,3,False,3,Myanmar Earthquake 2025 - Sagaing Town Building Footprints|100485_57349
OAM-401943-229403-19,fold_2,Myanmar,Myanmar Earthquake 2025 - Sagaing Town Building Footprints,6,False,6,Myanmar Earthquake 2025 - Sagaing Town Building Footprints|100485_57350
OAM-401943-229407-19,fold_6,Myanmar,Myanmar Earthquake 2025 - Sagaing Town Building Footprints,4,False,4,Myanmar Earthquake 2025 - Sagaing Town Building Footprints|100485_57351
OAM-401943-229438-19,fold_3,Myanmar,Myanmar Earthquake 2025 - Sagaing Town Building Footprints,0,True,0,Myanmar Earthquake 2025 - Sagaing Town Building Footprints|100485_57359
OAM-401944-229340-19,fold_0,Myanmar,Myanmar Earthquake 2025 - Sagaing Town Building Footprints,0,True,0,Myanmar Earthquake 2025 - Sagaing Town Building Footprints|100486_57335
OAM-401944-229395-19,fold_1,Myanmar,Myanmar Earthquake 2025 - Sagaing Town Building Footprints,0,True,0,Myanmar Earthquake 2025 - Sagaing Town Building Footprints|100486_57348
OAM-401944-229407-19,fold_4,Myanmar,Myanmar Earthquake 2025 - Sagaing Town Building Footprints,0,True,0,Myanmar Earthquake 2025 - Sagaing Town Building Footprints|100486_57351
OAM-401944-229424-19,fold_5,Myanmar,Myanmar Earthquake 2025 - Sagaing Town Building Footprints,0,True,0,Myanmar Earthquake 2025 - Sagaing Town Building Footprints|100486_57356
OAM-401944-229466-19,fold_0,Myanmar,Myanmar Earthquake 2025 - Sagaing Town Building Footprints,22,False,22,Myanmar Earthquake 2025 - Sagaing Town Building Footprints|100486_57366
OAM-401944-229475-19,fold_3,Myanmar,Myanmar Earthquake 2025 - Sagaing Town Building Footprints,0,True,0,Myanmar Earthquake 2025 - Sagaing Town Building Footprints|100486_57368
OAM-401945-229341-19,fold_0,Myanmar,Myanmar Earthquake 2025 - Sagaing Town Building Footprints,0,True,0,Myanmar Earthquake 2025 - Sagaing Town Building Footprints|100486_57335
OAM-401945-229386-19,fold_2,Myanmar,Myanmar Earthquake 2025 - Sagaing Town Building Footprints,3,False,3,Myanmar Earthquake 2025 - Sagaing Town Building Footprints|100486_57346
OAM-401945-229408-19,fold_3,Myanmar,Myanmar Earthquake 2025 - Sagaing Town Building Footprints,0,True,0,Myanmar Earthquake 2025 - Sagaing Town Building Footprints|100486_57352
OAM-401945-229424-19,fold_5,Myanmar,Myanmar Earthquake 2025 - Sagaing Town Building Footprints,5,False,5,Myanmar Earthquake 2025 - Sagaing Town Building Footprints|100486_57356
OAM-401945-229441-19,fold_3,Myanmar,Myanmar Earthquake 2025 - Sagaing Town Building Footprints,5,False,5,Myanmar Earthquake 2025 - Sagaing Town Building Footprints|100486_57360
OAM-401945-229447-19,fold_6,Myanmar,Myanmar Earthquake 2025 - Sagaing Town Building Footprints,20,False,20,Myanmar Earthquake 2025 - Sagaing Town Building Footprints|100486_57361
OAM-401945-229459-19,fold_0,Myanmar,Myanmar Earthquake 2025 - Sagaing Town Building Footprints,20,False,20,Myanmar Earthquake 2025 - Sagaing Town Building Footprints|100486_57364
OAM-401946-229339-19,fold_5,Myanmar,Myanmar Earthquake 2025 - Sagaing Town Building Footprints,0,True,0,Myanmar Earthquake 2025 - Sagaing Town Building Footprints|100486_57334
OAM-401946-229387-19,fold_2,Myanmar,Myanmar Earthquake 2025 - Sagaing Town Building Footprints,3,False,3,Myanmar Earthquake 2025 - Sagaing Town Building Footprints|100486_57346
OAM-401946-229433-19,fold_3,Myanmar,Myanmar Earthquake 2025 - Sagaing Town Building Footprints,0,True,0,Myanmar Earthquake 2025 - Sagaing Town Building Footprints|100486_57358
OAM-401946-229471-19,fold_1,Myanmar,Myanmar Earthquake 2025 - Sagaing Town Building Footprints,0,True,0,Myanmar Earthquake 2025 - Sagaing Town Building Footprints|100486_57367
OAM-401946-229472-19,fold_3,Myanmar,Myanmar Earthquake 2025 - Sagaing Town Building Footprints,0,True,0,Myanmar Earthquake 2025 - Sagaing Town Building Footprints|100486_57368
OAM-401947-229341-19,fold_0,Myanmar,Myanmar Earthquake 2025 - Sagaing Town Building Footprints,0,True,0,Myanmar Earthquake 2025 - Sagaing Town Building Footprints|100486_57335
OAM-401947-229378-19,fold_1,Myanmar,Myanmar Earthquake 2025 - Sagaing Town Building Footprints,1,False,1,Myanmar Earthquake 2025 - Sagaing Town Building Footprints|100486_57344
OAM-401947-229427-19,fold_5,Myanmar,Myanmar Earthquake 2025 - Sagaing Town Building Footprints,0,True,0,Myanmar Earthquake 2025 - Sagaing Town Building Footprints|100486_57356
OAM-401947-229438-19,fold_3,Myanmar,Myanmar Earthquake 2025 - Sagaing Town Building Footprints,5,False,5,Myanmar Earthquake 2025 - Sagaing Town Building Footprints|100486_57359
OAM-401947-229465-19,fold_0,Myanmar,Myanmar Earthquake 2025 - Sagaing Town Building Footprints,5,False,5,Myanmar Earthquake 2025 - Sagaing Town Building Footprints|100486_57366
OAM-401948-229342-19,fold_6,Myanmar,Myanmar Earthquake 2025 - Sagaing Town Building Footprints,0,True,0,Myanmar Earthquake 2025 - Sagaing Town Building Footprints|100487_57335
OAM-401948-229421-19,fold_1,Myanmar,Myanmar Earthquake 2025 - Sagaing Town Building Footprints,3,False,3,Myanmar Earthquake 2025 - Sagaing Town Building Footprints|100487_57355
OAM-401948-229427-19,fold_3,Myanmar,Myanmar Earthquake 2025 - Sagaing Town Building Footprints,0,True,0,Myanmar Earthquake 2025 - Sagaing Town Building Footprints|100487_57356
OAM-401948-229428-19,fold_6,Myanmar,Myanmar Earthquake 2025 - Sagaing Town Building Footprints,1,False,1,Myanmar Earthquake 2025 - Sagaing Town Building Footprints|100487_57357
OAM-401948-229433-19,fold_5,Myanmar,Myanmar Earthquake 2025 - Sagaing Town Building Footprints,2,False,2,Myanmar Earthquake 2025 - Sagaing Town Building Footprints|100487_57358
OAM-401948-229453-19,fold_1,Myanmar,Myanmar Earthquake 2025 - Sagaing Town Building Footprints,7,False,7,Myanmar Earthquake 2025 - Sagaing Town Building Footprints|100487_57363
OAM-401949-229368-19,fold_0,Myanmar,Myanmar Earthquake 2025 - Sagaing Town Building Footprints,7,False,7,Myanmar Earthquake 2025 - Sagaing Town Building Footprints|100487_57342
OAM-401949-229423-19,fold_1,Myanmar,Myanmar Earthquake 2025 - Sagaing Town Building Footprints,1,False,1,Myanmar Earthquake 2025 - Sagaing Town Building Footprints|100487_57355
OAM-401949-229426-19,fold_3,Myanmar,Myanmar Earthquake 2025 - Sagaing Town Building Footprints,2,False,2,Myanmar Earthquake 2025 - Sagaing Town Building Footprints|100487_57356
OAM-401949-229427-19,fold_3,Myanmar,Myanmar Earthquake 2025 - Sagaing Town Building Footprints,3,False,3,Myanmar Earthquake 2025 - Sagaing Town Building Footprints|100487_57356
OAM-401949-229436-19,fold_0,Myanmar,Myanmar Earthquake 2025 - Sagaing Town Building Footprints,0,True,0,Myanmar Earthquake 2025 - Sagaing Town Building Footprints|100487_57359
OAM-401949-229461-19,fold_1,Myanmar,Myanmar Earthquake 2025 - Sagaing Town Building Footprints,3,False,3,Myanmar Earthquake 2025 - Sagaing Town Building Footprints|100487_57365
OAM-401950-229360-19,fold_6,Myanmar,Myanmar Earthquake 2025 - Sagaing Town Building Footprints,2,False,2,Myanmar Earthquake 2025 - Sagaing Town Building Footprints|100487_57340
OAM-401950-229365-19,fold_2,Myanmar,Myanmar Earthquake 2025 - Sagaing Town Building Footprints,5,False,5,Myanmar Earthquake 2025 - Sagaing Town Building Footprints|100487_57341
OAM-401950-229416-19,fold_6,Myanmar,Myanmar Earthquake 2025 - Sagaing Town Building Footprints,6,False,6,Myanmar Earthquake 2025 - Sagaing Town Building Footprints|100487_57354
OAM-401950-229426-19,fold_3,Myanmar,Myanmar Earthquake 2025 - Sagaing Town Building Footprints,1,False,1,Myanmar Earthquake 2025 - Sagaing Town Building Footprints|100487_57356
OAM-401950-229461-19,fold_1,Myanmar,Myanmar Earthquake 2025 - Sagaing Town Building Footprints,1,False,1,Myanmar Earthquake 2025 - Sagaing Town Building Footprints|100487_57365
OAM-401950-229507-19,fold_6,Myanmar,Myanmar Earthquake 2025 - Amarapura/Mandalay Buildings Mapping,0,True,0,Myanmar Earthquake 2025 - Amarapura/Mandalay Buildings Mapping|100487_57376
OAM-401951-229428-19,fold_6,Myanmar,Myanmar Earthquake 2025 - Sagaing Town Building Footprints,0,True,0,Myanmar Earthquake 2025 - Sagaing Town Building Footprints|100487_57357
OAM-401951-229458-19,fold_3,Myanmar,Myanmar Earthquake 2025 - Sagaing Town Building Footprints,1,False,1,Myanmar Earthquake 2025 - Sagaing Town Building Footprints|100487_57364
OAM-401951-229499-19,fold_6,Myanmar,Myanmar Earthquake 2025 - Amarapura/Mandalay Buildings Mapping,1,False,1,Myanmar Earthquake 2025 - Amarapura/Mandalay Buildings Mapping|100487_57374
OAM-401951-229503-19,fold_0,Myanmar,Myanmar Earthquake 2025 - Amarapura/Mandalay Buildings Mapping,1,False,1,Myanmar Earthquake 2025 - Amarapura/Mandalay Buildings Mapping|100487_57375
OAM-401952-229360-19,fold_5,Myanmar,Myanmar Earthquake 2025 - Sagaing Town Building Footprints,3,False,3,Myanmar Earthquake 2025 - Sagaing Town Building Footprints|100488_57340
OAM-401952-229396-19,fold_5,Myanmar,Myanmar Earthquake 2025 - Sagaing Town Building Footprints,0,True,0,Myanmar Earthquake 2025 - Sagaing Town Building Footprints|100488_57349
OAM-401952-229431-19,fold_3,Myanmar,Myanmar Earthquake 2025 - Sagaing Town Building Footprints,2,False,2,Myanmar Earthquake 2025 - Sagaing Town Building Footprints|100488_57357
OAM-401952-229455-19,fold_0,Myanmar,Myanmar Earthquake 2025 - Sagaing Town Building Footprints,6,False,6,Myanmar Earthquake 2025 - Sagaing Town Building Footprints|100488_57363
OAM-401952-229456-19,fold_0,Myanmar,Myanmar Earthquake 2025 - Sagaing Town Building Footprints,0,True,0,Myanmar Earthquake 2025 - Sagaing Town Building Footprints|100488_57364
OAM-401952-229482-19,fold_5,Myanmar,Myanmar Earthquake 2025 - Amarapura/Mandalay Buildings Mapping,0,True,0,Myanmar Earthquake 2025 - Amarapura/Mandalay Buildings Mapping|100488_57370
OAM-401952-229486-19,fold_1,Myanmar,Myanmar Earthquake 2025 - Amarapura/Mandalay Buildings Mapping,0,True,0,Myanmar Earthquake 2025 - Amarapura/Mandalay Buildings Mapping|100488_57371
OAM-401953-229425-19,fold_1,Myanmar,Myanmar Earthquake 2025 - Sagaing Town Building Footprints,4,False,4,Myanmar Earthquake 2025 - Sagaing Town Building Footprints|100488_57356
OAM-401953-229454-19,fold_0,Myanmar,Myanmar Earthquake 2025 - Sagaing Town Building Footprints,0,True,0,Myanmar Earthquake 2025 - Sagaing Town Building Footprints|100488_57363
OAM-401953-229482-19,fold_5,Myanmar,Myanmar Earthquake 2025 - Amarapura/Mandalay Buildings Mapping,0,True,0,Myanmar Earthquake 2025 - Amarapura/Mandalay Buildings Mapping|100488_57370
OAM-401953-229498-19,fold_6,Myanmar,Myanmar Earthquake 2025 - Amarapura/Mandalay Buildings Mapping,0,True,0,Myanmar Earthquake 2025 - Amarapura/Mandalay Buildings Mapping|100488_57374
OAM-401954-229361-19,fold_5,Myanmar,Myanmar Earthquake 2025 - Sagaing Town Building Footprints,0,True,0,Myanmar Earthquake 2025 - Sagaing Town Building Footprints|100488_57340
OAM-401954-229369-19,fold_4,Myanmar,Myanmar Earthquake 2025 - Sagaing Town Building Footprints,0,True,0,Myanmar Earthquake 2025 - Sagaing Town Building Footprints|100488_57342
OAM-401954-229385-19,fold_6,Myanmar,Myanmar Earthquake 2025 - Sagaing Town Building Footprints,1,False,1,Myanmar Earthquake 2025 - Sagaing Town Building Footprints|100488_57346
OAM-401954-229386-19,fold_6,Myanmar,Myanmar Earthquake 2025 - Sagaing Town Building Footprints,4,False,4,Myanmar Earthquake 2025 - Sagaing Town Building Footprints|100488_57346
OAM-401954-229443-19,fold_6,Myanmar,Myanmar Earthquake 2025 - Sagaing Town Building Footprints,20,False,20,Myanmar Earthquake 2025 - Sagaing Town Building Footprints|100488_57360
OAM-401954-229476-19,fold_5,Myanmar,Myanmar Earthquake 2025 - Amarapura/Mandalay Buildings Mapping,0,True,0,Myanmar Earthquake 2025 - Amarapura/Mandalay Buildings Mapping|100488_57369
OAM-401954-229481-19,fold_5,Myanmar,Myanmar Earthquake 2025 - Amarapura/Mandalay Buildings Mapping,0,True,0,Myanmar Earthquake 2025 - Amarapura/Mandalay Buildings Mapping|100488_57370
OAM-401955-229346-19,fold_2,Myanmar,Myanmar Earthquake 2025 - Sagaing Town Building Footprints,3,False,3,Myanmar Earthquake 2025 - Sagaing Town Building Footprints|100488_57336
OAM-401955-229357-19,fold_6,Myanmar,Myanmar Earthquake 2025 - Sagaing Town Building Footprints,0,True,0,Myanmar Earthquake 2025 - Sagaing Town Building Footprints|100488_57339
OAM-401955-229476-19,fold_5,Myanmar,Myanmar Earthquake 2025 - Amarapura/Mandalay Buildings Mapping,1,False,1,Myanmar Earthquake 2025 - Amarapura/Mandalay Buildings Mapping|100488_57369
OAM-401955-229477-19,fold_5,Myanmar,Myanmar Earthquake 2025 - Amarapura/Mandalay Buildings Mapping,2,False,2,Myanmar Earthquake 2025 - Amarapura/Mandalay Buildings Mapping|100488_57369
OAM-401955-229497-19,fold_6,Myanmar,Myanmar Earthquake 2025 - Amarapura/Mandalay Buildings Mapping,0,True,0,Myanmar Earthquake 2025 - Amarapura/Mandalay Buildings Mapping|100488_57374
OAM-401955-229508-19,fold_0,Myanmar,Myanmar Earthquake 2025 - Amarapura/Mandalay Buildings Mapping,0,True,0,Myanmar Earthquake 2025 - Amarapura/Mandalay Buildings Mapping|100488_57377
OAM-401956-229348-19,fold_0,Myanmar,Myanmar Earthquake 2025 - Sagaing Town Building Footprints,4,False,4,Myanmar Earthquake 2025 - Sagaing Town Building Footprints|100489_57337
OAM-401956-229357-19,fold_3,Myanmar,Myanmar Earthquake 2025 - Sagaing Town Building Footprints,0,True,0,Myanmar Earthquake 2025 - Sagaing Town Building Footprints|100489_57339
OAM-401956-229375-19,fold_6,Myanmar,Myanmar Earthquake 2025 - Sagaing Town Building Footprints,0,True,0,Myanmar Earthquake 2025 - Sagaing Town Building Footprints|100489_57343
OAM-401956-229384-19,fold_4,Myanmar,Myanmar Earthquake 2025 - Sagaing Town Building Footprints,0,True,0,Myanmar Earthquake 2025 - Sagaing Town Building Footprints|100489_57346
OAM-401956-229503-19,fold_0,Myanmar,Myanmar Earthquake 2025 - Amarapura/Mandalay Buildings Mapping,0,True,0,Myanmar Earthquake 2025 - Amarapura/Mandalay Buildings Mapping|100489_57375
OAM-401957-229474-19,fold_1,Myanmar,Myanmar Earthquake 2025 - Amarapura/Mandalay Buildings Mapping,0,True,0,Myanmar Earthquake 2025 - Amarapura/Mandalay Buildings Mapping|100489_57368
OAM-401957-229475-19,fold_1,Myanmar,Myanmar Earthquake 2025 - Amarapura/Mandalay Buildings Mapping,0,True,0,Myanmar Earthquake 2025 - Amarapura/Mandalay Buildings Mapping|100489_57368
OAM-401957-229508-19,fold_1,Myanmar,Myanmar Earthquake 2025 - Amarapura/Mandalay Buildings Mapping,0,True,0,Myanmar Earthquake 2025 - Amarapura/Mandalay Buildings Mapping|100489_57377
OAM-401958-229462-19,fold_2,Myanmar,Myanmar Earthquake 2025 - Amarapura/Mandalay Buildings Mapping,0,True,0,Myanmar Earthquake 2025 - Amarapura/Mandalay Buildings Mapping|100489_57365
OAM-401958-229470-19,fold_1,Myanmar,Myanmar Earthquake 2025 - Amarapura/Mandalay Buildings Mapping,1,False,1,Myanmar Earthquake 2025 - Amarapura/Mandalay Buildings Mapping|100489_57367
OAM-401958-229474-19,fold_1,Myanmar,Myanmar Earthquake 2025 - Amarapura/Mandalay Buildings Mapping,0,True,0,Myanmar Earthquake 2025 - Amarapura/Mandalay Buildings Mapping|100489_57368
OAM-401958-229475-19,fold_1,Myanmar,Myanmar Earthquake 2025 - Amarapura/Mandalay Buildings Mapping,11,False,11,Myanmar Earthquake 2025 - Amarapura/Mandalay Buildings Mapping|100489_57368
OAM-401958-229488-19,fold_6,Myanmar,Myanmar Earthquake 2025 - Amarapura/Mandalay Buildings Mapping,2,False,2,Myanmar Earthquake 2025 - Amarapura/Mandalay Buildings Mapping|100489_57372
OAM-401958-229502-19,fold_0,Myanmar,Myanmar Earthquake 2025 - Amarapura/Mandalay Buildings Mapping,0,True,0,Myanmar Earthquake 2025 - Amarapura/Mandalay Buildings Mapping|100489_57375
OAM-401958-229505-19,fold_0,Myanmar,Myanmar Earthquake 2025 - Amarapura/Mandalay Buildings Mapping,0,True,0,Myanmar Earthquake 2025 - Amarapura/Mandalay Buildings Mapping|100489_57376
OAM-401959-229460-19,fold_2,Myanmar,Myanmar Earthquake 2025 - Amarapura/Mandalay Buildings Mapping,0,True,0,Myanmar Earthquake 2025 - Amarapura/Mandalay Buildings Mapping|100489_57365
OAM-401959-229470-19,fold_1,Myanmar,Myanmar Earthquake 2025 - Amarapura/Mandalay Buildings Mapping,0,True,0,Myanmar Earthquake 2025 - Amarapura/Mandalay Buildings Mapping|100489_57367
OAM-401959-229473-19,fold_1,Myanmar,Myanmar Earthquake 2025 - Amarapura/Mandalay Buildings Mapping,0,True,0,Myanmar Earthquake 2025 - Amarapura/Mandalay Buildings Mapping|100489_57368
OAM-401959-229474-19,fold_1,Myanmar,Myanmar Earthquake 2025 - Amarapura/Mandalay Buildings Mapping,0,True,0,Myanmar Earthquake 2025 - Amarapura/Mandalay Buildings Mapping|100489_57368
OAM-401960-229458-19,fold_3,Myanmar,Myanmar Earthquake 2025 - Amarapura/Mandalay Buildings Mapping,0,True,0,Myanmar Earthquake 2025 - Amarapura/Mandalay Buildings Mapping|100490_57364
OAM-401960-229473-19,fold_3,Myanmar,Myanmar Earthquake 2025 - Amarapura/Mandalay Buildings Mapping,0,True,0,Myanmar Earthquake 2025 - Amarapura/Mandalay Buildings Mapping|100490_57368
OAM-401960-229474-19,fold_3,Myanmar,Myanmar Earthquake 2025 - Amarapura/Mandalay Buildings Mapping,0,True,0,Myanmar Earthquake 2025 - Amarapura/Mandalay Buildings Mapping|100490_57368
OAM-401960-229482-19,fold_5,Myanmar,Myanmar Earthquake 2025 - Amarapura/Mandalay Buildings Mapping,16,False,16,Myanmar Earthquake 2025 - Amarapura/Mandalay Buildings Mapping|100490_57370
OAM-401960-229503-19,fold_4,Myanmar,Myanmar Earthquake 2025 - Amarapura/Mandalay Buildings Mapping,0,True,0,Myanmar Earthquake 2025 - Amarapura/Mandalay Buildings Mapping|100490_57375
OAM-401960-229508-19,fold_1,Myanmar,Myanmar Earthquake 2025 - Amarapura/Mandalay Buildings Mapping,0,True,0,Myanmar Earthquake 2025 - Amarapura/Mandalay Buildings Mapping|100490_57377
OAM-401961-229454-19,fold_6,Myanmar,Myanmar Earthquake 2025 - Amarapura/Mandalay Buildings Mapping,0,True,0,Myanmar Earthquake 2025 - Amarapura/Mandalay Buildings Mapping|100490_57363
OAM-401961-229458-19,fold_3,Myanmar,Myanmar Earthquake 2025 - Amarapura/Mandalay Buildings Mapping,0,True,0,Myanmar Earthquake 2025 - Amarapura/Mandalay Buildings Mapping|100490_57364
OAM-401961-229473-19,fold_3,Myanmar,Myanmar Earthquake 2025 - Amarapura/Mandalay Buildings Mapping,0,True,0,Myanmar Earthquake 2025 - Amarapura/Mandalay Buildings Mapping|100490_57368
OAM-401961-229504-19,fold_4,Myanmar,Myanmar Earthquake 2025 - Amarapura/Mandalay Buildings Mapping,0,True,0,Myanmar Earthquake 2025 - Amarapura/Mandalay Buildings Mapping|100490_57376
OAM-401961-229508-19,fold_1,Myanmar,Myanmar Earthquake 2025 - Amarapura/Mandalay Buildings Mapping,0,True,0,Myanmar Earthquake 2025 - Amarapura/Mandalay Buildings Mapping|100490_57377
OAM-401962-229471-19,fold_0,Myanmar,Myanmar Earthquake 2025 - Amarapura/Mandalay Buildings Mapping,0,True,0,Myanmar Earthquake 2025 - Amarapura/Mandalay Buildings Mapping|100490_57367
OAM-401962-229473-19,fold_3,Myanmar,Myanmar Earthquake 2025 - Amarapura/Mandalay Buildings Mapping,0,True,0,Myanmar Earthquake 2025 - Amarapura/Mandalay Buildings Mapping|100490_57368
OAM-401962-229502-19,fold_4,Myanmar,Myanmar Earthquake 2025 - Amarapura/Mandalay Buildings Mapping,0,True,0,Myanmar Earthquake 2025 - Amarapura/Mandalay Buildings Mapping|100490_57375
OAM-401962-229505-19,fold_4,Myanmar,Myanmar Earthquake 2025 - Amarapura/Mandalay Buildings Mapping,0,True,0,Myanmar Earthquake 2025 - Amarapura/Mandalay Buildings Mapping|100490_57376
OAM-401962-229506-19,fold_4,Myanmar,Myanmar Earthquake 2025 - Amarapura/Mandalay Buildings Mapping,0,True,0,Myanmar Earthquake 2025 - Amarapura/Mandalay Buildings Mapping|100490_57376
OAM-401963-229466-19,fold_6,Myanmar,Myanmar Earthquake 2025 - Amarapura/Mandalay Buildings Mapping,0,True,0,Myanmar Earthquake 2025 - Amarapura/Mandalay Buildings Mapping|100490_57366
OAM-401963-229486-19,fold_5,Myanmar,Myanmar Earthquake 2025 - Amarapura/Mandalay Buildings Mapping,0,True,0,Myanmar Earthquake 2025 - Amarapura/Mandalay Buildings Mapping|100490_57371
OAM-401963-229490-19,fold_4,Myanmar,Myanmar Earthquake 2025 - Amarapura/Mandalay Buildings Mapping,0,True,0,Myanmar Earthquake 2025 - Amarapura/Mandalay Buildings Mapping|100490_57372
OAM-401963-229499-19,fold_0,Myanmar,Myanmar Earthquake 2025 - Amarapura/Mandalay Buildings Mapping,1,False,1,Myanmar Earthquake 2025 - Amarapura/Mandalay Buildings Mapping|100490_57374
OAM-401963-229501-19,fold_4,Myanmar,Myanmar Earthquake 2025 - Amarapura/Mandalay Buildings Mapping,0,True,0,Myanmar Earthquake 2025 - Amarapura/Mandalay Buildings Mapping|100490_57375
OAM-401963-229509-19,fold_1,Myanmar,Myanmar Earthquake 2025 - Amarapura/Mandalay Buildings Mapping,0,True,0,Myanmar Earthquake 2025 - Amarapura/Mandalay Buildings Mapping|100490_57377
OAM-401964-229455-19,fold_2,Myanmar,Myanmar Earthquake 2025 - Amarapura/Mandalay Buildings Mapping,0,True,0,Myanmar Earthquake 2025 - Amarapura/Mandalay Buildings Mapping|100491_57363
OAM-401964-229469-19,fold_2,Myanmar,Myanmar Earthquake 2025 - Amarapura/Mandalay Buildings Mapping,0,True,0,Myanmar Earthquake 2025 - Amarapura/Mandalay Buildings Mapping|100491_57367
OAM-401964-229472-19,fold_2,Myanmar,Myanmar Earthquake 2025 - Amarapura/Mandalay Buildings Mapping,0,True,0,Myanmar Earthquake 2025 - Amarapura/Mandalay Buildings Mapping|100491_57368
OAM-401964-229485-19,fold_0,Myanmar,Myanmar Earthquake 2025 - Amarapura/Mandalay Buildings Mapping,0,True,0,Myanmar Earthquake 2025 - Amarapura/Mandalay Buildings Mapping|100491_57371
OAM-401964-229499-19,fold_0,Myanmar,Myanmar Earthquake 2025 - Amarapura/Mandalay Buildings Mapping,1,False,1,Myanmar Earthquake 2025 - Amarapura/Mandalay Buildings Mapping|100491_57374
OAM-401964-229509-19,fold_2,Myanmar,Myanmar Earthquake 2025 - Amarapura/Mandalay Buildings Mapping,0,True,0,Myanmar Earthquake 2025 - Amarapura/Mandalay Buildings Mapping|100491_57377
OAM-401965-229458-19,fold_5,Myanmar,Myanmar Earthquake 2025 - Amarapura/Mandalay Buildings Mapping,0,True,0,Myanmar Earthquake 2025 - Amarapura/Mandalay Buildings Mapping|100491_57364
OAM-401965-229466-19,fold_3,Myanmar,Myanmar Earthquake 2025 - Amarapura/Mandalay Buildings Mapping,0,True,0,Myanmar Earthquake 2025 - Amarapura/Mandalay Buildings Mapping|100491_57366
OAM-401965-229467-19,fold_3,Myanmar,Myanmar Earthquake 2025 - Amarapura/Mandalay Buildings Mapping,0,True,0,Myanmar Earthquake 2025 - Amarapura/Mandalay Buildings Mapping|100491_57366
OAM-401965-229482-19,fold_3,Myanmar,Myanmar Earthquake 2025 - Amarapura/Mandalay Buildings Mapping,0,True,0,Myanmar Earthquake 2025 - Amarapura/Mandalay Buildings Mapping|100491_57370
OAM-401965-229495-19,fold_1,Myanmar,Myanmar Earthquake 2025 - Amarapura/Mandalay Buildings Mapping,0,True,0,Myanmar Earthquake 2025 - Amarapura/Mandalay Buildings Mapping|100491_57373
OAM-401965-229496-19,fold_0,Myanmar,Myanmar Earthquake 2025 - Amarapura/Mandalay Buildings Mapping,0,True,0,Myanmar Earthquake 2025 - Amarapura/Mandalay Buildings Mapping|100491_57374
OAM-401965-229499-19,fold_0,Myanmar,Myanmar Earthquake 2025 - Amarapura/Mandalay Buildings Mapping,0,True,0,Myanmar Earthquake 2025 - Amarapura/Mandalay Buildings Mapping|100491_57374
OAM-401965-229500-19,fold_4,Myanmar,Myanmar Earthquake 2025 - Amarapura/Mandalay Buildings Mapping,0,True,0,Myanmar Earthquake 2025 - Amarapura/Mandalay Buildings Mapping|100491_57375
OAM-401965-229502-19,fold_4,Myanmar,Myanmar Earthquake 2025 - Amarapura/Mandalay Buildings Mapping,0,True,0,Myanmar Earthquake 2025 - Amarapura/Mandalay Buildings Mapping|100491_57375
OAM-401965-229504-19,fold_0,Myanmar,Myanmar Earthquake 2025 - Amarapura/Mandalay Buildings Mapping,0,True,0,Myanmar Earthquake 2025 - Amarapura/Mandalay Buildings Mapping|100491_57376
OAM-401966-229467-19,fold_3,Myanmar,Myanmar Earthquake 2025 - Amarapura/Mandalay Buildings Mapping,0,True,0,Myanmar Earthquake 2025 - Amarapura/Mandalay Buildings Mapping|100491_57366
OAM-401966-229500-19,fold_4,Myanmar,Myanmar Earthquake 2025 - Amarapura/Mandalay Buildings Mapping,0,True,0,Myanmar Earthquake 2025 - Amarapura/Mandalay Buildings Mapping|100491_57375
OAM-401966-229504-19,fold_0,Myanmar,Myanmar Earthquake 2025 - Amarapura/Mandalay Buildings Mapping,0,True,0,Myanmar Earthquake 2025 - Amarapura/Mandalay Buildings Mapping|100491_57376
OAM-401966-229508-19,fold_2,Myanmar,Myanmar Earthquake 2025 - Amarapura/Mandalay Buildings Mapping,0,True,0,Myanmar Earthquake 2025 - Amarapura/Mandalay Buildings Mapping|100491_57377
OAM-401967-229450-19,fold_1,Myanmar,Myanmar Earthquake 2025 - Amarapura/Mandalay Buildings Mapping,0,True,0,Myanmar Earthquake 2025 - Amarapura/Mandalay Buildings Mapping|100491_57362
OAM-401967-229467-19,fold_3,Myanmar,Myanmar Earthquake 2025 - Amarapura/Mandalay Buildings Mapping,0,True,0,Myanmar Earthquake 2025 - Amarapura/Mandalay Buildings Mapping|100491_57366
OAM-401967-229470-19,fold_2,Myanmar,Myanmar Earthquake 2025 - Amarapura/Mandalay Buildings Mapping,0,True,0,Myanmar Earthquake 2025 - Amarapura/Mandalay Buildings Mapping|100491_57367
OAM-401967-229501-19,fold_4,Myanmar,Myanmar Earthquake 2025 - Amarapura/Mandalay Buildings Mapping,0,True,0,Myanmar Earthquake 2025 - Amarapura/Mandalay Buildings Mapping|100491_57375
OAM-401968-229444-19,fold_3,Myanmar,Myanmar Earthquake 2025 - Amarapura/Mandalay Buildings Mapping,0,True,0,Myanmar Earthquake 2025 - Amarapura/Mandalay Buildings Mapping|100492_57361
OAM-401968-229457-19,fold_4,Myanmar,Myanmar Earthquake 2025 - Amarapura/Mandalay Buildings Mapping,0,True,0,Myanmar Earthquake 2025 - Amarapura/Mandalay Buildings Mapping|100492_57364
OAM-401968-229466-19,fold_3,Myanmar,Myanmar Earthquake 2025 - Amarapura/Mandalay Buildings Mapping,0,True,0,Myanmar Earthquake 2025 - Amarapura/Mandalay Buildings Mapping|100492_57366
OAM-401968-229467-19,fold_3,Myanmar,Myanmar Earthquake 2025 - Amarapura/Mandalay Buildings Mapping,2,False,2,Myanmar Earthquake 2025 - Amarapura/Mandalay Buildings Mapping|100492_57366
OAM-401968-229503-19,fold_2,Myanmar,Myanmar Earthquake 2025 - Amarapura/Mandalay Buildings Mapping,0,True,0,Myanmar Earthquake 2025 - Amarapura/Mandalay Buildings Mapping|100492_57375
OAM-401969-229486-19,fold_3,Myanmar,Myanmar Earthquake 2025 - Amarapura/Mandalay Buildings Mapping,1,False,1,Myanmar Earthquake 2025 - Amarapura/Mandalay Buildings Mapping|100492_57371
OAM-401969-229507-19,fold_4,Myanmar,Myanmar Earthquake 2025 - Amarapura/Mandalay Buildings Mapping,0,True,0,Myanmar Earthquake 2025 - Amarapura/Mandalay Buildings Mapping|100492_57376
OAM-401970-229503-19,fold_2,Myanmar,Myanmar Earthquake 2025 - Amarapura/Mandalay Buildings Mapping,3,False,3,Myanmar Earthquake 2025 - Amarapura/Mandalay Buildings Mapping|100492_57375
OAM-401970-229506-19,fold_4,Myanmar,Myanmar Earthquake 2025 - Amarapura/Mandalay Buildings Mapping,0,True,0,Myanmar Earthquake 2025 - Amarapura/Mandalay Buildings Mapping|100492_57376
OAM-401971-229457-19,fold_4,Myanmar,Myanmar Earthquake 2025 - Amarapura/Mandalay Buildings Mapping,0,True,0,Myanmar Earthquake 2025 - Amarapura/Mandalay Buildings Mapping|100492_57364
OAM-401971-229458-19,fold_4,Myanmar,Myanmar Earthquake 2025 - Amarapura/Mandalay Buildings Mapping,0,True,0,Myanmar Earthquake 2025 - Amarapura/Mandalay Buildings Mapping|100492_57364
OAM-401971-229476-19,fold_2,Myanmar,Myanmar Earthquake 2025 - Amarapura/Mandalay Buildings Mapping,0,True,0,Myanmar Earthquake 2025 - Amarapura/Mandalay Buildings Mapping|100492_57369
OAM-401971-229490-19,fold_2,Myanmar,Myanmar Earthquake 2025 - Amarapura/Mandalay Buildings Mapping,0,True,0,Myanmar Earthquake 2025 - Amarapura/Mandalay Buildings Mapping|100492_57372
OAM-401971-229497-19,fold_4,Myanmar,Myanmar Earthquake 2025 - Amarapura/Mandalay Buildings Mapping,0,True,0,Myanmar Earthquake 2025 - Amarapura/Mandalay Buildings Mapping|100492_57374
OAM-401971-229504-19,fold_4,Myanmar,Myanmar Earthquake 2025 - Amarapura/Mandalay Buildings Mapping,2,False,2,Myanmar Earthquake 2025 - Amarapura/Mandalay Buildings Mapping|100492_57376
OAM-401971-229505-19,fold_4,Myanmar,Myanmar Earthquake 2025 - Amarapura/Mandalay Buildings Mapping,1,False,1,Myanmar Earthquake 2025 - Amarapura/Mandalay Buildings Mapping|100492_57376
OAM-401973-229438-19,fold_5,Myanmar,Myanmar Earthquake 2025 - Amarapura/Mandalay Buildings Mapping,0,True,0,Myanmar Earthquake 2025 - Amarapura/Mandalay Buildings Mapping|100493_57359
OAM-401973-229455-19,fold_4,Myanmar,Myanmar Earthquake 2025 - Amarapura/Mandalay Buildings Mapping,0,True,0,Myanmar Earthquake 2025 - Amarapura/Mandalay Buildings Mapping|100493_57363
OAM-401973-229456-19,fold_1,Myanmar,Myanmar Earthquake 2025 - Amarapura/Mandalay Buildings Mapping,0,True,0,Myanmar Earthquake 2025 - Amarapura/Mandalay Buildings Mapping|100493_57364
OAM-401973-229475-19,fold_0,Myanmar,Myanmar Earthquake 2025 - Amarapura/Mandalay Buildings Mapping,0,True,0,Myanmar Earthquake 2025 - Amarapura/Mandalay Buildings Mapping|100493_57368
OAM-401973-229493-19,fold_1,Myanmar,Myanmar Earthquake 2025 - Amarapura/Mandalay Buildings Mapping,0,True,0,Myanmar Earthquake 2025 - Amarapura/Mandalay Buildings Mapping|100493_57373
OAM-401973-229505-19,fold_3,Myanmar,Myanmar Earthquake 2025 - Amarapura/Mandalay Buildings Mapping,1,False,1,Myanmar Earthquake 2025 - Amarapura/Mandalay Buildings Mapping|100493_57376
OAM-401973-229506-19,fold_3,Myanmar,Myanmar Earthquake 2025 - Amarapura/Mandalay Buildings Mapping,1,False,1,Myanmar Earthquake 2025 - Amarapura/Mandalay Buildings Mapping|100493_57376
OAM-401973-229507-19,fold_3,Myanmar,Myanmar Earthquake 2025 - Amarapura/Mandalay Buildings Mapping,1,False,1,Myanmar Earthquake 2025 - Amarapura/Mandalay Buildings Mapping|100493_57376
OAM-401974-229452-19,fold_4,Myanmar,Myanmar Earthquake 2025 - Amarapura/Mandalay Buildings Mapping,0,True,0,Myanmar Earthquake 2025 - Amarapura/Mandalay Buildings Mapping|100493_57363
OAM-401974-229467-19,fold_5,Myanmar,Myanmar Earthquake 2025 - Amarapura/Mandalay Buildings Mapping,5,False,5,Myanmar Earthquake 2025 - Amarapura/Mandalay Buildings Mapping|100493_57366
OAM-401974-229503-19,fold_1,Myanmar,Myanmar Earthquake 2025 - Amarapura/Mandalay Buildings Mapping,0,True,0,Myanmar Earthquake 2025 - Amarapura/Mandalay Buildings Mapping|100493_57375
OAM-401974-229505-19,fold_3,Myanmar,Myanmar Earthquake 2025 - Amarapura/Mandalay Buildings Mapping,1,False,1,Myanmar Earthquake 2025 - Amarapura/Mandalay Buildings Mapping|100493_57376
OAM-401974-229506-19,fold_3,Myanmar,Myanmar Earthquake 2025 - Amarapura/Mandalay Buildings Mapping,1,False,1,Myanmar Earthquake 2025 - Amarapura/Mandalay Buildings Mapping|100493_57376
OAM-401975-229438-19,fold_5,Myanmar,Myanmar Earthquake 2025 - Amarapura/Mandalay Buildings Mapping,1,False,1,Myanmar Earthquake 2025 - Amarapura/Mandalay Buildings Mapping|100493_57359
OAM-401975-229444-19,fold_0,Myanmar,Myanmar Earthquake 2025 - Amarapura/Mandalay Buildings Mapping,0,True,0,Myanmar Earthquake 2025 - Amarapura/Mandalay Buildings Mapping|100493_57361
OAM-401975-229453-19,fold_4,Myanmar,Myanmar Earthquake 2025 - Amarapura/Mandalay Buildings Mapping,0,True,0,Myanmar Earthquake 2025 - Amarapura/Mandalay Buildings Mapping|100493_57363
OAM-401975-229462-19,fold_2,Myanmar,Myanmar Earthquake 2025 - Amarapura/Mandalay Buildings Mapping,0,True,0,Myanmar Earthquake 2025 - Amarapura/Mandalay Buildings Mapping|100493_57365
OAM-401975-229466-19,fold_5,Myanmar,Myanmar Earthquake 2025 - Amarapura/Mandalay Buildings Mapping,0,True,0,Myanmar Earthquake 2025 - Amarapura/Mandalay Buildings Mapping|100493_57366
OAM-401975-229490-19,fold_3,Myanmar,Myanmar Earthquake 2025 - Amarapura/Mandalay Buildings Mapping,0,True,0,Myanmar Earthquake 2025 - Amarapura/Mandalay Buildings Mapping|100493_57372
OAM-401975-229496-19,fold_6,Myanmar,Myanmar Earthquake 2025 - Amarapura/Mandalay Buildings Mapping,0,True,0,Myanmar Earthquake 2025 - Amarapura/Mandalay Buildings Mapping|100493_57374
OAM-401975-229505-19,fold_3,Myanmar,Myanmar Earthquake 2025 - Amarapura/Mandalay Buildings Mapping,2,False,2,Myanmar Earthquake 2025 - Amarapura/Mandalay Buildings Mapping|100493_57376
OAM-401976-229477-19,fold_0,Myanmar,Myanmar Earthquake 2025 - Amarapura/Mandalay Buildings Mapping,0,True,0,Myanmar Earthquake 2025 - Amarapura/Mandalay Buildings Mapping|100494_57369
OAM-401976-229494-19,fold_5,Myanmar,Myanmar Earthquake 2025 - Amarapura/Mandalay Buildings Mapping,0,True,0,Myanmar Earthquake 2025 - Amarapura/Mandalay Buildings Mapping|100494_57373
OAM-401976-229495-19,fold_5,Myanmar,Myanmar Earthquake 2025 - Amarapura/Mandalay Buildings Mapping,0,True,0,Myanmar Earthquake 2025 - Amarapura/Mandalay Buildings Mapping|100494_57373
OAM-401976-229499-19,fold_4,Myanmar,Myanmar Earthquake 2025 - Amarapura/Mandalay Buildings Mapping,0,True,0,Myanmar Earthquake 2025 - Amarapura/Mandalay Buildings Mapping|100494_57374
OAM-401976-229506-19,fold_3,Myanmar,Myanmar Earthquake 2025 - Amarapura/Mandalay Buildings Mapping,1,False,1,Myanmar Earthquake 2025 - Amarapura/Mandalay Buildings Mapping|100494_57376
OAM-401976-229507-19,fold_3,Myanmar,Myanmar Earthquake 2025 - Amarapura/Mandalay Buildings Mapping,1,False,1,Myanmar Earthquake 2025 - Amarapura/Mandalay Buildings Mapping|100494_57376
OAM-401976-229508-19,fold_5,Myanmar,Myanmar Earthquake 2025 - Amarapura/Mandalay Buildings Mapping,1,False,1,Myanmar Earthquake 2025 - Amarapura/Mandalay Buildings Mapping|100494_57377
OAM-401977-229439-19,fold_4,Myanmar,Myanmar Earthquake 2025 - Amarapura/Mandalay Buildings Mapping,0,True,0,Myanmar Earthquake 2025 - Amarapura/Mandalay Buildings Mapping|100494_57359
OAM-401977-229443-19,fold_5,Myanmar,Myanmar Earthquake 2025 - Amarapura/Mandalay Buildings Mapping,0,True,0,Myanmar Earthquake 2025 - Amarapura/Mandalay Buildings Mapping|100494_57360
OAM-401977-229451-19,fold_5,Myanmar,Myanmar Earthquake 2025 - Amarapura/Mandalay Buildings Mapping,0,True,0,Myanmar Earthquake 2025 - Amarapura/Mandalay Buildings Mapping|100494_57362
OAM-401977-229489-19,fold_1,Myanmar,Myanmar Earthquake 2025 - Amarapura/Mandalay Buildings Mapping,0,True,0,Myanmar Earthquake 2025 - Amarapura/Mandalay Buildings Mapping|100494_57372
OAM-401977-229494-19,fold_5,Myanmar,Myanmar Earthquake 2025 - Amarapura/Mandalay Buildings Mapping,0,True,0,Myanmar Earthquake 2025 - Amarapura/Mandalay Buildings Mapping|100494_57373
OAM-401977-229500-19,fold_3,Myanmar,Myanmar Earthquake 2025 - Amarapura/Mandalay Buildings Mapping,0,True,0,Myanmar Earthquake 2025 - Amarapura/Mandalay Buildings Mapping|100494_57375
OAM-401977-229505-19,fold_3,Myanmar,Myanmar Earthquake 2025 - Amarapura/Mandalay Buildings Mapping,3,False,3,Myanmar Earthquake 2025 - Amarapura/Mandalay Buildings Mapping|100494_57376
OAM-401978-229440-19,fold_5,Myanmar,Myanmar Earthquake 2025 - Amarapura/Mandalay Buildings Mapping,0,True,0,Myanmar Earthquake 2025 - Amarapura/Mandalay Buildings Mapping|100494_57360
OAM-401978-229465-19,fold_5,Myanmar,Myanmar Earthquake 2025 - Amarapura/Mandalay Buildings Mapping,0,True,0,Myanmar Earthquake 2025 - Amarapura/Mandalay Buildings Mapping|100494_57366
OAM-401978-229482-19,fold_3,Myanmar,Myanmar Earthquake 2025 - Amarapura/Mandalay Buildings Mapping,0,True,0,Myanmar Earthquake 2025 - Amarapura/Mandalay Buildings Mapping|100494_57370
OAM-401978-229484-19,fold_2,Myanmar,Myanmar Earthquake 2025 - Amarapura/Mandalay Buildings Mapping,0,True,0,Myanmar Earthquake 2025 - Amarapura/Mandalay Buildings Mapping|100494_57371
OAM-401978-229499-19,fold_4,Myanmar,Myanmar Earthquake 2025 - Amarapura/Mandalay Buildings Mapping,0,True,0,Myanmar Earthquake 2025 - Amarapura/Mandalay Buildings Mapping|100494_57374
OAM-401978-229506-19,fold_3,Myanmar,Myanmar Earthquake 2025 - Amarapura/Mandalay Buildings Mapping,4,False,4,Myanmar Earthquake 2025 - Amarapura/Mandalay Buildings Mapping|100494_57376
OAM-401978-229507-19,fold_3,Myanmar,Myanmar Earthquake 2025 - Amarapura/Mandalay Buildings Mapping,1,False,1,Myanmar Earthquake 2025 - Amarapura/Mandalay Buildings Mapping|100494_57376
OAM-401978-229508-19,fold_5,Myanmar,Myanmar Earthquake 2025 - Amarapura/Mandalay Buildings Mapping,1,False,1,Myanmar Earthquake 2025 - Amarapura/Mandalay Buildings Mapping|100494_57377
OAM-401979-229432-19,fold_3,Myanmar,Myanmar Earthquake 2025 - Amarapura/Mandalay Buildings Mapping,0,True,0,Myanmar Earthquake 2025 - Amarapura/Mandalay Buildings Mapping|100494_57358
OAM-401979-229440-19,fold_5,Myanmar,Myanmar Earthquake 2025 - Amarapura/Mandalay Buildings Mapping,0,True,0,Myanmar Earthquake 2025 - Amarapura/Mandalay Buildings Mapping|100494_57360
OAM-401979-229446-19,fold_5,Myanmar,Myanmar Earthquake 2025 - Amarapura/Mandalay Buildings Mapping,0,True,0,Myanmar Earthquake 2025 - Amarapura/Mandalay Buildings Mapping|100494_57361
OAM-401979-229458-19,fold_4,Myanmar,Myanmar Earthquake 2025 - Amarapura/Mandalay Buildings Mapping,1,False,1,Myanmar Earthquake 2025 - Amarapura/Mandalay Buildings Mapping|100494_57364
OAM-401979-229477-19,fold_0,Myanmar,Myanmar Earthquake 2025 - Amarapura/Mandalay Buildings Mapping,0,True,0,Myanmar Earthquake 2025 - Amarapura/Mandalay Buildings Mapping|100494_57369
OAM-401979-229485-19,fold_2,Myanmar,Myanmar Earthquake 2025 - Amarapura/Mandalay Buildings Mapping,0,True,0,Myanmar Earthquake 2025 - Amarapura/Mandalay Buildings Mapping|100494_57371
OAM-401979-229489-19,fold_1,Myanmar,Myanmar Earthquake 2025 - Amarapura/Mandalay Buildings Mapping,0,True,0,Myanmar Earthquake 2025 - Amarapura/Mandalay Buildings Mapping|100494_57372
OAM-401979-229496-19,fold_4,Myanmar,Myanmar Earthquake 2025 - Amarapura/Mandalay Buildings Mapping,0,True,0,Myanmar Earthquake 2025 - Amarapura/Mandalay Buildings Mapping|100494_57374
OAM-401980-229462-19,fold_2,Myanmar,Myanmar Earthquake 2025 - Amarapura/Mandalay Buildings Mapping,0,True,0,Myanmar Earthquake 2025 - Amarapura/Mandalay Buildings Mapping|100495_57365
OAM-401980-229480-19,fold_6,Myanmar,Myanmar Earthquake 2025 - Amarapura/Mandalay Buildings Mapping,0,True,0,Myanmar Earthquake 2025 - Amarapura/Mandalay Buildings Mapping|100495_57370
OAM-401980-229485-19,fold_1,Myanmar,Myanmar Earthquake 2025 - Amarapura/Mandalay Buildings Mapping,0,True,0,Myanmar Earthquake 2025 - Amarapura/Mandalay Buildings Mapping|100495_57371
OAM-401980-229486-19,fold_1,Myanmar,Myanmar Earthquake 2025 - Amarapura/Mandalay Buildings Mapping,0,True,0,Myanmar Earthquake 2025 - Amarapura/Mandalay Buildings Mapping|100495_57371
OAM-401980-229487-19,fold_1,Myanmar,Myanmar Earthquake 2025 - Amarapura/Mandalay Buildings Mapping,0,True,0,Myanmar Earthquake 2025 - Amarapura/Mandalay Buildings Mapping|100495_57371
OAM-401980-229499-19,fold_2,Myanmar,Myanmar Earthquake 2025 - Amarapura/Mandalay Buildings Mapping,0,True,0,Myanmar Earthquake 2025 - Amarapura/Mandalay Buildings Mapping|100495_57374
OAM-401980-229500-19,fold_2,Myanmar,Myanmar Earthquake 2025 - Amarapura/Mandalay Buildings Mapping,0,True,0,Myanmar Earthquake 2025 - Amarapura/Mandalay Buildings Mapping|100495_57375
OAM-401981-229433-19,fold_0,Myanmar,Myanmar Earthquake 2025 - Amarapura/Mandalay Buildings Mapping,2,False,2,Myanmar Earthquake 2025 - Amarapura/Mandalay Buildings Mapping|100495_57358
OAM-401981-229436-19,fold_5,Myanmar,Myanmar Earthquake 2025 - Amarapura/Mandalay Buildings Mapping,0,True,0,Myanmar Earthquake 2025 - Amarapura/Mandalay Buildings Mapping|100495_57359
OAM-401981-229438-19,fold_5,Myanmar,Myanmar Earthquake 2025 - Amarapura/Mandalay Buildings Mapping,0,True,0,Myanmar Earthquake 2025 - Amarapura/Mandalay Buildings Mapping|100495_57359
OAM-401981-229445-19,fold_6,Myanmar,Myanmar Earthquake 2025 - Amarapura/Mandalay Buildings Mapping,0,True,0,Myanmar Earthquake 2025 - Amarapura/Mandalay Buildings Mapping|100495_57361
OAM-401981-229447-19,fold_6,Myanmar,Myanmar Earthquake 2025 - Amarapura/Mandalay Buildings Mapping,0,True,0,Myanmar Earthquake 2025 - Amarapura/Mandalay Buildings Mapping|100495_57361
OAM-401981-229462-19,fold_2,Myanmar,Myanmar Earthquake 2025 - Amarapura/Mandalay Buildings Mapping,0,True,0,Myanmar Earthquake 2025 - Amarapura/Mandalay Buildings Mapping|100495_57365
OAM-401981-229473-19,fold_0,Myanmar,Myanmar Earthquake 2025 - Amarapura/Mandalay Buildings Mapping,0,True,0,Myanmar Earthquake 2025 - Amarapura/Mandalay Buildings Mapping|100495_57368
OAM-401981-229474-19,fold_0,Myanmar,Myanmar Earthquake 2025 - Amarapura/Mandalay Buildings Mapping,0,True,0,Myanmar Earthquake 2025 - Amarapura/Mandalay Buildings Mapping|100495_57368
OAM-401981-229485-19,fold_1,Myanmar,Myanmar Earthquake 2025 - Amarapura/Mandalay Buildings Mapping,0,True,0,Myanmar Earthquake 2025 - Amarapura/Mandalay Buildings Mapping|100495_57371
OAM-401981-229486-19,fold_1,Myanmar,Myanmar Earthquake 2025 - Amarapura/Mandalay Buildings Mapping,0,True,0,Myanmar Earthquake 2025 - Amarapura/Mandalay Buildings Mapping|100495_57371
OAM-401981-229494-19,fold_0,Myanmar,Myanmar Earthquake 2025 - Amarapura/Mandalay Buildings Mapping,0,True,0,Myanmar Earthquake 2025 - Amarapura/Mandalay Buildings Mapping|100495_57373
OAM-401981-229506-19,fold_4,Myanmar,Myanmar Earthquake 2025 - Amarapura/Mandalay Buildings Mapping,2,False,2,Myanmar Earthquake 2025 - Amarapura/Mandalay Buildings Mapping|100495_57376
OAM-401982-229458-19,fold_4,Myanmar,Myanmar Earthquake 2025 - Amarapura/Mandalay Buildings Mapping,0,True,0,Myanmar Earthquake 2025 - Amarapura/Mandalay Buildings Mapping|100495_57364
OAM-401982-229479-19,fold_4,Myanmar,Myanmar Earthquake 2025 - Amarapura/Mandalay Buildings Mapping,0,True,0,Myanmar Earthquake 2025 - Amarapura/Mandalay Buildings Mapping|100495_57369
OAM-401982-229481-19,fold_6,Myanmar,Myanmar Earthquake 2025 - Amarapura/Mandalay Buildings Mapping,0,True,0,Myanmar Earthquake 2025 - Amarapura/Mandalay Buildings Mapping|100495_57370
OAM-401982-229498-19,fold_2,Myanmar,Myanmar Earthquake 2025 - Amarapura/Mandalay Buildings Mapping,0,True,0,Myanmar Earthquake 2025 - Amarapura/Mandalay Buildings Mapping|100495_57374
OAM-401982-229502-19,fold_2,Myanmar,Myanmar Earthquake 2025 - Amarapura/Mandalay Buildings Mapping,4,False,4,Myanmar Earthquake 2025 - Amarapura/Mandalay Buildings Mapping|100495_57375
OAM-401982-229507-19,fold_4,Myanmar,Myanmar Earthquake 2025 - Amarapura/Mandalay Buildings Mapping,4,False,4,Myanmar Earthquake 2025 - Amarapura/Mandalay Buildings Mapping|100495_57376
OAM-401983-229434-19,fold_0,Myanmar,Myanmar Earthquake 2025 - Amarapura/Mandalay Buildings Mapping,0,True,0,Myanmar Earthquake 2025 - Amarapura/Mandalay Buildings Mapping|100495_57358
OAM-401983-229437-19,fold_5,Myanmar,Myanmar Earthquake 2025 - Amarapura/Mandalay Buildings Mapping,0,True,0,Myanmar Earthquake 2025 - Amarapura/Mandalay Buildings Mapping|100495_57359
OAM-401983-229456-19,fold_4,Myanmar,Myanmar Earthquake 2025 - Amarapura/Mandalay Buildings Mapping,0,True,0,Myanmar Earthquake 2025 - Amarapura/Mandalay Buildings Mapping|100495_57364
OAM-401983-229488-19,fold_3,Myanmar,Myanmar Earthquake 2025 - Amarapura/Mandalay Buildings Mapping,0,True,0,Myanmar Earthquake 2025 - Amarapura/Mandalay Buildings Mapping|100495_57372
OAM-401983-229506-19,fold_4,Myanmar,Myanmar Earthquake 2025 - Amarapura/Mandalay Buildings Mapping,4,False,4,Myanmar Earthquake 2025 - Amarapura/Mandalay Buildings Mapping|100495_57376
OAM-401983-229510-19,fold_4,Myanmar,Myanmar Earthquake 2025 - Amarapura/Mandalay Buildings Mapping,5,False,5,Myanmar Earthquake 2025 - Amarapura/Mandalay Buildings Mapping|100495_57377
OAM-401984-229430-19,fold_6,Myanmar,Myanmar Earthquake 2025 - Amarapura/Mandalay Buildings Mapping,2,False,2,Myanmar Earthquake 2025 - Amarapura/Mandalay Buildings Mapping|100496_57357
OAM-401984-229446-19,fold_5,Myanmar,Myanmar Earthquake 2025 - Amarapura/Mandalay Buildings Mapping,0,True,0,Myanmar Earthquake 2025 - Amarapura/Mandalay Buildings Mapping|100496_57361
OAM-401984-229448-19,fold_1,Myanmar,Myanmar Earthquake 2025 - Amarapura/Mandalay Buildings Mapping,0,True,0,Myanmar Earthquake 2025 - Amarapura/Mandalay Buildings Mapping|100496_57362
OAM-401984-229458-19,fold_5,Myanmar,Myanmar Earthquake 2025 - Amarapura/Mandalay Buildings Mapping,0,True,0,Myanmar Earthquake 2025 - Amarapura/Mandalay Buildings Mapping|100496_57364
OAM-401984-229485-19,fold_5,Myanmar,Myanmar Earthquake 2025 - Amarapura/Mandalay Buildings Mapping,0,True,0,Myanmar Earthquake 2025 - Amarapura/Mandalay Buildings Mapping|100496_57371
OAM-401984-229486-19,fold_5,Myanmar,Myanmar Earthquake 2025 - Amarapura/Mandalay Buildings Mapping,0,True,0,Myanmar Earthquake 2025 - Amarapura/Mandalay Buildings Mapping|100496_57371
OAM-401985-229440-19,fold_2,Myanmar,Myanmar Earthquake 2025 - Amarapura/Mandalay Buildings Mapping,0,True,0,Myanmar Earthquake 2025 - Amarapura/Mandalay Buildings Mapping|100496_57360
OAM-401985-229466-19,fold_2,Myanmar,Myanmar Earthquake 2025 - Amarapura/Mandalay Buildings Mapping,0,True,0,Myanmar Earthquake 2025 - Amarapura/Mandalay Buildings Mapping|100496_57366
OAM-401985-229486-19,fold_5,Myanmar,Myanmar Earthquake 2025 - Amarapura/Mandalay Buildings Mapping,0,True,0,Myanmar Earthquake 2025 - Amarapura/Mandalay Buildings Mapping|100496_57371
OAM-401985-229491-19,fold_2,Myanmar,Myanmar Earthquake 2025 - Amarapura/Mandalay Buildings Mapping,0,True,0,Myanmar Earthquake 2025 - Amarapura/Mandalay Buildings Mapping|100496_57372
OAM-401985-229494-19,fold_0,Myanmar,Myanmar Earthquake 2025 - Amarapura/Mandalay Buildings Mapping,0,True,0,Myanmar Earthquake 2025 - Amarapura/Mandalay Buildings Mapping|100496_57373
OAM-401985-229501-19,fold_2,Myanmar,Myanmar Earthquake 2025 - Amarapura/Mandalay Buildings Mapping,0,True,0,Myanmar Earthquake 2025 - Amarapura/Mandalay Buildings Mapping|100496_57375
OAM-401985-229504-19,fold_3,Myanmar,Myanmar Earthquake 2025 - Amarapura/Mandalay Buildings Mapping,3,False,3,Myanmar Earthquake 2025 - Amarapura/Mandalay Buildings Mapping|100496_57376
OAM-401986-229447-19,fold_5,Myanmar,Myanmar Earthquake 2025 - Amarapura/Mandalay Buildings Mapping,0,True,0,Myanmar Earthquake 2025 - Amarapura/Mandalay Buildings Mapping|100496_57361
OAM-401986-229448-19,fold_1,Myanmar,Myanmar Earthquake 2025 - Amarapura/Mandalay Buildings Mapping,0,True,0,Myanmar Earthquake 2025 - Amarapura/Mandalay Buildings Mapping|100496_57362
OAM-401986-229469-19,fold_4,Myanmar,Myanmar Earthquake 2025 - Amarapura/Mandalay Buildings Mapping,0,True,0,Myanmar Earthquake 2025 - Amarapura/Mandalay Buildings Mapping|100496_57367
OAM-401986-229477-19,fold_2,Myanmar,Myanmar Earthquake 2025 - Amarapura/Mandalay Buildings Mapping,21,False,21,Myanmar Earthquake 2025 - Amarapura/Mandalay Buildings Mapping|100496_57369
OAM-401986-229483-19,fold_6,Myanmar,Myanmar Earthquake 2025 - Amarapura/Mandalay Buildings Mapping,0,True,0,Myanmar Earthquake 2025 - Amarapura/Mandalay Buildings Mapping|100496_57370
OAM-401986-229491-19,fold_2,Myanmar,Myanmar Earthquake 2025 - Amarapura/Mandalay Buildings Mapping,0,True,0,Myanmar Earthquake 2025 - Amarapura/Mandalay Buildings Mapping|100496_57372
OAM-401987-229426-19,fold_4,Myanmar,Myanmar Earthquake 2025 - Amarapura/Mandalay Buildings Mapping,0,True,0,Myanmar Earthquake 2025 - Amarapura/Mandalay Buildings Mapping|100496_57356
OAM-401987-229432-19,fold_5,Myanmar,Myanmar Earthquake 2025 - Amarapura/Mandalay Buildings Mapping,0,True,0,Myanmar Earthquake 2025 - Amarapura/Mandalay Buildings Mapping|100496_57358
OAM-401987-229447-19,fold_5,Myanmar,Myanmar Earthquake 2025 - Amarapura/Mandalay Buildings Mapping,0,True,0,Myanmar Earthquake 2025 - Amarapura/Mandalay Buildings Mapping|100496_57361
OAM-401987-229458-19,fold_5,Myanmar,Myanmar Earthquake 2025 - Amarapura/Mandalay Buildings Mapping,1,False,1,Myanmar Earthquake 2025 - Amarapura/Mandalay Buildings Mapping|100496_57364
OAM-401987-229465-19,fold_2,Myanmar,Myanmar Earthquake 2025 - Amarapura/Mandalay Buildings Mapping,0,True,0,Myanmar Earthquake 2025 - Amarapura/Mandalay Buildings Mapping|100496_57366
OAM-401987-229482-19,fold_6,Myanmar,Myanmar Earthquake 2025 - Amarapura/Mandalay Buildings Mapping,0,True,0,Myanmar Earthquake 2025 - Amarapura/Mandalay Buildings Mapping|100496_57370
OAM-401987-229489-19,fold_2,Myanmar,Myanmar Earthquake 2025 - Amarapura/Mandalay Buildings Mapping,2,False,2,Myanmar Earthquake 2025 - Amarapura/Mandalay Buildings Mapping|100496_57372
OAM-401987-229505-19,fold_3,Myanmar,Myanmar Earthquake 2025 - Amarapura/Mandalay Buildings Mapping,1,False,1,Myanmar Earthquake 2025 - Amarapura/Mandalay Buildings Mapping|100496_57376
OAM-401987-229506-19,fold_3,Myanmar,Myanmar Earthquake 2025 - Amarapura/Mandalay Buildings Mapping,1,False,1,Myanmar Earthquake 2025 - Amarapura/Mandalay Buildings Mapping|100496_57376
OAM-401987-229509-19,fold_2,Myanmar,Myanmar Earthquake 2025 - Amarapura/Mandalay Buildings Mapping,1,False,1,Myanmar Earthquake 2025 - Amarapura/Mandalay Buildings Mapping|100496_57377
OAM-401988-229424-19,fold_1,Myanmar,Myanmar Earthquake 2025 - Amarapura/Mandalay Buildings Mapping,0,True,0,Myanmar Earthquake 2025 - Amarapura/Mandalay Buildings Mapping|100497_57356
OAM-401988-229430-19,fold_2,Myanmar,Myanmar Earthquake 2025 - Amarapura/Mandalay Buildings Mapping,0,True,0,Myanmar Earthquake 2025 - Amarapura/Mandalay Buildings Mapping|100497_57357
OAM-401988-229437-19,fold_0,Myanmar,Myanmar Earthquake 2025 - Amarapura/Mandalay Buildings Mapping,0,True,0,Myanmar Earthquake 2025 - Amarapura/Mandalay Buildings Mapping|100497_57359
OAM-401988-229443-19,fold_2,Myanmar,Myanmar Earthquake 2025 - Amarapura/Mandalay Buildings Mapping,0,True,0,Myanmar Earthquake 2025 - Amarapura/Mandalay Buildings Mapping|100497_57360
OAM-401988-229456-19,fold_5,Myanmar,Myanmar Earthquake 2025 - Amarapura/Mandalay Buildings Mapping,4,False,4,Myanmar Earthquake 2025 - Amarapura/Mandalay Buildings Mapping|100497_57364
OAM-401988-229465-19,fold_5,Myanmar,Myanmar Earthquake 2025 - Amarapura/Mandalay Buildings Mapping,0,True,0,Myanmar Earthquake 2025 - Amarapura/Mandalay Buildings Mapping|100497_57366
OAM-401988-229472-19,fold_5,Myanmar,Myanmar Earthquake 2025 - Amarapura/Mandalay Buildings Mapping,0,True,0,Myanmar Earthquake 2025 - Amarapura/Mandalay Buildings Mapping|100497_57368
OAM-401988-229487-19,fold_6,Myanmar,Myanmar Earthquake 2025 - Amarapura/Mandalay Buildings Mapping,0,True,0,Myanmar Earthquake 2025 - Amarapura/Mandalay Buildings Mapping|100497_57371
OAM-401988-229507-19,fold_3,Myanmar,Myanmar Earthquake 2025 - Amarapura/Mandalay Buildings Mapping,0,True,0,Myanmar Earthquake 2025 - Amarapura/Mandalay Buildings Mapping|100497_57376
OAM-401988-229508-19,fold_1,Myanmar,Myanmar Earthquake 2025 - Amarapura/Mandalay Buildings Mapping,1,False,1,Myanmar Earthquake 2025 - Amarapura/Mandalay Buildings Mapping|100497_57377
OAM-401989-229427-19,fold_1,Myanmar,Myanmar Earthquake 2025 - Amarapura/Mandalay Buildings Mapping,0,True,0,Myanmar Earthquake 2025 - Amarapura/Mandalay Buildings Mapping|100497_57356
OAM-401989-229429-19,fold_2,Myanmar,Myanmar Earthquake 2025 - Amarapura/Mandalay Buildings Mapping,0,True,0,Myanmar Earthquake 2025 - Amarapura/Mandalay Buildings Mapping|100497_57357
OAM-401989-229456-19,fold_5,Myanmar,Myanmar Earthquake 2025 - Amarapura/Mandalay Buildings Mapping,2,False,2,Myanmar Earthquake 2025 - Amarapura/Mandalay Buildings Mapping|100497_57364
OAM-401989-229463-19,fold_1,Myanmar,Myanmar Earthquake 2025 - Amarapura/Mandalay Buildings Mapping,0,True,0,Myanmar Earthquake 2025 - Amarapura/Mandalay Buildings Mapping|100497_57365
OAM-401989-229466-19,fold_5,Myanmar,Myanmar Earthquake 2025 - Amarapura/Mandalay Buildings Mapping,0,True,0,Myanmar Earthquake 2025 - Amarapura/Mandalay Buildings Mapping|100497_57366
OAM-401989-229487-19,fold_6,Myanmar,Myanmar Earthquake 2025 - Amarapura/Mandalay Buildings Mapping,0,True,0,Myanmar Earthquake 2025 - Amarapura/Mandalay Buildings Mapping|100497_57371
OAM-401989-229507-19,fold_3,Myanmar,Myanmar Earthquake 2025 - Amarapura/Mandalay Buildings Mapping,2,False,2,Myanmar Earthquake 2025 - Amarapura/Mandalay Buildings Mapping|100497_57376
OAM-401990-229438-19,fold_0,Myanmar,Myanmar Earthquake 2025 - Amarapura/Mandalay Buildings Mapping,0,True,0,Myanmar Earthquake 2025 - Amarapura/Mandalay Buildings Mapping|100497_57359
OAM-401990-229448-19,fold_1,Myanmar,Myanmar Earthquake 2025 - Amarapura/Mandalay Buildings Mapping,0,True,0,Myanmar Earthquake 2025 - Amarapura/Mandalay Buildings Mapping|100497_57362
OAM-401990-229466-19,fold_5,Myanmar,Myanmar Earthquake 2025 - Amarapura/Mandalay Buildings Mapping,0,True,0,Myanmar Earthquake 2025 - Amarapura/Mandalay Buildings Mapping|100497_57366
OAM-401990-229468-19,fold_5,Myanmar,Myanmar Earthquake 2025 - Amarapura/Mandalay Buildings Mapping,0,True,0,Myanmar Earthquake 2025 - Amarapura/Mandalay Buildings Mapping|100497_57367
OAM-401990-229480-19,fold_1,Myanmar,Myanmar Earthquake 2025 - Amarapura/Mandalay Buildings Mapping,0,True,0,Myanmar Earthquake 2025 - Amarapura/Mandalay Buildings Mapping|100497_57370
OAM-401990-229488-19,fold_5,Myanmar,Myanmar Earthquake 2025 - Amarapura/Mandalay Buildings Mapping,0,True,0,Myanmar Earthquake 2025 - Amarapura/Mandalay Buildings Mapping|100497_57372
OAM-401990-229500-19,fold_4,Myanmar,Myanmar Earthquake 2025 - Amarapura/Mandalay Buildings Mapping,0,True,0,Myanmar Earthquake 2025 - Amarapura/Mandalay Buildings Mapping|100497_57375
OAM-401991-229446-19,fold_0,Myanmar,Myanmar Earthquake 2025 - Amarapura/Mandalay Buildings Mapping,0,True,0,Myanmar Earthquake 2025 - Amarapura/Mandalay Buildings Mapping|100497_57361
OAM-401991-229447-19,fold_0,Myanmar,Myanmar Earthquake 2025 - Amarapura/Mandalay Buildings Mapping,1,False,1,Myanmar Earthquake 2025 - Amarapura/Mandalay Buildings Mapping|100497_57361
OAM-401991-229464-19,fold_5,Myanmar,Myanmar Earthquake 2025 - Amarapura/Mandalay Buildings Mapping,0,True,0,Myanmar Earthquake 2025 - Amarapura/Mandalay Buildings Mapping|100497_57366
OAM-401991-229480-19,fold_1,Myanmar,Myanmar Earthquake 2025 - Amarapura/Mandalay Buildings Mapping,0,True,0,Myanmar Earthquake 2025 - Amarapura/Mandalay Buildings Mapping|100497_57370
OAM-401991-229504-19,fold_3,Myanmar,Myanmar Earthquake 2025 - Amarapura/Mandalay Buildings Mapping,2,False,2,Myanmar Earthquake 2025 - Amarapura/Mandalay Buildings Mapping|100497_57376
OAM-401991-229505-19,fold_3,Myanmar,Myanmar Earthquake 2025 - Amarapura/Mandalay Buildings Mapping,0,True,0,Myanmar Earthquake 2025 - Amarapura/Mandalay Buildings Mapping|100497_57376
OAM-401992-229445-19,fold_6,Myanmar,Myanmar Earthquake 2025 - Amarapura/Mandalay Buildings Mapping,0,True,0,Myanmar Earthquake 2025 - Amarapura/Mandalay Buildings Mapping|100498_57361
OAM-401992-229447-19,fold_6,Myanmar,Myanmar Earthquake 2025 - Amarapura/Mandalay Buildings Mapping,3,False,3,Myanmar Earthquake 2025 - Amarapura/Mandalay Buildings Mapping|100498_57361
OAM-401992-229463-19,fold_5,Myanmar,Myanmar Earthquake 2025 - Amarapura/Mandalay Buildings Mapping,0,True,0,Myanmar Earthquake 2025 - Amarapura/Mandalay Buildings Mapping|100498_57365
OAM-401992-229464-19,fold_4,Myanmar,Myanmar Earthquake 2025 - Amarapura/Mandalay Buildings Mapping,0,True,0,Myanmar Earthquake 2025 - Amarapura/Mandalay Buildings Mapping|100498_57366
OAM-401992-229473-19,fold_5,Myanmar,Myanmar Earthquake 2025 - Amarapura/Mandalay Buildings Mapping,0,True,0,Myanmar Earthquake 2025 - Amarapura/Mandalay Buildings Mapping|100498_57368
OAM-401992-229493-19,fold_0,Myanmar,Myanmar Earthquake 2025 - Amarapura/Mandalay Buildings Mapping,0,True,0,Myanmar Earthquake 2025 - Amarapura/Mandalay Buildings Mapping|100498_57373
OAM-401992-229502-19,fold_1,Myanmar,Myanmar Earthquake 2025 - Amarapura/Mandalay Buildings Mapping,0,True,0,Myanmar Earthquake 2025 - Amarapura/Mandalay Buildings Mapping|100498_57375
OAM-401993-229497-19,fold_2,Myanmar,Myanmar Earthquake 2025 - Amarapura/Mandalay Buildings Mapping,0,True,0,Myanmar Earthquake 2025 - Amarapura/Mandalay Buildings Mapping|100498_57374
OAM-401994-229424-19,fold_1,Myanmar,Myanmar Earthquake 2025 - Amarapura/Mandalay Buildings Mapping,0,True,0,Myanmar Earthquake 2025 - Amarapura/Mandalay Buildings Mapping|100498_57356
OAM-401994-229445-19,fold_6,Myanmar,Myanmar Earthquake 2025 - Amarapura/Mandalay Buildings Mapping,0,True,0,Myanmar Earthquake 2025 - Amarapura/Mandalay Buildings Mapping|100498_57361
OAM-401994-229465-19,fold_4,Myanmar,Myanmar Earthquake 2025 - Amarapura/Mandalay Buildings Mapping,0,True,0,Myanmar Earthquake 2025 - Amarapura/Mandalay Buildings Mapping|100498_57366
OAM-401994-229470-19,fold_6,Myanmar,Myanmar Earthquake 2025 - Amarapura/Mandalay Buildings Mapping,8,False,8,Myanmar Earthquake 2025 - Amarapura/Mandalay Buildings Mapping|100498_57367
OAM-401994-229489-19,fold_2,Myanmar,Myanmar Earthquake 2025 - Amarapura/Mandalay Buildings Mapping,0,True,0,Myanmar Earthquake 2025 - Amarapura/Mandalay Buildings Mapping|100498_57372
OAM-401994-229496-19,fold_2,Myanmar,Myanmar Earthquake 2025 - Amarapura/Mandalay Buildings Mapping,0,True,0,Myanmar Earthquake 2025 - Amarapura/Mandalay Buildings Mapping|100498_57374
OAM-401994-229497-19,fold_2,Myanmar,Myanmar Earthquake 2025 - Amarapura/Mandalay Buildings Mapping,0,True,0,Myanmar Earthquake 2025 - Amarapura/Mandalay Buildings Mapping|100498_57374
OAM-401994-229500-19,fold_1,Myanmar,Myanmar Earthquake 2025 - Amarapura/Mandalay Buildings Mapping,0,True,0,Myanmar Earthquake 2025 - Amarapura/Mandalay Buildings Mapping|100498_57375
OAM-401996-229461-19,fold_2,Myanmar,Myanmar Earthquake 2025 - Amarapura/Mandalay Buildings Mapping,0,True,0,Myanmar Earthquake 2025 - Amarapura/Mandalay Buildings Mapping|100499_57365
OAM-401996-229483-19,fold_6,Myanmar,Myanmar Earthquake 2025 - Amarapura/Mandalay Buildings Mapping,1,False,1,Myanmar Earthquake 2025 - Amarapura/Mandalay Buildings Mapping|100499_57370
OAM-401996-229488-19,fold_4,Myanmar,Myanmar Earthquake 2025 - Amarapura/Mandalay Buildings Mapping,0,True,0,Myanmar Earthquake 2025 - Amarapura/Mandalay Buildings Mapping|100499_57372
OAM-401997-229440-19,fold_2,Myanmar,Myanmar Earthquake 2025 - Amarapura/Mandalay Buildings Mapping,0,True,0,Myanmar Earthquake 2025 - Amarapura/Mandalay Buildings Mapping|100499_57360
OAM-401997-229480-19,fold_6,Myanmar,Myanmar Earthquake 2025 - Amarapura/Mandalay Buildings Mapping,0,True,0,Myanmar Earthquake 2025 - Amarapura/Mandalay Buildings Mapping|100499_57370
OAM-401998-229437-19,fold_0,Myanmar,Myanmar Earthquake 2025 - Amarapura/Mandalay Buildings Mapping,0,True,0,Myanmar Earthquake 2025 - Amarapura/Mandalay Buildings Mapping|100499_57359
OAM-401998-229480-19,fold_6,Myanmar,Myanmar Earthquake 2025 - Amarapura/Mandalay Buildings Mapping,0,True,0,Myanmar Earthquake 2025 - Amarapura/Mandalay Buildings Mapping|100499_57370
OAM-401998-229508-19,fold_4,Myanmar,Myanmar Earthquake 2025 - Amarapura/Mandalay Buildings Mapping,6,False,6,Myanmar Earthquake 2025 - Amarapura/Mandalay Buildings Mapping|100499_57377
OAM-401999-229410-19,fold_2,Myanmar,Myanmar Earthquake 2025 - Amarapura/Mandalay Buildings Mapping,0,True,0,Myanmar Earthquake 2025 - Amarapura/Mandalay Buildings Mapping|100499_57352
OAM-401999-229418-19,fold_2,Myanmar,Myanmar Earthquake 2025 - Amarapura/Mandalay Buildings Mapping,0,True,0,Myanmar Earthquake 2025 - Amarapura/Mandalay Buildings Mapping|100499_57354
OAM-401999-229435-19,fold_5,Myanmar,Myanmar Earthquake 2025 - Amarapura/Mandalay Buildings Mapping,0,True,0,Myanmar Earthquake 2025 - Amarapura/Mandalay Buildings Mapping|100499_57358
OAM-401999-229453-19,fold_4,Myanmar,Myanmar Earthquake 2025 - Amarapura/Mandalay Buildings Mapping,48,False,48,Myanmar Earthquake 2025 - Amarapura/Mandalay Buildings Mapping|100499_57363
OAM-401999-229458-19,fold_6,Myanmar,Myanmar Earthquake 2025 - Amarapura/Mandalay Buildings Mapping,47,False,47,Myanmar Earthquake 2025 - Amarapura/Mandalay Buildings Mapping|100499_57364
OAM-401999-229470-19,fold_2,Myanmar,Myanmar Earthquake 2025 - Amarapura/Mandalay Buildings Mapping,50,False,50,Myanmar Earthquake 2025 - Amarapura/Mandalay Buildings Mapping|100499_57367
OAM-401999-229482-19,fold_6,Myanmar,Myanmar Earthquake 2025 - Amarapura/Mandalay Buildings Mapping,0,True,0,Myanmar Earthquake 2025 - Amarapura/Mandalay Buildings Mapping|100499_57370
OAM-402000-229420-19,fold_1,Myanmar,Myanmar Earthquake 2025 - Amarapura/Mandalay Buildings Mapping,0,True,0,Myanmar Earthquake 2025 - Amarapura/Mandalay Buildings Mapping|100500_57355
OAM-402000-229429-19,fold_6,Myanmar,Myanmar Earthquake 2025 - Amarapura/Mandalay Buildings Mapping,0,True,0,Myanmar Earthquake 2025 - Amarapura/Mandalay Buildings Mapping|100500_57357
OAM-402000-229436-19,fold_4,Myanmar,Myanmar Earthquake 2025 - Amarapura/Mandalay Buildings Mapping,0,True,0,Myanmar Earthquake 2025 - Amarapura/Mandalay Buildings Mapping|100500_57359
OAM-402000-229472-19,fold_6,Myanmar,Myanmar Earthquake 2025 - Amarapura/Mandalay Buildings Mapping,48,False,48,Myanmar Earthquake 2025 - Amarapura/Mandalay Buildings Mapping|100500_57368
OAM-402000-229473-19,fold_6,Myanmar,Myanmar Earthquake 2025 - Amarapura/Mandalay Buildings Mapping,48,False,48,Myanmar Earthquake 2025 - Amarapura/Mandalay Buildings Mapping|100500_57368
OAM-402000-229478-19,fold_1,Myanmar,Myanmar Earthquake 2025 - Amarapura/Mandalay Buildings Mapping,0,True,0,Myanmar Earthquake 2025 - Amarapura/Mandalay Buildings Mapping|100500_57369
OAM-402001-229412-19,fold_0,Myanmar,Myanmar Earthquake 2025 - Amarapura/Mandalay Buildings Mapping,0,True,0,Myanmar Earthquake 2025 - Amarapura/Mandalay Buildings Mapping|100500_57353
OAM-402001-229417-19,fold_0,Myanmar,Myanmar Earthquake 2025 - Amarapura/Mandalay Buildings Mapping,0,True,0,Myanmar Earthquake 2025 - Amarapura/Mandalay Buildings Mapping|100500_57354
OAM-402001-229432-19,fold_1,Myanmar,Myanmar Earthquake 2025 - Amarapura/Mandalay Buildings Mapping,0,True,0,Myanmar Earthquake 2025 - Amarapura/Mandalay Buildings Mapping|100500_57358
OAM-402001-229435-19,fold_1,Myanmar,Myanmar Earthquake 2025 - Amarapura/Mandalay Buildings Mapping,0,True,0,Myanmar Earthquake 2025 - Amarapura/Mandalay Buildings Mapping|100500_57358
OAM-402001-229444-19,fold_1,Myanmar,Myanmar Earthquake 2025 - Amarapura/Mandalay Buildings Mapping,0,True,0,Myanmar Earthquake 2025 - Amarapura/Mandalay Buildings Mapping|100500_57361
OAM-402001-229454-19,fold_5,Myanmar,Myanmar Earthquake 2025 - Amarapura/Mandalay Buildings Mapping,0,True,0,Myanmar Earthquake 2025 - Amarapura/Mandalay Buildings Mapping|100500_57363
OAM-402001-229463-19,fold_0,Myanmar,Myanmar Earthquake 2025 - Amarapura/Mandalay Buildings Mapping,1,False,1,Myanmar Earthquake 2025 - Amarapura/Mandalay Buildings Mapping|100500_57365
OAM-402001-229472-19,fold_6,Myanmar,Myanmar Earthquake 2025 - Amarapura/Mandalay Buildings Mapping,49,False,49,Myanmar Earthquake 2025 - Amarapura/Mandalay Buildings Mapping|100500_57368
OAM-402002-229420-19,fold_1,Myanmar,Myanmar Earthquake 2025 - Amarapura/Mandalay Buildings Mapping,0,True,0,Myanmar Earthquake 2025 - Amarapura/Mandalay Buildings Mapping|100500_57355
OAM-402002-229450-19,fold_1,Myanmar,Myanmar Earthquake 2025 - Amarapura/Mandalay Buildings Mapping,19,False,19,Myanmar Earthquake 2025 - Amarapura/Mandalay Buildings Mapping|100500_57362
OAM-402002-229452-19,fold_5,Myanmar,Myanmar Earthquake 2025 - Amarapura/Mandalay Buildings Mapping,0,True,0,Myanmar Earthquake 2025 - Amarapura/Mandalay Buildings Mapping|100500_57363
OAM-402002-229456-19,fold_0,Myanmar,Myanmar Earthquake 2025 - Amarapura/Mandalay Buildings Mapping,20,False,20,Myanmar Earthquake 2025 - Amarapura/Mandalay Buildings Mapping|100500_57364
OAM-402002-229478-19,fold_1,Myanmar,Myanmar Earthquake 2025 - Amarapura/Mandalay Buildings Mapping,0,True,0,Myanmar Earthquake 2025 - Amarapura/Mandalay Buildings Mapping|100500_57369
OAM-402002-229479-19,fold_1,Myanmar,Myanmar Earthquake 2025 - Amarapura/Mandalay Buildings Mapping,0,True,0,Myanmar Earthquake 2025 - Amarapura/Mandalay Buildings Mapping|100500_57369
OAM-402002-229484-19,fold_0,Myanmar,Myanmar Earthquake 2025 - Amarapura/Mandalay Buildings Mapping,0,True,0,Myanmar Earthquake 2025 - Amarapura/Mandalay Buildings Mapping|100500_57371
OAM-402002-229488-19,fold_2,Myanmar,Myanmar Earthquake 2025 - Amarapura/Mandalay Buildings Mapping,0,True,0,Myanmar Earthquake 2025 - Amarapura/Mandalay Buildings Mapping|100500_57372
OAM-402002-229489-19,fold_2,Myanmar,Myanmar Earthquake 2025 - Amarapura/Mandalay Buildings Mapping,0,True,0,Myanmar Earthquake 2025 - Amarapura/Mandalay Buildings Mapping|100500_57372
OAM-402002-229494-19,fold_3,Myanmar,Myanmar Earthquake 2025 - Amarapura/Mandalay Buildings Mapping,0,True,0,Myanmar Earthquake 2025 - Amarapura/Mandalay Buildings Mapping|100500_57373
OAM-402003-229409-19,fold_5,Myanmar,Myanmar Earthquake 2025 - Amarapura/Mandalay Buildings Mapping,0,True,0,Myanmar Earthquake 2025 - Amarapura/Mandalay Buildings Mapping|100500_57352
OAM-402003-229414-19,fold_0,Myanmar,Myanmar Earthquake 2025 - Amarapura/Mandalay Buildings Mapping,0,True,0,Myanmar Earthquake 2025 - Amarapura/Mandalay Buildings Mapping|100500_57353
OAM-402003-229420-19,fold_1,Myanmar,Myanmar Earthquake 2025 - Amarapura/Mandalay Buildings Mapping,0,True,0,Myanmar Earthquake 2025 - Amarapura/Mandalay Buildings Mapping|100500_57355
OAM-402003-229424-19,fold_1,Myanmar,Myanmar Earthquake 2025 - Amarapura/Mandalay Buildings Mapping,0,True,0,Myanmar Earthquake 2025 - Amarapura/Mandalay Buildings Mapping|100500_57356
OAM-402003-229435-19,fold_1,Myanmar,Myanmar Earthquake 2025 - Amarapura/Mandalay Buildings Mapping,0,True,0,Myanmar Earthquake 2025 - Amarapura/Mandalay Buildings Mapping|100500_57358
OAM-402003-229471-19,fold_6,Myanmar,Myanmar Earthquake 2025 - Amarapura/Mandalay Buildings Mapping,50,False,50,Myanmar Earthquake 2025 - Amarapura/Mandalay Buildings Mapping|100500_57367
OAM-402003-229476-19,fold_1,Myanmar,Myanmar Earthquake 2025 - Amarapura/Mandalay Buildings Mapping,0,True,0,Myanmar Earthquake 2025 - Amarapura/Mandalay Buildings Mapping|100500_57369
OAM-402003-229478-19,fold_1,Myanmar,Myanmar Earthquake 2025 - Amarapura/Mandalay Buildings Mapping,0,True,0,Myanmar Earthquake 2025 - Amarapura/Mandalay Buildings Mapping|100500_57369
OAM-402003-229484-19,fold_0,Myanmar,Myanmar Earthquake 2025 - Amarapura/Mandalay Buildings Mapping,0,True,0,Myanmar Earthquake 2025 - Amarapura/Mandalay Buildings Mapping|100500_57371
OAM-402003-229491-19,fold_2,Myanmar,Myanmar Earthquake 2025 - Amarapura/Mandalay Buildings Mapping,0,True,0,Myanmar Earthquake 2025 - Amarapura/Mandalay Buildings Mapping|100500_57372
OAM-402004-229403-19,fold_0,Myanmar,Myanmar Earthquake 2025 - Amarapura/Mandalay Buildings Mapping,0,True,0,Myanmar Earthquake 2025 - Amarapura/Mandalay Buildings Mapping|100501_57350
OAM-402004-229412-19,fold_4,Myanmar,Myanmar Earthquake 2025 - Amarapura/Mandalay Buildings Mapping,0,True,0,Myanmar Earthquake 2025 - Amarapura/Mandalay Buildings Mapping|100501_57353
OAM-402004-229420-19,fold_0,Myanmar,Myanmar Earthquake 2025 - Amarapura/Mandalay Buildings Mapping,0,True,0,Myanmar Earthquake 2025 - Amarapura/Mandalay Buildings Mapping|100501_57355
OAM-402004-229424-19,fold_1,Myanmar,Myanmar Earthquake 2025 - Amarapura/Mandalay Buildings Mapping,0,True,0,Myanmar Earthquake 2025 - Amarapura/Mandalay Buildings Mapping|100501_57356
OAM-402004-229462-19,fold_2,Myanmar,Myanmar Earthquake 2025 - Amarapura/Mandalay Buildings Mapping,20,False,20,Myanmar Earthquake 2025 - Amarapura/Mandalay Buildings Mapping|100501_57365
OAM-402004-229485-19,fold_0,Myanmar,Myanmar Earthquake 2025 - Amarapura/Mandalay Buildings Mapping,0,True,0,Myanmar Earthquake 2025 - Amarapura/Mandalay Buildings Mapping|100501_57371
OAM-402004-229486-19,fold_0,Myanmar,Myanmar Earthquake 2025 - Amarapura/Mandalay Buildings Mapping,0,True,0,Myanmar Earthquake 2025 - Amarapura/Mandalay Buildings Mapping|100501_57371
OAM-402004-229487-19,fold_0,Myanmar,Myanmar Earthquake 2025 - Amarapura/Mandalay Buildings Mapping,0,True,0,Myanmar Earthquake 2025 - Amarapura/Mandalay Buildings Mapping|100501_57371
OAM-402005-229408-19,fold_6,Myanmar,Myanmar Earthquake 2025 - Amarapura/Mandalay Buildings Mapping,0,True,0,Myanmar Earthquake 2025 - Amarapura/Mandalay Buildings Mapping|100501_57352
OAM-402005-229422-19,fold_0,Myanmar,Myanmar Earthquake 2025 - Amarapura/Mandalay Buildings Mapping,0,True,0,Myanmar Earthquake 2025 - Amarapura/Mandalay Buildings Mapping|100501_57355
OAM-402005-229429-19,fold_3,Myanmar,Myanmar Earthquake 2025 - Amarapura/Mandalay Buildings Mapping,0,True,0,Myanmar Earthquake 2025 - Amarapura/Mandalay Buildings Mapping|100501_57357
OAM-402005-229431-19,fold_3,Myanmar,Myanmar Earthquake 2025 - Amarapura/Mandalay Buildings Mapping,0,True,0,Myanmar Earthquake 2025 - Amarapura/Mandalay Buildings Mapping|100501_57357
OAM-402005-229433-19,fold_5,Myanmar,Myanmar Earthquake 2025 - Amarapura/Mandalay Buildings Mapping,0,True,0,Myanmar Earthquake 2025 - Amarapura/Mandalay Buildings Mapping|100501_57358
OAM-402005-229446-19,fold_2,Myanmar,Myanmar Earthquake 2025 - Amarapura/Mandalay Buildings Mapping,48,False,48,Myanmar Earthquake 2025 - Amarapura/Mandalay Buildings Mapping|100501_57361
OAM-402005-229453-19,fold_3,Myanmar,Myanmar Earthquake 2025 - Amarapura/Mandalay Buildings Mapping,10,False,10,Myanmar Earthquake 2025 - Amarapura/Mandalay Buildings Mapping|100501_57363
OAM-402005-229454-19,fold_3,Myanmar,Myanmar Earthquake 2025 - Amarapura/Mandalay Buildings Mapping,23,False,23,Myanmar Earthquake 2025 - Amarapura/Mandalay Buildings Mapping|100501_57363
OAM-402005-229455-19,fold_3,Myanmar,Myanmar Earthquake 2025 - Amarapura/Mandalay Buildings Mapping,15,False,15,Myanmar Earthquake 2025 - Amarapura/Mandalay Buildings Mapping|100501_57363
OAM-402005-229475-19,fold_2,Myanmar,Myanmar Earthquake 2025 - Amarapura/Mandalay Buildings Mapping,3,False,3,Myanmar Earthquake 2025 - Amarapura/Mandalay Buildings Mapping|100501_57368
OAM-402005-229500-19,fold_1,Myanmar,Myanmar Earthquake 2025 - Amarapura/Mandalay Buildings Mapping,49,False,49,Myanmar Earthquake 2025 - Amarapura/Mandalay Buildings Mapping|100501_57375
OAM-402006-229417-19,fold_5,Myanmar,Myanmar Earthquake 2025 - Amarapura/Mandalay Buildings Mapping,0,True,0,Myanmar Earthquake 2025 - Amarapura/Mandalay Buildings Mapping|100501_57354
OAM-402006-229445-19,fold_2,Myanmar,Myanmar Earthquake 2025 - Amarapura/Mandalay Buildings Mapping,49,False,49,Myanmar Earthquake 2025 - Amarapura/Mandalay Buildings Mapping|100501_57361
OAM-402006-229456-19,fold_5,Myanmar,Myanmar Earthquake 2025 - Amarapura/Mandalay Buildings Mapping,3,False,3,Myanmar Earthquake 2025 - Amarapura/Mandalay Buildings Mapping|100501_57364
OAM-402006-229476-19,fold_3,Myanmar,Myanmar Earthquake 2025 - Amarapura/Mandalay Buildings Mapping,1,False,1,Myanmar Earthquake 2025 - Amarapura/Mandalay Buildings Mapping|100501_57369
OAM-402007-229454-19,fold_3,Myanmar,Myanmar Earthquake 2025 - Amarapura/Mandalay Buildings Mapping,46,False,46,Myanmar Earthquake 2025 - Amarapura/Mandalay Buildings Mapping|100501_57363
OAM-402007-229486-19,fold_0,Myanmar,Myanmar Earthquake 2025 - Amarapura/Mandalay Buildings Mapping,0,True,0,Myanmar Earthquake 2025 - Amarapura/Mandalay Buildings Mapping|100501_57371
OAM-402007-229499-19,fold_4,Myanmar,Myanmar Earthquake 2025 - Amarapura/Mandalay Buildings Mapping,5,False,5,Myanmar Earthquake 2025 - Amarapura/Mandalay Buildings Mapping|100501_57374
OAM-402007-229502-19,fold_1,Myanmar,Myanmar Earthquake 2025 - Amarapura/Mandalay Buildings Mapping,5,False,5,Myanmar Earthquake 2025 - Amarapura/Mandalay Buildings Mapping|100501_57375
OAM-402007-229507-19,fold_2,Myanmar,Myanmar Earthquake 2025 - Amarapura/Mandalay Buildings Mapping,0,True,0,Myanmar Earthquake 2025 - Amarapura/Mandalay Buildings Mapping|100501_57376
OAM-402008-229415-19,fold_1,Myanmar,Myanmar Earthquake 2025 - Amarapura/Mandalay Buildings Mapping,0,True,0,Myanmar Earthquake 2025 - Amarapura/Mandalay Buildings Mapping|100502_57353
OAM-402008-229423-19,fold_0,Myanmar,Myanmar Earthquake 2025 - Amarapura/Mandalay Buildings Mapping,0,True,0,Myanmar Earthquake 2025 - Amarapura/Mandalay Buildings Mapping|100502_57355
OAM-402008-229459-19,fold_6,Myanmar,Myanmar Earthquake 2025 - Amarapura/Mandalay Buildings Mapping,0,True,0,Myanmar Earthquake 2025 - Amarapura/Mandalay Buildings Mapping|100502_57364
OAM-402008-229468-19,fold_1,Myanmar,Myanmar Earthquake 2025 - Amarapura/Mandalay Buildings Mapping,0,True,0,Myanmar Earthquake 2025 - Amarapura/Mandalay Buildings Mapping|100502_57367
OAM-402008-229472-19,fold_0,Myanmar,Myanmar Earthquake 2025 - Amarapura/Mandalay Buildings Mapping,0,True,0,Myanmar Earthquake 2025 - Amarapura/Mandalay Buildings Mapping|100502_57368
OAM-402008-229473-19,fold_0,Myanmar,Myanmar Earthquake 2025 - Amarapura/Mandalay Buildings Mapping,0,True,0,Myanmar Earthquake 2025 - Amarapura/Mandalay Buildings Mapping|100502_57368
OAM-402008-229475-19,fold_0,Myanmar,Myanmar Earthquake 2025 - Amarapura/Mandalay Buildings Mapping,0,True,0,Myanmar Earthquake 2025 - Amarapura/Mandalay Buildings Mapping|100502_57368
OAM-402008-229476-19,fold_2,Myanmar,Myanmar Earthquake 2025 - Amarapura/Mandalay Buildings Mapping,0,True,0,Myanmar Earthquake 2025 - Amarapura/Mandalay Buildings Mapping|100502_57369
OAM-402008-229486-19,fold_0,Myanmar,Myanmar Earthquake 2025 - Amarapura/Mandalay Buildings Mapping,0,True,0,Myanmar Earthquake 2025 - Amarapura/Mandalay Buildings Mapping|100502_57371
OAM-402008-229490-19,fold_0,Myanmar,Myanmar Earthquake 2025 - Amarapura/Mandalay Buildings Mapping,0,True,0,Myanmar Earthquake 2025 - Amarapura/Mandalay Buildings Mapping|100502_57372
OAM-402009-229398-19,fold_6,Myanmar,Myanmar Earthquake 2025 - Amarapura/Mandalay Buildings Mapping,0,True,0,Myanmar Earthquake 2025 - Amarapura/Mandalay Buildings Mapping|100502_57349
OAM-402009-229419-19,fold_5,Myanmar,Myanmar Earthquake 2025 - Amarapura/Mandalay Buildings Mapping,0,True,0,Myanmar Earthquake 2025 - Amarapura/Mandalay Buildings Mapping|100502_57354
OAM-402009-229420-19,fold_0,Myanmar,Myanmar Earthquake 2025 - Amarapura/Mandalay Buildings Mapping,0,True,0,Myanmar Earthquake 2025 - Amarapura/Mandalay Buildings Mapping|100502_57355
OAM-402009-229424-19,fold_3,Myanmar,Myanmar Earthquake 2025 - Amarapura/Mandalay Buildings Mapping,0,True,0,Myanmar Earthquake 2025 - Amarapura/Mandalay Buildings Mapping|100502_57356
OAM-402009-229442-19,fold_0,Myanmar,Myanmar Earthquake 2025 - Amarapura/Mandalay Buildings Mapping,49,False,49,Myanmar Earthquake 2025 - Amarapura/Mandalay Buildings Mapping|100502_57360
OAM-402009-229453-19,fold_3,Myanmar,Myanmar Earthquake 2025 - Amarapura/Mandalay Buildings Mapping,48,False,48,Myanmar Earthquake 2025 - Amarapura/Mandalay Buildings Mapping|100502_57363
OAM-402009-229461-19,fold_6,Myanmar,Myanmar Earthquake 2025 - Amarapura/Mandalay Buildings Mapping,0,True,0,Myanmar Earthquake 2025 - Amarapura/Mandalay Buildings Mapping|100502_57365
OAM-402009-229467-19,fold_1,Myanmar,Myanmar Earthquake 2025 - Amarapura/Mandalay Buildings Mapping,0,True,0,Myanmar Earthquake 2025 - Amarapura/Mandalay Buildings Mapping|100502_57366
OAM-402009-229470-19,fold_1,Myanmar,Myanmar Earthquake 2025 - Amarapura/Mandalay Buildings Mapping,0,True,0,Myanmar Earthquake 2025 - Amarapura/Mandalay Buildings Mapping|100502_57367
OAM-402009-229475-19,fold_0,Myanmar,Myanmar Earthquake 2025 - Amarapura/Mandalay Buildings Mapping,0,True,0,Myanmar Earthquake 2025 - Amarapura/Mandalay Buildings Mapping|100502_57368
OAM-402009-229476-19,fold_2,Myanmar,Myanmar Earthquake 2025 - Amarapura/Mandalay Buildings Mapping,0,True,0,Myanmar Earthquake 2025 - Amarapura/Mandalay Buildings Mapping|100502_57369
OAM-402009-229485-19,fold_0,Myanmar,Myanmar Earthquake 2025 - Amarapura/Mandalay Buildings Mapping,0,True,0,Myanmar Earthquake 2025 - Amarapura/Mandalay Buildings Mapping|100502_57371
OAM-402009-229489-19,fold_0,Myanmar,Myanmar Earthquake 2025 - Amarapura/Mandalay Buildings Mapping,0,True,0,Myanmar Earthquake 2025 - Amarapura/Mandalay Buildings Mapping|100502_57372
OAM-402009-229494-19,fold_3,Myanmar,Myanmar Earthquake 2025 - Amarapura/Mandalay Buildings Mapping,3,False,3,Myanmar Earthquake 2025 - Amarapura/Mandalay Buildings Mapping|100502_57373
OAM-402010-229395-19,fold_4,Myanmar,Myanmar Earthquake 2025 - Amarapura/Mandalay Buildings Mapping,1,False,1,Myanmar Earthquake 2025 - Amarapura/Mandalay Buildings Mapping|100502_57348
OAM-402010-229396-19,fold_6,Myanmar,Myanmar Earthquake 2025 - Amarapura/Mandalay Buildings Mapping,0,True,0,Myanmar Earthquake 2025 - Amarapura/Mandalay Buildings Mapping|100502_57349
OAM-402010-229397-19,fold_6,Myanmar,Myanmar Earthquake 2025 - Amarapura/Mandalay Buildings Mapping,0,True,0,Myanmar Earthquake 2025 - Amarapura/Mandalay Buildings Mapping|100502_57349
OAM-402010-229401-19,fold_5,Myanmar,Myanmar Earthquake 2025 - Amarapura/Mandalay Buildings Mapping,0,True,0,Myanmar Earthquake 2025 - Amarapura/Mandalay Buildings Mapping|100502_57350
OAM-402010-229410-19,fold_0,Myanmar,Myanmar Earthquake 2025 - Amarapura/Mandalay Buildings Mapping,0,True,0,Myanmar Earthquake 2025 - Amarapura/Mandalay Buildings Mapping|100502_57352
OAM-402010-229418-19,fold_5,Myanmar,Myanmar Earthquake 2025 - Amarapura/Mandalay Buildings Mapping,0,True,0,Myanmar Earthquake 2025 - Amarapura/Mandalay Buildings Mapping|100502_57354
OAM-402010-229430-19,fold_4,Myanmar,Myanmar Earthquake 2025 - Amarapura/Mandalay Buildings Mapping,5,False,5,Myanmar Earthquake 2025 - Amarapura/Mandalay Buildings Mapping|100502_57357
OAM-402010-229432-19,fold_5,Myanmar,Myanmar Earthquake 2025 - Amarapura/Mandalay Buildings Mapping,0,True,0,Myanmar Earthquake 2025 - Amarapura/Mandalay Buildings Mapping|100502_57358
OAM-402010-229437-19,fold_0,Myanmar,Myanmar Earthquake 2025 - Amarapura/Mandalay Buildings Mapping,0,True,0,Myanmar Earthquake 2025 - Amarapura/Mandalay Buildings Mapping|100502_57359
OAM-402010-229439-19,fold_0,Myanmar,Myanmar Earthquake 2025 - Amarapura/Mandalay Buildings Mapping,16,False,16,Myanmar Earthquake 2025 - Amarapura/Mandalay Buildings Mapping|100502_57359
OAM-402010-229450-19,fold_5,Myanmar,Myanmar Earthquake 2025 - Amarapura/Mandalay Buildings Mapping,49,False,49,Myanmar Earthquake 2025 - Amarapura/Mandalay Buildings Mapping|100502_57362
OAM-402010-229464-19,fold_1,Myanmar,Myanmar Earthquake 2025 - Amarapura/Mandalay Buildings Mapping,0,True,0,Myanmar Earthquake 2025 - Amarapura/Mandalay Buildings Mapping|100502_57366
OAM-402010-229467-19,fold_1,Myanmar,Myanmar Earthquake 2025 - Amarapura/Mandalay Buildings Mapping,0,True,0,Myanmar Earthquake 2025 - Amarapura/Mandalay Buildings Mapping|100502_57366
OAM-402010-229472-19,fold_0,Myanmar,Myanmar Earthquake 2025 - Amarapura/Mandalay Buildings Mapping,2,False,2,Myanmar Earthquake 2025 - Amarapura/Mandalay Buildings Mapping|100502_57368
OAM-402010-229473-19,fold_0,Myanmar,Myanmar Earthquake 2025 - Amarapura/Mandalay Buildings Mapping,0,True,0,Myanmar Earthquake 2025 - Amarapura/Mandalay Buildings Mapping|100502_57368
OAM-402010-229478-19,fold_2,Myanmar,Myanmar Earthquake 2025 - Amarapura/Mandalay Buildings Mapping,0,True,0,Myanmar Earthquake 2025 - Amarapura/Mandalay Buildings Mapping|100502_57369
OAM-402010-229485-19,fold_0,Myanmar,Myanmar Earthquake 2025 - Amarapura/Mandalay Buildings Mapping,0,True,0,Myanmar Earthquake 2025 - Amarapura/Mandalay Buildings Mapping|100502_57371
OAM-402010-229486-19,fold_0,Myanmar,Myanmar Earthquake 2025 - Amarapura/Mandalay Buildings Mapping,0,True,0,Myanmar Earthquake 2025 - Amarapura/Mandalay Buildings Mapping|100502_57371
OAM-402011-229405-19,fold_5,Myanmar,Myanmar Earthquake 2025 - Amarapura/Mandalay Buildings Mapping,0,True,0,Myanmar Earthquake 2025 - Amarapura/Mandalay Buildings Mapping|100502_57351
OAM-402011-229421-19,fold_0,Myanmar,Myanmar Earthquake 2025 - Amarapura/Mandalay Buildings Mapping,0,True,0,Myanmar Earthquake 2025 - Amarapura/Mandalay Buildings Mapping|100502_57355
OAM-402011-229434-19,fold_5,Myanmar,Myanmar Earthquake 2025 - Amarapura/Mandalay Buildings Mapping,0,True,0,Myanmar Earthquake 2025 - Amarapura/Mandalay Buildings Mapping|100502_57358
OAM-402011-229436-19,fold_0,Myanmar,Myanmar Earthquake 2025 - Amarapura/Mandalay Buildings Mapping,0,True,0,Myanmar Earthquake 2025 - Amarapura/Mandalay Buildings Mapping|100502_57359
OAM-402011-229451-19,fold_5,Myanmar,Myanmar Earthquake 2025 - Amarapura/Mandalay Buildings Mapping,51,False,51,Myanmar Earthquake 2025 - Amarapura/Mandalay Buildings Mapping|100502_57362
OAM-402011-229456-19,fold_6,Myanmar,Myanmar Earthquake 2025 - Amarapura/Mandalay Buildings Mapping,0,True,0,Myanmar Earthquake 2025 - Amarapura/Mandalay Buildings Mapping|100502_57364
OAM-402011-229462-19,fold_6,Myanmar,Myanmar Earthquake 2025 - Amarapura/Mandalay Buildings Mapping,0,True,0,Myanmar Earthquake 2025 - Amarapura/Mandalay Buildings Mapping|100502_57365
OAM-402011-229463-19,fold_6,Myanmar,Myanmar Earthquake 2025 - Amarapura/Mandalay Buildings Mapping,0,True,0,Myanmar Earthquake 2025 - Amarapura/Mandalay Buildings Mapping|100502_57365
OAM-402011-229466-19,fold_1,Myanmar,Myanmar Earthquake 2025 - Amarapura/Mandalay Buildings Mapping,0,True,0,Myanmar Earthquake 2025 - Amarapura/Mandalay Buildings Mapping|100502_57366
OAM-402011-229475-19,fold_0,Myanmar,Myanmar Earthquake 2025 - Amarapura/Mandalay Buildings Mapping,0,True,0,Myanmar Earthquake 2025 - Amarapura/Mandalay Buildings Mapping|100502_57368
OAM-402011-229487-19,fold_0,Myanmar,Myanmar Earthquake 2025 - Amarapura/Mandalay Buildings Mapping,0,True,0,Myanmar Earthquake 2025 - Amarapura/Mandalay Buildings Mapping|100502_57371
OAM-402011-229488-19,fold_0,Myanmar,Myanmar Earthquake 2025 - Amarapura/Mandalay Buildings Mapping,0,True,0,Myanmar Earthquake 2025 - Amarapura/Mandalay Buildings Mapping|100502_57372
OAM-402011-229504-19,fold_6,Myanmar,Myanmar Earthquake 2025 - Amarapura/Mandalay Buildings Mapping,0,True,0,Myanmar Earthquake 2025 - Amarapura/Mandalay Buildings Mapping|100502_57376
OAM-402012-229394-19,fold_5,Myanmar,Myanmar Earthquake 2025 - Amarapura/Mandalay Buildings Mapping,1,False,1,Myanmar Earthquake 2025 - Amarapura/Mandalay Buildings Mapping|100503_57348
OAM-402012-229421-19,fold_1,Myanmar,Myanmar Earthquake 2025 - Amarapura/Mandalay Buildings Mapping,0,True,0,Myanmar Earthquake 2025 - Amarapura/Mandalay Buildings Mapping|100503_57355
OAM-402012-229454-19,fold_2,Myanmar,Myanmar Earthquake 2025 - Amarapura/Mandalay Buildings Mapping,0,True,0,Myanmar Earthquake 2025 - Amarapura/Mandalay Buildings Mapping|100503_57363
OAM-402012-229461-19,fold_4,Myanmar,Myanmar Earthquake 2025 - Amarapura/Mandalay Buildings Mapping,0,True,0,Myanmar Earthquake 2025 - Amarapura/Mandalay Buildings Mapping|100503_57365
OAM-402012-229463-19,fold_4,Myanmar,Myanmar Earthquake 2025 - Amarapura/Mandalay Buildings Mapping,0,True,0,Myanmar Earthquake 2025 - Amarapura/Mandalay Buildings Mapping|100503_57365
OAM-402012-229464-19,fold_5,Myanmar,Myanmar Earthquake 2025 - Amarapura/Mandalay Buildings Mapping,0,True,0,Myanmar Earthquake 2025 - Amarapura/Mandalay Buildings Mapping|100503_57366
OAM-402012-229467-19,fold_5,Myanmar,Myanmar Earthquake 2025 - Amarapura/Mandalay Buildings Mapping,0,True,0,Myanmar Earthquake 2025 - Amarapura/Mandalay Buildings Mapping|100503_57366
OAM-402012-229469-19,fold_5,Myanmar,Myanmar Earthquake 2025 - Amarapura/Mandalay Buildings Mapping,0,True,0,Myanmar Earthquake 2025 - Amarapura/Mandalay Buildings Mapping|100503_57367
OAM-402012-229471-19,fold_5,Myanmar,Myanmar Earthquake 2025 - Amarapura/Mandalay Buildings Mapping,0,True,0,Myanmar Earthquake 2025 - Amarapura/Mandalay Buildings Mapping|100503_57367
OAM-402012-229472-19,fold_4,Myanmar,Myanmar Earthquake 2025 - Amarapura/Mandalay Buildings Mapping,0,True,0,Myanmar Earthquake 2025 - Amarapura/Mandalay Buildings Mapping|100503_57368
OAM-402012-229484-19,fold_4,Myanmar,Myanmar Earthquake 2025 - Amarapura/Mandalay Buildings Mapping,0,True,0,Myanmar Earthquake 2025 - Amarapura/Mandalay Buildings Mapping|100503_57371
OAM-402012-229489-19,fold_4,Myanmar,Myanmar Earthquake 2025 - Amarapura/Mandalay Buildings Mapping,0,True,0,Myanmar Earthquake 2025 - Amarapura/Mandalay Buildings Mapping|100503_57372
OAM-402012-229506-19,fold_0,Myanmar,Myanmar Earthquake 2025 - Amarapura/Mandalay Buildings Mapping,0,True,0,Myanmar Earthquake 2025 - Amarapura/Mandalay Buildings Mapping|100503_57376
OAM-402012-229507-19,fold_0,Myanmar,Myanmar Earthquake 2025 - Amarapura/Mandalay Buildings Mapping,0,True,0,Myanmar Earthquake 2025 - Amarapura/Mandalay Buildings Mapping|100503_57376
OAM-402013-229395-19,fold_5,Myanmar,Myanmar Earthquake 2025 - Amarapura/Mandalay Buildings Mapping,0,True,0,Myanmar Earthquake 2025 - Amarapura/Mandalay Buildings Mapping|100503_57348
OAM-402013-229401-19,fold_2,Myanmar,Myanmar Earthquake 2025 - Amarapura/Mandalay Buildings Mapping,0,True,0,Myanmar Earthquake 2025 - Amarapura/Mandalay Buildings Mapping|100503_57350
OAM-402013-229402-19,fold_2,Myanmar,Myanmar Earthquake 2025 - Amarapura/Mandalay Buildings Mapping,0,True,0,Myanmar Earthquake 2025 - Amarapura/Mandalay Buildings Mapping|100503_57350
OAM-402013-229404-19,fold_4,Myanmar,Myanmar Earthquake 2025 - Amarapura/Mandalay Buildings Mapping,0,True,0,Myanmar Earthquake 2025 - Amarapura/Mandalay Buildings Mapping|100503_57351
OAM-402013-229405-19,fold_4,Myanmar,Myanmar Earthquake 2025 - Amarapura/Mandalay Buildings Mapping,0,True,0,Myanmar Earthquake 2025 - Amarapura/Mandalay Buildings Mapping|100503_57351
OAM-402013-229431-19,fold_4,Myanmar,Myanmar Earthquake 2025 - Amarapura/Mandalay Buildings Mapping,5,False,5,Myanmar Earthquake 2025 - Amarapura/Mandalay Buildings Mapping|100503_57357
OAM-402013-229441-19,fold_3,Myanmar,Myanmar Earthquake 2025 - Amarapura/Mandalay Buildings Mapping,21,False,21,Myanmar Earthquake 2025 - Amarapura/Mandalay Buildings Mapping|100503_57360
OAM-402013-229455-19,fold_2,Myanmar,Myanmar Earthquake 2025 - Amarapura/Mandalay Buildings Mapping,0,True,0,Myanmar Earthquake 2025 - Amarapura/Mandalay Buildings Mapping|100503_57363
OAM-402013-229463-19,fold_4,Myanmar,Myanmar Earthquake 2025 - Amarapura/Mandalay Buildings Mapping,0,True,0,Myanmar Earthquake 2025 - Amarapura/Mandalay Buildings Mapping|100503_57365
OAM-402013-229466-19,fold_5,Myanmar,Myanmar Earthquake 2025 - Amarapura/Mandalay Buildings Mapping,1,False,1,Myanmar Earthquake 2025 - Amarapura/Mandalay Buildings Mapping|100503_57366
OAM-402013-229476-19,fold_5,Myanmar,Myanmar Earthquake 2025 - Amarapura/Mandalay Buildings Mapping,0,True,0,Myanmar Earthquake 2025 - Amarapura/Mandalay Buildings Mapping|100503_57369
OAM-402013-229477-19,fold_5,Myanmar,Myanmar Earthquake 2025 - Amarapura/Mandalay Buildings Mapping,0,True,0,Myanmar Earthquake 2025 - Amarapura/Mandalay Buildings Mapping|100503_57369
OAM-402013-229499-19,fold_0,Myanmar,Myanmar Earthquake 2025 - Amarapura/Mandalay Buildings Mapping,0,True,0,Myanmar Earthquake 2025 - Amarapura/Mandalay Buildings Mapping|100503_57374
OAM-402013-229505-19,fold_0,Myanmar,Myanmar Earthquake 2025 - Amarapura/Mandalay Buildings Mapping,0,True,0,Myanmar Earthquake 2025 - Amarapura/Mandalay Buildings Mapping|100503_57376
OAM-402013-229506-19,fold_0,Myanmar,Myanmar Earthquake 2025 - Amarapura/Mandalay Buildings Mapping,0,True,0,Myanmar Earthquake 2025 - Amarapura/Mandalay Buildings Mapping|100503_57376
OAM-402013-229507-19,fold_0,Myanmar,Myanmar Earthquake 2025 - Amarapura/Mandalay Buildings Mapping,0,True,0,Myanmar Earthquake 2025 - Amarapura/Mandalay Buildings Mapping|100503_57376
OAM-402013-229508-19,fold_5,Myanmar,Myanmar Earthquake 2025 - Amarapura/Mandalay Buildings Mapping,0,True,0,Myanmar Earthquake 2025 - Amarapura/Mandalay Buildings Mapping|100503_57377
OAM-402014-229390-19,fold_6,Myanmar,Myanmar Earthquake 2025 - Amarapura/Mandalay Buildings Mapping,5,False,5,Myanmar Earthquake 2025 - Amarapura/Mandalay Buildings Mapping|100503_57347
OAM-402014-229403-19,fold_2,Myanmar,Myanmar Earthquake 2025 - Amarapura/Mandalay Buildings Mapping,0,True,0,Myanmar Earthquake 2025 - Amarapura/Mandalay Buildings Mapping|100503_57350
OAM-402014-229404-19,fold_4,Myanmar,Myanmar Earthquake 2025 - Amarapura/Mandalay Buildings Mapping,1,False,1,Myanmar Earthquake 2025 - Amarapura/Mandalay Buildings Mapping|100503_57351
OAM-402014-229405-19,fold_4,Myanmar,Myanmar Earthquake 2025 - Amarapura/Mandalay Buildings Mapping,0,True,0,Myanmar Earthquake 2025 - Amarapura/Mandalay Buildings Mapping|100503_57351
OAM-402014-229406-19,fold_4,Myanmar,Myanmar Earthquake 2025 - Amarapura/Mandalay Buildings Mapping,0,True,0,Myanmar Earthquake 2025 - Amarapura/Mandalay Buildings Mapping|100503_57351
OAM-402014-229407-19,fold_4,Myanmar,Myanmar Earthquake 2025 - Amarapura/Mandalay Buildings Mapping,0,True,0,Myanmar Earthquake 2025 - Amarapura/Mandalay Buildings Mapping|100503_57351
OAM-402014-229409-19,fold_0,Myanmar,Myanmar Earthquake 2025 - Amarapura/Mandalay Buildings Mapping,0,True,0,Myanmar Earthquake 2025 - Amarapura/Mandalay Buildings Mapping|100503_57352
OAM-402014-229410-19,fold_0,Myanmar,Myanmar Earthquake 2025 - Amarapura/Mandalay Buildings Mapping,0,True,0,Myanmar Earthquake 2025 - Amarapura/Mandalay Buildings Mapping|100503_57352
OAM-402014-229432-19,fold_1,Myanmar,Myanmar Earthquake 2025 - Amarapura/Mandalay Buildings Mapping,0,True,0,Myanmar Earthquake 2025 - Amarapura/Mandalay Buildings Mapping|100503_57358
OAM-402014-229435-19,fold_1,Myanmar,Myanmar Earthquake 2025 - Amarapura/Mandalay Buildings Mapping,0,True,0,Myanmar Earthquake 2025 - Amarapura/Mandalay Buildings Mapping|100503_57358
OAM-402014-229456-19,fold_6,Myanmar,Myanmar Earthquake 2025 - Amarapura/Mandalay Buildings Mapping,0,True,0,Myanmar Earthquake 2025 - Amarapura/Mandalay Buildings Mapping|100503_57364
OAM-402014-229469-19,fold_5,Myanmar,Myanmar Earthquake 2025 - Amarapura/Mandalay Buildings Mapping,0,True,0,Myanmar Earthquake 2025 - Amarapura/Mandalay Buildings Mapping|100503_57367
OAM-402014-229476-19,fold_5,Myanmar,Myanmar Earthquake 2025 - Amarapura/Mandalay Buildings Mapping,0,True,0,Myanmar Earthquake 2025 - Amarapura/Mandalay Buildings Mapping|100503_57369
OAM-402014-229503-19,fold_3,Myanmar,Myanmar Earthquake 2025 - Amarapura/Mandalay Buildings Mapping,0,True,0,Myanmar Earthquake 2025 - Amarapura/Mandalay Buildings Mapping|100503_57375
OAM-402014-229504-19,fold_0,Myanmar,Myanmar Earthquake 2025 - Amarapura/Mandalay Buildings Mapping,0,True,0,Myanmar Earthquake 2025 - Amarapura/Mandalay Buildings Mapping|100503_57376
OAM-402014-229509-19,fold_5,Myanmar,Myanmar Earthquake 2025 - Amarapura/Mandalay Buildings Mapping,0,True,0,Myanmar Earthquake 2025 - Amarapura/Mandalay Buildings Mapping|100503_57377
OAM-402015-229405-19,fold_4,Myanmar,Myanmar Earthquake 2025 - Amarapura/Mandalay Buildings Mapping,0,True,0,Myanmar Earthquake 2025 - Amarapura/Mandalay Buildings Mapping|100503_57351
OAM-402015-229406-19,fold_4,Myanmar,Myanmar Earthquake 2025 - Amarapura/Mandalay Buildings Mapping,0,True,0,Myanmar Earthquake 2025 - Amarapura/Mandalay Buildings Mapping|100503_57351
OAM-402015-229423-19,fold_1,Myanmar,Myanmar Earthquake 2025 - Amarapura/Mandalay Buildings Mapping,6,False,6,Myanmar Earthquake 2025 - Amarapura/Mandalay Buildings Mapping|100503_57355
OAM-402015-229430-19,fold_4,Myanmar,Myanmar Earthquake 2025 - Amarapura/Mandalay Buildings Mapping,0,True,0,Myanmar Earthquake 2025 - Amarapura/Mandalay Buildings Mapping|100503_57357
OAM-402015-229432-19,fold_1,Myanmar,Myanmar Earthquake 2025 - Amarapura/Mandalay Buildings Mapping,0,True,0,Myanmar Earthquake 2025 - Amarapura/Mandalay Buildings Mapping|100503_57358
OAM-402015-229433-19,fold_1,Myanmar,Myanmar Earthquake 2025 - Amarapura/Mandalay Buildings Mapping,0,True,0,Myanmar Earthquake 2025 - Amarapura/Mandalay Buildings Mapping|100503_57358
OAM-402015-229451-19,fold_5,Myanmar,Myanmar Earthquake 2025 - Amarapura/Mandalay Buildings Mapping,70,False,70,Myanmar Earthquake 2025 - Amarapura/Mandalay Buildings Mapping|100503_57362
OAM-402015-229452-19,fold_2,Myanmar,Myanmar Earthquake 2025 - Amarapura/Mandalay Buildings Mapping,28,False,28,Myanmar Earthquake 2025 - Amarapura/Mandalay Buildings Mapping|100503_57363
OAM-402015-229454-19,fold_2,Myanmar,Myanmar Earthquake 2025 - Amarapura/Mandalay Buildings Mapping,0,True,0,Myanmar Earthquake 2025 - Amarapura/Mandalay Buildings Mapping|100503_57363
OAM-402015-229464-19,fold_5,Myanmar,Myanmar Earthquake 2025 - Amarapura/Mandalay Buildings Mapping,0,True,0,Myanmar Earthquake 2025 - Amarapura/Mandalay Buildings Mapping|100503_57366
OAM-402015-229466-19,fold_5,Myanmar,Myanmar Earthquake 2025 - Amarapura/Mandalay Buildings Mapping,0,True,0,Myanmar Earthquake 2025 - Amarapura/Mandalay Buildings Mapping|100503_57366
OAM-402015-229467-19,fold_5,Myanmar,Myanmar Earthquake 2025 - Amarapura/Mandalay Buildings Mapping,0,True,0,Myanmar Earthquake 2025 - Amarapura/Mandalay Buildings Mapping|100503_57366
OAM-402015-229468-19,fold_5,Myanmar,Myanmar Earthquake 2025 - Amarapura/Mandalay Buildings Mapping,0,True,0,Myanmar Earthquake 2025 - Amarapura/Mandalay Buildings Mapping|100503_57367
OAM-402015-229469-19,fold_5,Myanmar,Myanmar Earthquake 2025 - Amarapura/Mandalay Buildings Mapping,0,True,0,Myanmar Earthquake 2025 - Amarapura/Mandalay Buildings Mapping|100503_57367
OAM-402015-229475-19,fold_4,Myanmar,Myanmar Earthquake 2025 - Amarapura/Mandalay Buildings Mapping,0,True,0,Myanmar Earthquake 2025 - Amarapura/Mandalay Buildings Mapping|100503_57368
OAM-402015-229477-19,fold_5,Myanmar,Myanmar Earthquake 2025 - Amarapura/Mandalay Buildings Mapping,0,True,0,Myanmar Earthquake 2025 - Amarapura/Mandalay Buildings Mapping|100503_57369
OAM-402015-229503-19,fold_3,Myanmar,Myanmar Earthquake 2025 - Amarapura/Mandalay Buildings Mapping,0,True,0,Myanmar Earthquake 2025 - Amarapura/Mandalay Buildings Mapping|100503_57375
OAM-402015-229508-19,fold_5,Myanmar,Myanmar Earthquake 2025 - Amarapura/Mandalay Buildings Mapping,0,True,0,Myanmar Earthquake 2025 - Amarapura/Mandalay Buildings Mapping|100503_57377
OAM-402015-229509-19,fold_5,Myanmar,Myanmar Earthquake 2025 - Amarapura/Mandalay Buildings Mapping,0,True,0,Myanmar Earthquake 2025 - Amarapura/Mandalay Buildings Mapping|100503_57377
OAM-402016-229387-19,fold_1,Myanmar,Myanmar Earthquake 2025 - Amarapura/Mandalay Buildings Mapping,8,False,8,Myanmar Earthquake 2025 - Amarapura/Mandalay Buildings Mapping|100504_57346
OAM-402016-229398-19,fold_1,Myanmar,Myanmar Earthquake 2025 - Amarapura/Mandalay Buildings Mapping,1,False,1,Myanmar Earthquake 2025 - Amarapura/Mandalay Buildings Mapping|100504_57349
OAM-402016-229402-19,fold_0,Myanmar,Myanmar Earthquake 2025 - Amarapura/Mandalay Buildings Mapping,0,True,0,Myanmar Earthquake 2025 - Amarapura/Mandalay Buildings Mapping|100504_57350
OAM-402016-229404-19,fold_6,Myanmar,Myanmar Earthquake 2025 - Amarapura/Mandalay Buildings Mapping,0,True,0,Myanmar Earthquake 2025 - Amarapura/Mandalay Buildings Mapping|100504_57351
OAM-402016-229406-19,fold_6,Myanmar,Myanmar Earthquake 2025 - Amarapura/Mandalay Buildings Mapping,0,True,0,Myanmar Earthquake 2025 - Amarapura/Mandalay Buildings Mapping|100504_57351
OAM-402016-229407-19,fold_6,Myanmar,Myanmar Earthquake 2025 - Amarapura/Mandalay Buildings Mapping,0,True,0,Myanmar Earthquake 2025 - Amarapura/Mandalay Buildings Mapping|100504_57351
OAM-402016-229414-19,fold_4,Myanmar,Myanmar Earthquake 2025 - Amarapura/Mandalay Buildings Mapping,0,True,0,Myanmar Earthquake 2025 - Amarapura/Mandalay Buildings Mapping|100504_57353
OAM-402016-229433-19,fold_1,Myanmar,Myanmar Earthquake 2025 - Amarapura/Mandalay Buildings Mapping,0,True,0,Myanmar Earthquake 2025 - Amarapura/Mandalay Buildings Mapping|100504_57358
OAM-402016-229447-19,fold_0,Myanmar,Myanmar Earthquake 2025 - Amarapura/Mandalay Buildings Mapping,49,False,49,Myanmar Earthquake 2025 - Amarapura/Mandalay Buildings Mapping|100504_57361
OAM-402016-229451-19,fold_6,Myanmar,Myanmar Earthquake 2025 - Amarapura/Mandalay Buildings Mapping,53,False,53,Myanmar Earthquake 2025 - Amarapura/Mandalay Buildings Mapping|100504_57362
OAM-402016-229454-19,fold_4,Myanmar,Myanmar Earthquake 2025 - Amarapura/Mandalay Buildings Mapping,0,True,0,Myanmar Earthquake 2025 - Amarapura/Mandalay Buildings Mapping|100504_57363
OAM-402016-229460-19,fold_0,Myanmar,Myanmar Earthquake 2025 - Amarapura/Mandalay Buildings Mapping,0,True,0,Myanmar Earthquake 2025 - Amarapura/Mandalay Buildings Mapping|100504_57365
OAM-402016-229461-19,fold_0,Myanmar,Myanmar Earthquake 2025 - Amarapura/Mandalay Buildings Mapping,0,True,0,Myanmar Earthquake 2025 - Amarapura/Mandalay Buildings Mapping|100504_57365
OAM-402016-229463-19,fold_0,Myanmar,Myanmar Earthquake 2025 - Amarapura/Mandalay Buildings Mapping,0,True,0,Myanmar Earthquake 2025 - Amarapura/Mandalay Buildings Mapping|100504_57365
OAM-402016-229466-19,fold_5,Myanmar,Myanmar Earthquake 2025 - Amarapura/Mandalay Buildings Mapping,0,True,0,Myanmar Earthquake 2025 - Amarapura/Mandalay Buildings Mapping|100504_57366
OAM-402016-229470-19,fold_2,Myanmar,Myanmar Earthquake 2025 - Amarapura/Mandalay Buildings Mapping,0,True,0,Myanmar Earthquake 2025 - Amarapura/Mandalay Buildings Mapping|100504_57367
OAM-402016-229492-19,fold_0,Myanmar,Myanmar Earthquake 2025 - Amarapura/Mandalay Buildings Mapping,0,True,0,Myanmar Earthquake 2025 - Amarapura/Mandalay Buildings Mapping|100504_57373
OAM-402016-229501-19,fold_0,Myanmar,Myanmar Earthquake 2025 - Amarapura/Mandalay Buildings Mapping,0,True,0,Myanmar Earthquake 2025 - Amarapura/Mandalay Buildings Mapping|100504_57375
OAM-402016-229502-19,fold_0,Myanmar,Myanmar Earthquake 2025 - Amarapura/Mandalay Buildings Mapping,0,True,0,Myanmar Earthquake 2025 - Amarapura/Mandalay Buildings Mapping|100504_57375
OAM-402017-229400-19,fold_0,Myanmar,Myanmar Earthquake 2025 - Amarapura/Mandalay Buildings Mapping,0,True,0,Myanmar Earthquake 2025 - Amarapura/Mandalay Buildings Mapping|100504_57350
OAM-402017-229403-19,fold_0,Myanmar,Myanmar Earthquake 2025 - Amarapura/Mandalay Buildings Mapping,0,True,0,Myanmar Earthquake 2025 - Amarapura/Mandalay Buildings Mapping|100504_57350
OAM-402017-229406-19,fold_6,Myanmar,Myanmar Earthquake 2025 - Amarapura/Mandalay Buildings Mapping,0,True,0,Myanmar Earthquake 2025 - Amarapura/Mandalay Buildings Mapping|100504_57351
OAM-402017-229408-19,fold_2,Myanmar,Myanmar Earthquake 2025 - Amarapura/Mandalay Buildings Mapping,0,True,0,Myanmar Earthquake 2025 - Amarapura/Mandalay Buildings Mapping|100504_57352
OAM-402017-229411-19,fold_2,Myanmar,Myanmar Earthquake 2025 - Amarapura/Mandalay Buildings Mapping,0,True,0,Myanmar Earthquake 2025 - Amarapura/Mandalay Buildings Mapping|100504_57352
OAM-402017-229412-19,fold_4,Myanmar,Myanmar Earthquake 2025 - Amarapura/Mandalay Buildings Mapping,0,True,0,Myanmar Earthquake 2025 - Amarapura/Mandalay Buildings Mapping|100504_57353
OAM-402017-229457-19,fold_1,Myanmar,Myanmar Earthquake 2025 - Amarapura/Mandalay Buildings Mapping,0,True,0,Myanmar Earthquake 2025 - Amarapura/Mandalay Buildings Mapping|100504_57364
OAM-402017-229459-19,fold_1,Myanmar,Myanmar Earthquake 2025 - Amarapura/Mandalay Buildings Mapping,0,True,0,Myanmar Earthquake 2025 - Amarapura/Mandalay Buildings Mapping|100504_57364
OAM-402017-229462-19,fold_0,Myanmar,Myanmar Earthquake 2025 - Amarapura/Mandalay Buildings Mapping,0,True,0,Myanmar Earthquake 2025 - Amarapura/Mandalay Buildings Mapping|100504_57365
OAM-402017-229463-19,fold_0,Myanmar,Myanmar Earthquake 2025 - Amarapura/Mandalay Buildings Mapping,0,True,0,Myanmar Earthquake 2025 - Amarapura/Mandalay Buildings Mapping|100504_57365
OAM-402017-229464-19,fold_5,Myanmar,Myanmar Earthquake 2025 - Amarapura/Mandalay Buildings Mapping,0,True,0,Myanmar Earthquake 2025 - Amarapura/Mandalay Buildings Mapping|100504_57366
OAM-402017-229469-19,fold_2,Myanmar,Myanmar Earthquake 2025 - Amarapura/Mandalay Buildings Mapping,0,True,0,Myanmar Earthquake 2025 - Amarapura/Mandalay Buildings Mapping|100504_57367
OAM-402017-229473-19,fold_3,Myanmar,Myanmar Earthquake 2025 - Amarapura/Mandalay Buildings Mapping,0,True,0,Myanmar Earthquake 2025 - Amarapura/Mandalay Buildings Mapping|100504_57368
OAM-402017-229482-19,fold_2,Myanmar,Myanmar Earthquake 2025 - Amarapura/Mandalay Buildings Mapping,0,True,0,Myanmar Earthquake 2025 - Amarapura/Mandalay Buildings Mapping|100504_57370
OAM-402017-229484-19,fold_3,Myanmar,Myanmar Earthquake 2025 - Amarapura/Mandalay Buildings Mapping,0,True,0,Myanmar Earthquake 2025 - Amarapura/Mandalay Buildings Mapping|100504_57371
OAM-402017-229485-19,fold_3,Myanmar,Myanmar Earthquake 2025 - Amarapura/Mandalay Buildings Mapping,0,True,0,Myanmar Earthquake 2025 - Amarapura/Mandalay Buildings Mapping|100504_57371
OAM-402017-229486-19,fold_3,Myanmar,Myanmar Earthquake 2025 - Amarapura/Mandalay Buildings Mapping,0,True,0,Myanmar Earthquake 2025 - Amarapura/Mandalay Buildings Mapping|100504_57371
OAM-402017-229487-19,fold_3,Myanmar,Myanmar Earthquake 2025 - Amarapura/Mandalay Buildings Mapping,0,True,0,Myanmar Earthquake 2025 - Amarapura/Mandalay Buildings Mapping|100504_57371
OAM-402017-229493-19,fold_0,Myanmar,Myanmar Earthquake 2025 - Amarapura/Mandalay Buildings Mapping,0,True,0,Myanmar Earthquake 2025 - Amarapura/Mandalay Buildings Mapping|100504_57373
OAM-402017-229498-19,fold_3,Myanmar,Myanmar Earthquake 2025 - Amarapura/Mandalay Buildings Mapping,0,True,0,Myanmar Earthquake 2025 - Amarapura/Mandalay Buildings Mapping|100504_57374
OAM-402017-229502-19,fold_0,Myanmar,Myanmar Earthquake 2025 - Amarapura/Mandalay Buildings Mapping,0,True,0,Myanmar Earthquake 2025 - Amarapura/Mandalay Buildings Mapping|100504_57375
OAM-402017-229503-19,fold_0,Myanmar,Myanmar Earthquake 2025 - Amarapura/Mandalay Buildings Mapping,0,True,0,Myanmar Earthquake 2025 - Amarapura/Mandalay Buildings Mapping|100504_57375
OAM-402017-229506-19,fold_3,Myanmar,Myanmar Earthquake 2025 - Amarapura/Mandalay Buildings Mapping,0,True,0,Myanmar Earthquake 2025 - Amarapura/Mandalay Buildings Mapping|100504_57376
OAM-402018-229378-19,fold_1,Myanmar,Myanmar Earthquake 2025 - Mandalay City Buildings Mapping,0,True,0,Myanmar Earthquake 2025 - Mandalay City Buildings Mapping|100504_57344
OAM-402018-229379-19,fold_1,Myanmar,Myanmar Earthquake 2025 - Mandalay City Buildings Mapping,0,True,0,Myanmar Earthquake 2025 - Mandalay City Buildings Mapping|100504_57344
OAM-402018-229397-19,fold_1,Myanmar,Myanmar Earthquake 2025 - Amarapura/Mandalay Buildings Mapping,4,False,4,Myanmar Earthquake 2025 - Amarapura/Mandalay Buildings Mapping|100504_57349
OAM-402018-229402-19,fold_0,Myanmar,Myanmar Earthquake 2025 - Amarapura/Mandalay Buildings Mapping,0,True,0,Myanmar Earthquake 2025 - Amarapura/Mandalay Buildings Mapping|100504_57350
OAM-402018-229403-19,fold_0,Myanmar,Myanmar Earthquake 2025 - Amarapura/Mandalay Buildings Mapping,0,True,0,Myanmar Earthquake 2025 - Amarapura/Mandalay Buildings Mapping|100504_57350
OAM-402018-229405-19,fold_6,Myanmar,Myanmar Earthquake 2025 - Amarapura/Mandalay Buildings Mapping,0,True,0,Myanmar Earthquake 2025 - Amarapura/Mandalay Buildings Mapping|100504_57351
OAM-402018-229408-19,fold_2,Myanmar,Myanmar Earthquake 2025 - Amarapura/Mandalay Buildings Mapping,0,True,0,Myanmar Earthquake 2025 - Amarapura/Mandalay Buildings Mapping|100504_57352
OAM-402018-229409-19,fold_2,Myanmar,Myanmar Earthquake 2025 - Amarapura/Mandalay Buildings Mapping,0,True,0,Myanmar Earthquake 2025 - Amarapura/Mandalay Buildings Mapping|100504_57352
OAM-402018-229428-19,fold_6,Myanmar,Myanmar Earthquake 2025 - Amarapura/Mandalay Buildings Mapping,1,False,1,Myanmar Earthquake 2025 - Amarapura/Mandalay Buildings Mapping|100504_57357
OAM-402018-229448-19,fold_6,Myanmar,Myanmar Earthquake 2025 - Amarapura/Mandalay Buildings Mapping,50,False,50,Myanmar Earthquake 2025 - Amarapura/Mandalay Buildings Mapping|100504_57362
OAM-402018-229450-19,fold_6,Myanmar,Myanmar Earthquake 2025 - Amarapura/Mandalay Buildings Mapping,81,False,81,Myanmar Earthquake 2025 - Amarapura/Mandalay Buildings Mapping|100504_57362
OAM-402018-229458-19,fold_1,Myanmar,Myanmar Earthquake 2025 - Amarapura/Mandalay Buildings Mapping,0,True,0,Myanmar Earthquake 2025 - Amarapura/Mandalay Buildings Mapping|100504_57364
OAM-402018-229470-19,fold_2,Myanmar,Myanmar Earthquake 2025 - Amarapura/Mandalay Buildings Mapping,0,True,0,Myanmar Earthquake 2025 - Amarapura/Mandalay Buildings Mapping|100504_57367
OAM-402018-229478-19,fold_5,Myanmar,Myanmar Earthquake 2025 - Amarapura/Mandalay Buildings Mapping,0,True,0,Myanmar Earthquake 2025 - Amarapura/Mandalay Buildings Mapping|100504_57369
OAM-402018-229490-19,fold_0,Myanmar,Myanmar Earthquake 2025 - Amarapura/Mandalay Buildings Mapping,0,True,0,Myanmar Earthquake 2025 - Amarapura/Mandalay Buildings Mapping|100504_57372
OAM-402018-229491-19,fold_0,Myanmar,Myanmar Earthquake 2025 - Amarapura/Mandalay Buildings Mapping,0,True,0,Myanmar Earthquake 2025 - Amarapura/Mandalay Buildings Mapping|100504_57372
OAM-402018-229493-19,fold_0,Myanmar,Myanmar Earthquake 2025 - Amarapura/Mandalay Buildings Mapping,0,True,0,Myanmar Earthquake 2025 - Amarapura/Mandalay Buildings Mapping|100504_57373
OAM-402018-229503-19,fold_0,Myanmar,Myanmar Earthquake 2025 - Amarapura/Mandalay Buildings Mapping,0,True,0,Myanmar Earthquake 2025 - Amarapura/Mandalay Buildings Mapping|100504_57375
OAM-402018-229504-19,fold_3,Myanmar,Myanmar Earthquake 2025 - Amarapura/Mandalay Buildings Mapping,0,True,0,Myanmar Earthquake 2025 - Amarapura/Mandalay Buildings Mapping|100504_57376
OAM-402019-229397-19,fold_1,Myanmar,Myanmar Earthquake 2025 - Amarapura/Mandalay Buildings Mapping,0,True,0,Myanmar Earthquake 2025 - Amarapura/Mandalay Buildings Mapping|100504_57349
OAM-402019-229402-19,fold_0,Myanmar,Myanmar Earthquake 2025 - Amarapura/Mandalay Buildings Mapping,0,True,0,Myanmar Earthquake 2025 - Amarapura/Mandalay Buildings Mapping|100504_57350
OAM-402019-229405-19,fold_6,Myanmar,Myanmar Earthquake 2025 - Amarapura/Mandalay Buildings Mapping,0,True,0,Myanmar Earthquake 2025 - Amarapura/Mandalay Buildings Mapping|100504_57351
OAM-402019-229410-19,fold_2,Myanmar,Myanmar Earthquake 2025 - Amarapura/Mandalay Buildings Mapping,0,True,0,Myanmar Earthquake 2025 - Amarapura/Mandalay Buildings Mapping|100504_57352
OAM-402019-229414-19,fold_4,Myanmar,Myanmar Earthquake 2025 - Amarapura/Mandalay Buildings Mapping,0,True,0,Myanmar Earthquake 2025 - Amarapura/Mandalay Buildings Mapping|100504_57353
OAM-402019-229447-19,fold_0,Myanmar,Myanmar Earthquake 2025 - Amarapura/Mandalay Buildings Mapping,50,False,50,Myanmar Earthquake 2025 - Amarapura/Mandalay Buildings Mapping|100504_57361
OAM-402019-229449-19,fold_6,Myanmar,Myanmar Earthquake 2025 - Amarapura/Mandalay Buildings Mapping,46,False,46,Myanmar Earthquake 2025 - Amarapura/Mandalay Buildings Mapping|100504_57362
OAM-402019-229458-19,fold_1,Myanmar,Myanmar Earthquake 2025 - Amarapura/Mandalay Buildings Mapping,0,True,0,Myanmar Earthquake 2025 - Amarapura/Mandalay Buildings Mapping|100504_57364
OAM-402019-229459-19,fold_1,Myanmar,Myanmar Earthquake 2025 - Amarapura/Mandalay Buildings Mapping,0,True,0,Myanmar Earthquake 2025 - Amarapura/Mandalay Buildings Mapping|100504_57364
OAM-402019-229461-19,fold_0,Myanmar,Myanmar Earthquake 2025 - Amarapura/Mandalay Buildings Mapping,0,True,0,Myanmar Earthquake 2025 - Amarapura/Mandalay Buildings Mapping|100504_57365
OAM-402019-229463-19,fold_0,Myanmar,Myanmar Earthquake 2025 - Amarapura/Mandalay Buildings Mapping,0,True,0,Myanmar Earthquake 2025 - Amarapura/Mandalay Buildings Mapping|100504_57365
OAM-402019-229467-19,fold_5,Myanmar,Myanmar Earthquake 2025 - Amarapura/Mandalay Buildings Mapping,0,True,0,Myanmar Earthquake 2025 - Amarapura/Mandalay Buildings Mapping|100504_57366
OAM-402019-229470-19,fold_2,Myanmar,Myanmar Earthquake 2025 - Amarapura/Mandalay Buildings Mapping,0,True,0,Myanmar Earthquake 2025 - Amarapura/Mandalay Buildings Mapping|100504_57367
OAM-402019-229477-19,fold_5,Myanmar,Myanmar Earthquake 2025 - Amarapura/Mandalay Buildings Mapping,0,True,0,Myanmar Earthquake 2025 - Amarapura/Mandalay Buildings Mapping|100504_57369
OAM-402019-229484-19,fold_3,Myanmar,Myanmar Earthquake 2025 - Amarapura/Mandalay Buildings Mapping,0,True,0,Myanmar Earthquake 2025 - Amarapura/Mandalay Buildings Mapping|100504_57371
OAM-402019-229488-19,fold_0,Myanmar,Myanmar Earthquake 2025 - Amarapura/Mandalay Buildings Mapping,0,True,0,Myanmar Earthquake 2025 - Amarapura/Mandalay Buildings Mapping|100504_57372
OAM-402019-229491-19,fold_0,Myanmar,Myanmar Earthquake 2025 - Amarapura/Mandalay Buildings Mapping,0,True,0,Myanmar Earthquake 2025 - Amarapura/Mandalay Buildings Mapping|100504_57372
OAM-402019-229492-19,fold_0,Myanmar,Myanmar Earthquake 2025 - Amarapura/Mandalay Buildings Mapping,0,True,0,Myanmar Earthquake 2025 - Amarapura/Mandalay Buildings Mapping|100504_57373
OAM-402019-229493-19,fold_0,Myanmar,Myanmar Earthquake 2025 - Amarapura/Mandalay Buildings Mapping,0,True,0,Myanmar Earthquake 2025 - Amarapura/Mandalay Buildings Mapping|100504_57373
OAM-402020-229351-19,fold_4,Myanmar,Myanmar Earthquake 2025 - Mandalay City Buildings Mapping,0,True,0,Myanmar Earthquake 2025 - Mandalay City Buildings Mapping|100505_57337
OAM-402020-229379-19,fold_0,Myanmar,Myanmar Earthquake 2025 - Mandalay City Buildings Mapping,0,True,0,Myanmar Earthquake 2025 - Mandalay City Buildings Mapping|100505_57344
OAM-402020-229386-19,fold_2,Myanmar,Myanmar Earthquake 2025 - Amarapura/Mandalay Buildings Mapping,2,False,2,Myanmar Earthquake 2025 - Amarapura/Mandalay Buildings Mapping|100505_57346
OAM-402020-229397-19,fold_1,Myanmar,Myanmar Earthquake 2025 - Amarapura/Mandalay Buildings Mapping,0,True,0,Myanmar Earthquake 2025 - Amarapura/Mandalay Buildings Mapping|100505_57349
OAM-402020-229402-19,fold_4,Myanmar,Myanmar Earthquake 2025 - Amarapura/Mandalay Buildings Mapping,0,True,0,Myanmar Earthquake 2025 - Amarapura/Mandalay Buildings Mapping|100505_57350
OAM-402020-229408-19,fold_2,Myanmar,Myanmar Earthquake 2025 - Amarapura/Mandalay Buildings Mapping,0,True,0,Myanmar Earthquake 2025 - Amarapura/Mandalay Buildings Mapping|100505_57352
OAM-402020-229409-19,fold_2,Myanmar,Myanmar Earthquake 2025 - Amarapura/Mandalay Buildings Mapping,0,True,0,Myanmar Earthquake 2025 - Amarapura/Mandalay Buildings Mapping|100505_57352
OAM-402020-229435-19,fold_5,Myanmar,Myanmar Earthquake 2025 - Amarapura/Mandalay Buildings Mapping,51,False,51,Myanmar Earthquake 2025 - Amarapura/Mandalay Buildings Mapping|100505_57358
OAM-402020-229450-19,fold_5,Myanmar,Myanmar Earthquake 2025 - Amarapura/Mandalay Buildings Mapping,51,False,51,Myanmar Earthquake 2025 - Amarapura/Mandalay Buildings Mapping|100505_57362
OAM-402020-229457-19,fold_1,Myanmar,Myanmar Earthquake 2025 - Amarapura/Mandalay Buildings Mapping,0,True,0,Myanmar Earthquake 2025 - Amarapura/Mandalay Buildings Mapping|100505_57364
OAM-402020-229462-19,fold_1,Myanmar,Myanmar Earthquake 2025 - Amarapura/Mandalay Buildings Mapping,0,True,0,Myanmar Earthquake 2025 - Amarapura/Mandalay Buildings Mapping|100505_57365
OAM-402020-229464-19,fold_5,Myanmar,Myanmar Earthquake 2025 - Amarapura/Mandalay Buildings Mapping,0,True,0,Myanmar Earthquake 2025 - Amarapura/Mandalay Buildings Mapping|100505_57366
OAM-402020-229465-19,fold_5,Myanmar,Myanmar Earthquake 2025 - Amarapura/Mandalay Buildings Mapping,0,True,0,Myanmar Earthquake 2025 - Amarapura/Mandalay Buildings Mapping|100505_57366
OAM-402020-229470-19,fold_4,Myanmar,Myanmar Earthquake 2025 - Amarapura/Mandalay Buildings Mapping,0,True,0,Myanmar Earthquake 2025 - Amarapura/Mandalay Buildings Mapping|100505_57367
OAM-402020-229479-19,fold_0,Myanmar,Myanmar Earthquake 2025 - Amarapura/Mandalay Buildings Mapping,0,True,0,Myanmar Earthquake 2025 - Amarapura/Mandalay Buildings Mapping|100505_57369
OAM-402020-229487-19,fold_2,Myanmar,Myanmar Earthquake 2025 - Amarapura/Mandalay Buildings Mapping,0,True,0,Myanmar Earthquake 2025 - Amarapura/Mandalay Buildings Mapping|100505_57371
OAM-402020-229496-19,fold_5,Myanmar,Myanmar Earthquake 2025 - Amarapura/Mandalay Buildings Mapping,0,True,0,Myanmar Earthquake 2025 - Amarapura/Mandalay Buildings Mapping|100505_57374
OAM-402020-229500-19,fold_0,Myanmar,Myanmar Earthquake 2025 - Amarapura/Mandalay Buildings Mapping,0,True,0,Myanmar Earthquake 2025 - Amarapura/Mandalay Buildings Mapping|100505_57375
OAM-402020-229505-19,fold_6,Myanmar,Myanmar Earthquake 2025 - Amarapura/Mandalay Buildings Mapping,0,True,0,Myanmar Earthquake 2025 - Amarapura/Mandalay Buildings Mapping|100505_57376
OAM-402020-229507-19,fold_6,Myanmar,Myanmar Earthquake 2025 - Amarapura/Mandalay Buildings Mapping,0,True,0,Myanmar Earthquake 2025 - Amarapura/Mandalay Buildings Mapping|100505_57376
OAM-402021-229348-19,fold_4,Myanmar,Myanmar Earthquake 2025 - Mandalay City Buildings Mapping,0,True,0,Myanmar Earthquake 2025 - Mandalay City Buildings Mapping|100505_57337
OAM-402021-229350-19,fold_4,Myanmar,Myanmar Earthquake 2025 - Mandalay City Buildings Mapping,0,True,0,Myanmar Earthquake 2025 - Mandalay City Buildings Mapping|100505_57337
OAM-402021-229378-19,fold_0,Myanmar,Myanmar Earthquake 2025 - Mandalay City Buildings Mapping,0,True,0,Myanmar Earthquake 2025 - Mandalay City Buildings Mapping|100505_57344
OAM-402021-229400-19,fold_4,Myanmar,Myanmar Earthquake 2025 - Amarapura/Mandalay Buildings Mapping,0,True,0,Myanmar Earthquake 2025 - Amarapura/Mandalay Buildings Mapping|100505_57350
OAM-402021-229401-19,fold_4,Myanmar,Myanmar Earthquake 2025 - Amarapura/Mandalay Buildings Mapping,0,True,0,Myanmar Earthquake 2025 - Amarapura/Mandalay Buildings Mapping|100505_57350
OAM-402021-229402-19,fold_4,Myanmar,Myanmar Earthquake 2025 - Amarapura/Mandalay Buildings Mapping,0,True,0,Myanmar Earthquake 2025 - Amarapura/Mandalay Buildings Mapping|100505_57350
OAM-402021-229404-19,fold_3,Myanmar,Myanmar Earthquake 2025 - Amarapura/Mandalay Buildings Mapping,0,True,0,Myanmar Earthquake 2025 - Amarapura/Mandalay Buildings Mapping|100505_57351
OAM-402021-229407-19,fold_3,Myanmar,Myanmar Earthquake 2025 - Amarapura/Mandalay Buildings Mapping,0,True,0,Myanmar Earthquake 2025 - Amarapura/Mandalay Buildings Mapping|100505_57351
OAM-402021-229429-19,fold_6,Myanmar,Myanmar Earthquake 2025 - Amarapura/Mandalay Buildings Mapping,49,False,49,Myanmar Earthquake 2025 - Amarapura/Mandalay Buildings Mapping|100505_57357
OAM-402021-229444-19,fold_2,Myanmar,Myanmar Earthquake 2025 - Amarapura/Mandalay Buildings Mapping,51,False,51,Myanmar Earthquake 2025 - Amarapura/Mandalay Buildings Mapping|100505_57361
OAM-402021-229454-19,fold_1,Myanmar,Myanmar Earthquake 2025 - Amarapura/Mandalay Buildings Mapping,0,True,0,Myanmar Earthquake 2025 - Amarapura/Mandalay Buildings Mapping|100505_57363
OAM-402021-229458-19,fold_1,Myanmar,Myanmar Earthquake 2025 - Amarapura/Mandalay Buildings Mapping,0,True,0,Myanmar Earthquake 2025 - Amarapura/Mandalay Buildings Mapping|100505_57364
OAM-402021-229465-19,fold_5,Myanmar,Myanmar Earthquake 2025 - Amarapura/Mandalay Buildings Mapping,0,True,0,Myanmar Earthquake 2025 - Amarapura/Mandalay Buildings Mapping|100505_57366
OAM-402021-229478-19,fold_0,Myanmar,Myanmar Earthquake 2025 - Amarapura/Mandalay Buildings Mapping,0,True,0,Myanmar Earthquake 2025 - Amarapura/Mandalay Buildings Mapping|100505_57369
OAM-402021-229489-19,fold_3,Myanmar,Myanmar Earthquake 2025 - Amarapura/Mandalay Buildings Mapping,0,True,0,Myanmar Earthquake 2025 - Amarapura/Mandalay Buildings Mapping|100505_57372
OAM-402021-229490-19,fold_3,Myanmar,Myanmar Earthquake 2025 - Amarapura/Mandalay Buildings Mapping,0,True,0,Myanmar Earthquake 2025 - Amarapura/Mandalay Buildings Mapping|100505_57372
OAM-402021-229498-19,fold_5,Myanmar,Myanmar Earthquake 2025 - Amarapura/Mandalay Buildings Mapping,0,True,0,Myanmar Earthquake 2025 - Amarapura/Mandalay Buildings Mapping|100505_57374
OAM-402022-229399-19,fold_1,Myanmar,Myanmar Earthquake 2025 - Amarapura/Mandalay Buildings Mapping,0,True,0,Myanmar Earthquake 2025 - Amarapura/Mandalay Buildings Mapping|100505_57349
OAM-402022-229407-19,fold_3,Myanmar,Myanmar Earthquake 2025 - Amarapura/Mandalay Buildings Mapping,0,True,0,Myanmar Earthquake 2025 - Amarapura/Mandalay Buildings Mapping|100505_57351
OAM-402022-229408-19,fold_2,Myanmar,Myanmar Earthquake 2025 - Amarapura/Mandalay Buildings Mapping,0,True,0,Myanmar Earthquake 2025 - Amarapura/Mandalay Buildings Mapping|100505_57352
OAM-402022-229411-19,fold_2,Myanmar,Myanmar Earthquake 2025 - Amarapura/Mandalay Buildings Mapping,0,True,0,Myanmar Earthquake 2025 - Amarapura/Mandalay Buildings Mapping|100505_57352
OAM-402022-229432-19,fold_5,Myanmar,Myanmar Earthquake 2025 - Amarapura/Mandalay Buildings Mapping,51,False,51,Myanmar Earthquake 2025 - Amarapura/Mandalay Buildings Mapping|100505_57358
OAM-402022-229460-19,fold_1,Myanmar,Myanmar Earthquake 2025 - Amarapura/Mandalay Buildings Mapping,0,True,0,Myanmar Earthquake 2025 - Amarapura/Mandalay Buildings Mapping|100505_57365
OAM-402022-229463-19,fold_1,Myanmar,Myanmar Earthquake 2025 - Amarapura/Mandalay Buildings Mapping,0,True,0,Myanmar Earthquake 2025 - Amarapura/Mandalay Buildings Mapping|100505_57365
OAM-402022-229466-19,fold_5,Myanmar,Myanmar Earthquake 2025 - Amarapura/Mandalay Buildings Mapping,0,True,0,Myanmar Earthquake 2025 - Amarapura/Mandalay Buildings Mapping|100505_57366
OAM-402022-229474-19,fold_0,Myanmar,Myanmar Earthquake 2025 - Amarapura/Mandalay Buildings Mapping,0,True,0,Myanmar Earthquake 2025 - Amarapura/Mandalay Buildings Mapping|100505_57368
OAM-402022-229484-19,fold_2,Myanmar,Myanmar Earthquake 2025 - Amarapura/Mandalay Buildings Mapping,0,True,0,Myanmar Earthquake 2025 - Amarapura/Mandalay Buildings Mapping|100505_57371
OAM-402022-229487-19,fold_2,Myanmar,Myanmar Earthquake 2025 - Amarapura/Mandalay Buildings Mapping,0,True,0,Myanmar Earthquake 2025 - Amarapura/Mandalay Buildings Mapping|100505_57371
OAM-402022-229488-19,fold_3,Myanmar,Myanmar Earthquake 2025 - Amarapura/Mandalay Buildings Mapping,0,True,0,Myanmar Earthquake 2025 - Amarapura/Mandalay Buildings Mapping|100505_57372
OAM-402022-229506-19,fold_6,Myanmar,Myanmar Earthquake 2025 - Amarapura/Mandalay Buildings Mapping,0,True,0,Myanmar Earthquake 2025 - Amarapura/Mandalay Buildings Mapping|100505_57376
OAM-402023-229381-19,fold_3,Myanmar,Myanmar Earthquake 2025 - Mandalay City Buildings Mapping,4,False,4,Myanmar Earthquake 2025 - Mandalay City Buildings Mapping|100505_57345
OAM-402023-229395-19,fold_2,Myanmar,Myanmar Earthquake 2025 - Amarapura/Mandalay Buildings Mapping,0,True,0,Myanmar Earthquake 2025 - Amarapura/Mandalay Buildings Mapping|100505_57348
OAM-402023-229400-19,fold_4,Myanmar,Myanmar Earthquake 2025 - Amarapura/Mandalay Buildings Mapping,4,False,4,Myanmar Earthquake 2025 - Amarapura/Mandalay Buildings Mapping|100505_57350
OAM-402023-229401-19,fold_4,Myanmar,Myanmar Earthquake 2025 - Amarapura/Mandalay Buildings Mapping,5,False,5,Myanmar Earthquake 2025 - Amarapura/Mandalay Buildings Mapping|100505_57350
OAM-402023-229402-19,fold_4,Myanmar,Myanmar Earthquake 2025 - Amarapura/Mandalay Buildings Mapping,0,True,0,Myanmar Earthquake 2025 - Amarapura/Mandalay Buildings Mapping|100505_57350
OAM-402023-229406-19,fold_3,Myanmar,Myanmar Earthquake 2025 - Amarapura/Mandalay Buildings Mapping,0,True,0,Myanmar Earthquake 2025 - Amarapura/Mandalay Buildings Mapping|100505_57351
OAM-402023-229408-19,fold_2,Myanmar,Myanmar Earthquake 2025 - Amarapura/Mandalay Buildings Mapping,0,True,0,Myanmar Earthquake 2025 - Amarapura/Mandalay Buildings Mapping|100505_57352
OAM-402023-229434-19,fold_5,Myanmar,Myanmar Earthquake 2025 - Amarapura/Mandalay Buildings Mapping,20,False,20,Myanmar Earthquake 2025 - Amarapura/Mandalay Buildings Mapping|100505_57358
OAM-402023-229447-19,fold_2,Myanmar,Myanmar Earthquake 2025 - Amarapura/Mandalay Buildings Mapping,23,False,23,Myanmar Earthquake 2025 - Amarapura/Mandalay Buildings Mapping|100505_57361
OAM-402023-229455-19,fold_1,Myanmar,Myanmar Earthquake 2025 - Amarapura/Mandalay Buildings Mapping,0,True,0,Myanmar Earthquake 2025 - Amarapura/Mandalay Buildings Mapping|100505_57363
OAM-402023-229462-19,fold_1,Myanmar,Myanmar Earthquake 2025 - Amarapura/Mandalay Buildings Mapping,0,True,0,Myanmar Earthquake 2025 - Amarapura/Mandalay Buildings Mapping|100505_57365
OAM-402023-229476-19,fold_0,Myanmar,Myanmar Earthquake 2025 - Amarapura/Mandalay Buildings Mapping,0,True,0,Myanmar Earthquake 2025 - Amarapura/Mandalay Buildings Mapping|100505_57369
OAM-402023-229477-19,fold_0,Myanmar,Myanmar Earthquake 2025 - Amarapura/Mandalay Buildings Mapping,0,True,0,Myanmar Earthquake 2025 - Amarapura/Mandalay Buildings Mapping|100505_57369
OAM-402023-229486-19,fold_2,Myanmar,Myanmar Earthquake 2025 - Amarapura/Mandalay Buildings Mapping,0,True,0,Myanmar Earthquake 2025 - Amarapura/Mandalay Buildings Mapping|100505_57371
OAM-402023-229488-19,fold_3,Myanmar,Myanmar Earthquake 2025 - Amarapura/Mandalay Buildings Mapping,0,True,0,Myanmar Earthquake 2025 - Amarapura/Mandalay Buildings Mapping|100505_57372
OAM-402023-229495-19,fold_3,Myanmar,Myanmar Earthquake 2025 - Amarapura/Mandalay Buildings Mapping,0,True,0,Myanmar Earthquake 2025 - Amarapura/Mandalay Buildings Mapping|100505_57373
OAM-402023-229503-19,fold_0,Myanmar,Myanmar Earthquake 2025 - Amarapura/Mandalay Buildings Mapping,0,True,0,Myanmar Earthquake 2025 - Amarapura/Mandalay Buildings Mapping|100505_57375
OAM-402023-229508-19,fold_4,Myanmar,Myanmar Earthquake 2025 - Amarapura/Mandalay Buildings Mapping,0,True,0,Myanmar Earthquake 2025 - Amarapura/Mandalay Buildings Mapping|100505_57377
OAM-402024-229364-19,fold_6,Myanmar,Myanmar Earthquake 2025 - Mandalay City Buildings Mapping,0,True,0,Myanmar Earthquake 2025 - Mandalay City Buildings Mapping|100506_57341
OAM-402024-229379-19,fold_2,Myanmar,Myanmar Earthquake 2025 - Mandalay City Buildings Mapping,0,True,0,Myanmar Earthquake 2025 - Mandalay City Buildings Mapping|100506_57344
OAM-402024-229383-19,fold_5,Myanmar,Myanmar Earthquake 2025 - Mandalay City Buildings Mapping,5,False,5,Myanmar Earthquake 2025 - Mandalay City Buildings Mapping|100506_57345
OAM-402024-229406-19,fold_2,Myanmar,Myanmar Earthquake 2025 - Amarapura/Mandalay Buildings Mapping,0,True,0,Myanmar Earthquake 2025 - Amarapura/Mandalay Buildings Mapping|100506_57351
OAM-402024-229409-19,fold_0,Myanmar,Myanmar Earthquake 2025 - Amarapura/Mandalay Buildings Mapping,0,True,0,Myanmar Earthquake 2025 - Amarapura/Mandalay Buildings Mapping|100506_57352
OAM-402024-229414-19,fold_5,Myanmar,Myanmar Earthquake 2025 - Amarapura/Mandalay Buildings Mapping,0,True,0,Myanmar Earthquake 2025 - Amarapura/Mandalay Buildings Mapping|100506_57353
OAM-402024-229420-19,fold_1,Myanmar,Myanmar Earthquake 2025 - Amarapura/Mandalay Buildings Mapping,5,False,5,Myanmar Earthquake 2025 - Amarapura/Mandalay Buildings Mapping|100506_57355
OAM-402024-229424-19,fold_4,Myanmar,Myanmar Earthquake 2025 - Amarapura/Mandalay Buildings Mapping,0,True,0,Myanmar Earthquake 2025 - Amarapura/Mandalay Buildings Mapping|100506_57356
OAM-402024-229431-19,fold_5,Myanmar,Myanmar Earthquake 2025 - Amarapura/Mandalay Buildings Mapping,48,False,48,Myanmar Earthquake 2025 - Amarapura/Mandalay Buildings Mapping|100506_57357
OAM-402024-229440-19,fold_3,Myanmar,Myanmar Earthquake 2025 - Amarapura/Mandalay Buildings Mapping,5,False,5,Myanmar Earthquake 2025 - Amarapura/Mandalay Buildings Mapping|100506_57360
OAM-402024-229470-19,fold_2,Myanmar,Myanmar Earthquake 2025 - Amarapura/Mandalay Buildings Mapping,0,True,0,Myanmar Earthquake 2025 - Amarapura/Mandalay Buildings Mapping|100506_57367
OAM-402024-229475-19,fold_3,Myanmar,Myanmar Earthquake 2025 - Amarapura/Mandalay Buildings Mapping,0,True,0,Myanmar Earthquake 2025 - Amarapura/Mandalay Buildings Mapping|100506_57368
OAM-402024-229487-19,fold_5,Myanmar,Myanmar Earthquake 2025 - Amarapura/Mandalay Buildings Mapping,0,True,0,Myanmar Earthquake 2025 - Amarapura/Mandalay Buildings Mapping|100506_57371
OAM-402024-229488-19,fold_5,Myanmar,Myanmar Earthquake 2025 - Amarapura/Mandalay Buildings Mapping,0,True,0,Myanmar Earthquake 2025 - Amarapura/Mandalay Buildings Mapping|100506_57372
OAM-402024-229494-19,fold_3,Myanmar,Myanmar Earthquake 2025 - Amarapura/Mandalay Buildings Mapping,0,True,0,Myanmar Earthquake 2025 - Amarapura/Mandalay Buildings Mapping|100506_57373
OAM-402024-229496-19,fold_4,Myanmar,Myanmar Earthquake 2025 - Amarapura/Mandalay Buildings Mapping,0,True,0,Myanmar Earthquake 2025 - Amarapura/Mandalay Buildings Mapping|100506_57374
OAM-402025-229358-19,fold_6,Myanmar,Myanmar Earthquake 2025 - Mandalay City Buildings Mapping,0,True,0,Myanmar Earthquake 2025 - Mandalay City Buildings Mapping|100506_57339
OAM-402025-229359-19,fold_6,Myanmar,Myanmar Earthquake 2025 - Mandalay City Buildings Mapping,0,True,0,Myanmar Earthquake 2025 - Mandalay City Buildings Mapping|100506_57339
OAM-402025-229361-19,fold_2,Myanmar,Myanmar Earthquake 2025 - Mandalay City Buildings Mapping,0,True,0,Myanmar Earthquake 2025 - Mandalay City Buildings Mapping|100506_57340
OAM-402025-229374-19,fold_2,Myanmar,Myanmar Earthquake 2025 - Mandalay City Buildings Mapping,0,True,0,Myanmar Earthquake 2025 - Mandalay City Buildings Mapping|100506_57343
OAM-402025-229376-19,fold_2,Myanmar,Myanmar Earthquake 2025 - Mandalay City Buildings Mapping,0,True,0,Myanmar Earthquake 2025 - Mandalay City Buildings Mapping|100506_57344
OAM-402025-229380-19,fold_5,Myanmar,Myanmar Earthquake 2025 - Mandalay City Buildings Mapping,0,True,0,Myanmar Earthquake 2025 - Mandalay City Buildings Mapping|100506_57345
OAM-402025-229389-19,fold_2,Myanmar,Myanmar Earthquake 2025 - Mandalay City Buildings Mapping,0,True,0,Myanmar Earthquake 2025 - Mandalay City Buildings Mapping|100506_57347
OAM-402025-229401-19,fold_5,Myanmar,Myanmar Earthquake 2025 - Amarapura/Mandalay Buildings Mapping,48,False,48,Myanmar Earthquake 2025 - Amarapura/Mandalay Buildings Mapping|100506_57350
OAM-402025-229402-19,fold_5,Myanmar,Myanmar Earthquake 2025 - Amarapura/Mandalay Buildings Mapping,55,False,55,Myanmar Earthquake 2025 - Amarapura/Mandalay Buildings Mapping|100506_57350
OAM-402025-229460-19,fold_0,Myanmar,Myanmar Earthquake 2025 - Amarapura/Mandalay Buildings Mapping,0,True,0,Myanmar Earthquake 2025 - Amarapura/Mandalay Buildings Mapping|100506_57365
OAM-402025-229463-19,fold_0,Myanmar,Myanmar Earthquake 2025 - Amarapura/Mandalay Buildings Mapping,0,True,0,Myanmar Earthquake 2025 - Amarapura/Mandalay Buildings Mapping|100506_57365
OAM-402025-229466-19,fold_5,Myanmar,Myanmar Earthquake 2025 - Amarapura/Mandalay Buildings Mapping,0,True,0,Myanmar Earthquake 2025 - Amarapura/Mandalay Buildings Mapping|100506_57366
OAM-402025-229497-19,fold_4,Myanmar,Myanmar Earthquake 2025 - Amarapura/Mandalay Buildings Mapping,0,True,0,Myanmar Earthquake 2025 - Amarapura/Mandalay Buildings Mapping|100506_57374
OAM-402025-229505-19,fold_5,Myanmar,Myanmar Earthquake 2025 - Amarapura/Mandalay Buildings Mapping,0,True,0,Myanmar Earthquake 2025 - Amarapura/Mandalay Buildings Mapping|100506_57376
OAM-402026-229356-19,fold_6,Myanmar,Myanmar Earthquake 2025 - Mandalay City Buildings Mapping,0,True,0,Myanmar Earthquake 2025 - Mandalay City Buildings Mapping|100506_57339
OAM-402026-229358-19,fold_6,Myanmar,Myanmar Earthquake 2025 - Mandalay City Buildings Mapping,0,True,0,Myanmar Earthquake 2025 - Mandalay City Buildings Mapping|100506_57339
OAM-402026-229368-19,fold_1,Myanmar,Myanmar Earthquake 2025 - Mandalay City Buildings Mapping,0,True,0,Myanmar Earthquake 2025 - Mandalay City Buildings Mapping|100506_57342
OAM-402026-229375-19,fold_2,Myanmar,Myanmar Earthquake 2025 - Mandalay City Buildings Mapping,0,True,0,Myanmar Earthquake 2025 - Mandalay City Buildings Mapping|100506_57343
OAM-402026-229386-19,fold_1,Myanmar,Myanmar Earthquake 2025 - Mandalay City Buildings Mapping,0,True,0,Myanmar Earthquake 2025 - Mandalay City Buildings Mapping|100506_57346
OAM-402026-229388-19,fold_2,Myanmar,Myanmar Earthquake 2025 - Mandalay City Buildings Mapping,0,True,0,Myanmar Earthquake 2025 - Mandalay City Buildings Mapping|100506_57347
OAM-402026-229391-19,fold_2,Myanmar,Myanmar Earthquake 2025 - Mandalay City Buildings Mapping,0,True,0,Myanmar Earthquake 2025 - Mandalay City Buildings Mapping|100506_57347
OAM-402026-229393-19,fold_0,Myanmar,Myanmar Earthquake 2025 - Mandalay City Buildings Mapping,0,True,0,Myanmar Earthquake 2025 - Mandalay City Buildings Mapping|100506_57348
OAM-402026-229397-19,fold_1,Myanmar,Myanmar Earthquake 2025 - Amarapura/Mandalay Buildings Mapping,1,False,1,Myanmar Earthquake 2025 - Amarapura/Mandalay Buildings Mapping|100506_57349
OAM-402026-229406-19,fold_2,Myanmar,Myanmar Earthquake 2025 - Amarapura/Mandalay Buildings Mapping,0,True,0,Myanmar Earthquake 2025 - Amarapura/Mandalay Buildings Mapping|100506_57351
OAM-402026-229410-19,fold_0,Myanmar,Myanmar Earthquake 2025 - Amarapura/Mandalay Buildings Mapping,6,False,6,Myanmar Earthquake 2025 - Amarapura/Mandalay Buildings Mapping|100506_57352
OAM-402026-229423-19,fold_1,Myanmar,Myanmar Earthquake 2025 - Amarapura/Mandalay Buildings Mapping,5,False,5,Myanmar Earthquake 2025 - Amarapura/Mandalay Buildings Mapping|100506_57355
OAM-402026-229472-19,fold_3,Myanmar,Myanmar Earthquake 2025 - Amarapura/Mandalay Buildings Mapping,0,True,0,Myanmar Earthquake 2025 - Amarapura/Mandalay Buildings Mapping|100506_57368
OAM-402026-229488-19,fold_5,Myanmar,Myanmar Earthquake 2025 - Amarapura/Mandalay Buildings Mapping,2,False,2,Myanmar Earthquake 2025 - Amarapura/Mandalay Buildings Mapping|100506_57372
OAM-402026-229495-19,fold_3,Myanmar,Myanmar Earthquake 2025 - Amarapura/Mandalay Buildings Mapping,0,True,0,Myanmar Earthquake 2025 - Amarapura/Mandalay Buildings Mapping|100506_57373
OAM-402026-229507-19,fold_5,Myanmar,Myanmar Earthquake 2025 - Amarapura/Mandalay Buildings Mapping,0,True,0,Myanmar Earthquake 2025 - Amarapura/Mandalay Buildings Mapping|100506_57376
OAM-402027-229354-19,fold_0,Myanmar,Myanmar Earthquake 2025 - Mandalay City Buildings Mapping,0,True,0,Myanmar Earthquake 2025 - Mandalay City Buildings Mapping|100506_57338
OAM-402027-229367-19,fold_6,Myanmar,Myanmar Earthquake 2025 - Mandalay City Buildings Mapping,1,False,1,Myanmar Earthquake 2025 - Mandalay City Buildings Mapping|100506_57341
OAM-402027-229376-19,fold_2,Myanmar,Myanmar Earthquake 2025 - Mandalay City Buildings Mapping,4,False,4,Myanmar Earthquake 2025 - Mandalay City Buildings Mapping|100506_57344
OAM-402027-229388-19,fold_2,Myanmar,Myanmar Earthquake 2025 - Mandalay City Buildings Mapping,0,True,0,Myanmar Earthquake 2025 - Mandalay City Buildings Mapping|100506_57347
OAM-402027-229389-19,fold_2,Myanmar,Myanmar Earthquake 2025 - Mandalay City Buildings Mapping,0,True,0,Myanmar Earthquake 2025 - Mandalay City Buildings Mapping|100506_57347
OAM-402027-229406-19,fold_2,Myanmar,Myanmar Earthquake 2025 - Amarapura/Mandalay Buildings Mapping,0,True,0,Myanmar Earthquake 2025 - Amarapura/Mandalay Buildings Mapping|100506_57351
OAM-402027-229411-19,fold_0,Myanmar,Myanmar Earthquake 2025 - Amarapura/Mandalay Buildings Mapping,5,False,5,Myanmar Earthquake 2025 - Amarapura/Mandalay Buildings Mapping|100506_57352
OAM-402027-229455-19,fold_2,Myanmar,Myanmar Earthquake 2025 - Amarapura/Mandalay Buildings Mapping,0,True,0,Myanmar Earthquake 2025 - Amarapura/Mandalay Buildings Mapping|100506_57363
OAM-402027-229459-19,fold_2,Myanmar,Myanmar Earthquake 2025 - Amarapura/Mandalay Buildings Mapping,0,True,0,Myanmar Earthquake 2025 - Amarapura/Mandalay Buildings Mapping|100506_57364
OAM-402027-229463-19,fold_0,Myanmar,Myanmar Earthquake 2025 - Amarapura/Mandalay Buildings Mapping,0,True,0,Myanmar Earthquake 2025 - Amarapura/Mandalay Buildings Mapping|100506_57365
OAM-402027-229473-19,fold_3,Myanmar,Myanmar Earthquake 2025 - Amarapura/Mandalay Buildings Mapping,0,True,0,Myanmar Earthquake 2025 - Amarapura/Mandalay Buildings Mapping|100506_57368
OAM-402027-229475-19,fold_3,Myanmar,Myanmar Earthquake 2025 - Amarapura/Mandalay Buildings Mapping,0,True,0,Myanmar Earthquake 2025 - Amarapura/Mandalay Buildings Mapping|100506_57368
OAM-402027-229495-19,fold_3,Myanmar,Myanmar Earthquake 2025 - Amarapura/Mandalay Buildings Mapping,0,True,0,Myanmar Earthquake 2025 - Amarapura/Mandalay Buildings Mapping|100506_57373
OAM-402027-229498-19,fold_4,Myanmar,Myanmar Earthquake 2025 - Amarapura/Mandalay Buildings Mapping,0,True,0,Myanmar Earthquake 2025 - Amarapura/Mandalay Buildings Mapping|100506_57374
OAM-402027-229503-19,fold_2,Myanmar,Myanmar Earthquake 2025 - Amarapura/Mandalay Buildings Mapping,0,True,0,Myanmar Earthquake 2025 - Amarapura/Mandalay Buildings Mapping|100506_57375
OAM-402027-229508-19,fold_6,Myanmar,Myanmar Earthquake 2025 - Amarapura/Mandalay Buildings Mapping,0,True,0,Myanmar Earthquake 2025 - Amarapura/Mandalay Buildings Mapping|100506_57377
OAM-402027-229509-19,fold_6,Myanmar,Myanmar Earthquake 2025 - Amarapura/Mandalay Buildings Mapping,0,True,0,Myanmar Earthquake 2025 - Amarapura/Mandalay Buildings Mapping|100506_57377
OAM-402028-229362-19,fold_6,Myanmar,Myanmar Earthquake 2025 - Mandalay City Buildings Mapping,0,True,0,Myanmar Earthquake 2025 - Mandalay City Buildings Mapping|100507_57340
OAM-402028-229388-19,fold_6,Myanmar,Myanmar Earthquake 2025 - Mandalay City Buildings Mapping,0,True,0,Myanmar Earthquake 2025 - Mandalay City Buildings Mapping|100507_57347
OAM-402028-229391-19,fold_6,Myanmar,Myanmar Earthquake 2025 - Mandalay City Buildings Mapping,0,True,0,Myanmar Earthquake 2025 - Mandalay City Buildings Mapping|100507_57347
OAM-402028-229392-19,fold_1,Myanmar,Myanmar Earthquake 2025 - Mandalay City Buildings Mapping,0,True,0,Myanmar Earthquake 2025 - Mandalay City Buildings Mapping|100507_57348
OAM-402028-229411-19,fold_2,Myanmar,Myanmar Earthquake 2025 - Amarapura/Mandalay Buildings Mapping,5,False,5,Myanmar Earthquake 2025 - Amarapura/Mandalay Buildings Mapping|100507_57352
OAM-402028-229413-19,fold_3,Myanmar,Myanmar Earthquake 2025 - Amarapura/Mandalay Buildings Mapping,5,False,5,Myanmar Earthquake 2025 - Amarapura/Mandalay Buildings Mapping|100507_57353
OAM-402028-229422-19,fold_6,Myanmar,Myanmar Earthquake 2025 - Amarapura/Mandalay Buildings Mapping,76,False,76,Myanmar Earthquake 2025 - Amarapura/Mandalay Buildings Mapping|100507_57355
OAM-402028-229423-19,fold_6,Myanmar,Myanmar Earthquake 2025 - Amarapura/Mandalay Buildings Mapping,72,False,72,Myanmar Earthquake 2025 - Amarapura/Mandalay Buildings Mapping|100507_57355
OAM-402028-229427-19,fold_6,Myanmar,Myanmar Earthquake 2025 - Amarapura/Mandalay Buildings Mapping,20,False,20,Myanmar Earthquake 2025 - Amarapura/Mandalay Buildings Mapping|100507_57356
OAM-402028-229438-19,fold_4,Myanmar,Myanmar Earthquake 2025 - Amarapura/Mandalay Buildings Mapping,20,False,20,Myanmar Earthquake 2025 - Amarapura/Mandalay Buildings Mapping|100507_57359
OAM-402028-229445-19,fold_2,Myanmar,Myanmar Earthquake 2025 - Amarapura/Mandalay Buildings Mapping,5,False,5,Myanmar Earthquake 2025 - Amarapura/Mandalay Buildings Mapping|100507_57361
OAM-402028-229454-19,fold_4,Myanmar,Myanmar Earthquake 2025 - Amarapura/Mandalay Buildings Mapping,0,True,0,Myanmar Earthquake 2025 - Amarapura/Mandalay Buildings Mapping|100507_57363
OAM-402028-229458-19,fold_0,Myanmar,Myanmar Earthquake 2025 - Amarapura/Mandalay Buildings Mapping,0,True,0,Myanmar Earthquake 2025 - Amarapura/Mandalay Buildings Mapping|100507_57364
OAM-402028-229460-19,fold_5,Myanmar,Myanmar Earthquake 2025 - Amarapura/Mandalay Buildings Mapping,0,True,0,Myanmar Earthquake 2025 - Amarapura/Mandalay Buildings Mapping|100507_57365
OAM-402028-229461-19,fold_5,Myanmar,Myanmar Earthquake 2025 - Amarapura/Mandalay Buildings Mapping,0,True,0,Myanmar Earthquake 2025 - Amarapura/Mandalay Buildings Mapping|100507_57365
OAM-402028-229480-19,fold_6,Myanmar,Myanmar Earthquake 2025 - Amarapura/Mandalay Buildings Mapping,0,True,0,Myanmar Earthquake 2025 - Amarapura/Mandalay Buildings Mapping|100507_57370
OAM-402028-229493-19,fold_4,Myanmar,Myanmar Earthquake 2025 - Amarapura/Mandalay Buildings Mapping,0,True,0,Myanmar Earthquake 2025 - Amarapura/Mandalay Buildings Mapping|100507_57373
OAM-402028-229494-19,fold_4,Myanmar,Myanmar Earthquake 2025 - Amarapura/Mandalay Buildings Mapping,0,True,0,Myanmar Earthquake 2025 - Amarapura/Mandalay Buildings Mapping|100507_57373
OAM-402029-229349-19,fold_2,Myanmar,Myanmar Earthquake 2025 - Mandalay City Buildings Mapping,0,True,0,Myanmar Earthquake 2025 - Mandalay City Buildings Mapping|100507_57337
OAM-402029-229350-19,fold_2,Myanmar,Myanmar Earthquake 2025 - Mandalay City Buildings Mapping,0,True,0,Myanmar Earthquake 2025 - Mandalay City Buildings Mapping|100507_57337
OAM-402029-229370-19,fold_6,Myanmar,Myanmar Earthquake 2025 - Mandalay City Buildings Mapping,0,True,0,Myanmar Earthquake 2025 - Mandalay City Buildings Mapping|100507_57342
OAM-402029-229375-19,fold_6,Myanmar,Myanmar Earthquake 2025 - Mandalay City Buildings Mapping,1,False,1,Myanmar Earthquake 2025 - Mandalay City Buildings Mapping|100507_57343
OAM-402029-229376-19,fold_5,Myanmar,Myanmar Earthquake 2025 - Mandalay City Buildings Mapping,3,False,3,Myanmar Earthquake 2025 - Mandalay City Buildings Mapping|100507_57344
OAM-402029-229377-19,fold_5,Myanmar,Myanmar Earthquake 2025 - Mandalay City Buildings Mapping,0,True,0,Myanmar Earthquake 2025 - Mandalay City Buildings Mapping|100507_57344
OAM-402029-229379-19,fold_5,Myanmar,Myanmar Earthquake 2025 - Mandalay City Buildings Mapping,0,True,0,Myanmar Earthquake 2025 - Mandalay City Buildings Mapping|100507_57344
OAM-402029-229386-19,fold_3,Myanmar,Myanmar Earthquake 2025 - Mandalay City Buildings Mapping,0,True,0,Myanmar Earthquake 2025 - Mandalay City Buildings Mapping|100507_57346
OAM-402029-229389-19,fold_6,Myanmar,Myanmar Earthquake 2025 - Mandalay City Buildings Mapping,0,True,0,Myanmar Earthquake 2025 - Mandalay City Buildings Mapping|100507_57347
OAM-402029-229393-19,fold_1,Myanmar,Myanmar Earthquake 2025 - Mandalay City Buildings Mapping,0,True,0,Myanmar Earthquake 2025 - Mandalay City Buildings Mapping|100507_57348
OAM-402029-229405-19,fold_3,Myanmar,Myanmar Earthquake 2025 - Amarapura/Mandalay Buildings Mapping,0,True,0,Myanmar Earthquake 2025 - Amarapura/Mandalay Buildings Mapping|100507_57351
OAM-402029-229409-19,fold_2,Myanmar,Myanmar Earthquake 2025 - Amarapura/Mandalay Buildings Mapping,20,False,20,Myanmar Earthquake 2025 - Amarapura/Mandalay Buildings Mapping|100507_57352
OAM-402029-229455-19,fold_4,Myanmar,Myanmar Earthquake 2025 - Amarapura/Mandalay Buildings Mapping,0,True,0,Myanmar Earthquake 2025 - Amarapura/Mandalay Buildings Mapping|100507_57363
OAM-402029-229456-19,fold_0,Myanmar,Myanmar Earthquake 2025 - Amarapura/Mandalay Buildings Mapping,0,True,0,Myanmar Earthquake 2025 - Amarapura/Mandalay Buildings Mapping|100507_57364
OAM-402029-229483-19,fold_6,Myanmar,Myanmar Earthquake 2025 - Amarapura/Mandalay Buildings Mapping,0,True,0,Myanmar Earthquake 2025 - Amarapura/Mandalay Buildings Mapping|100507_57370
OAM-402029-229496-19,fold_0,Myanmar,Myanmar Earthquake 2025 - Amarapura/Mandalay Buildings Mapping,0,True,0,Myanmar Earthquake 2025 - Amarapura/Mandalay Buildings Mapping|100507_57374
OAM-402029-229499-19,fold_0,Myanmar,Myanmar Earthquake 2025 - Amarapura/Mandalay Buildings Mapping,0,True,0,Myanmar Earthquake 2025 - Amarapura/Mandalay Buildings Mapping|100507_57374
OAM-402029-229504-19,fold_1,Myanmar,Myanmar Earthquake 2025 - Amarapura/Mandalay Buildings Mapping,0,True,0,Myanmar Earthquake 2025 - Amarapura/Mandalay Buildings Mapping|100507_57376
OAM-402029-229508-19,fold_2,Myanmar,Myanmar Earthquake 2025 - Amarapura/Mandalay Buildings Mapping,0,True,0,Myanmar Earthquake 2025 - Amarapura/Mandalay Buildings Mapping|100507_57377
OAM-402029-229509-19,fold_2,Myanmar,Myanmar Earthquake 2025 - Amarapura/Mandalay Buildings Mapping,0,True,0,Myanmar Earthquake 2025 - Amarapura/Mandalay Buildings Mapping|100507_57377
OAM-402030-229347-19,fold_2,Myanmar,Myanmar Earthquake 2025 - Mandalay City Buildings Mapping,0,True,0,Myanmar Earthquake 2025 - Mandalay City Buildings Mapping|100507_57336
OAM-402030-229357-19,fold_4,Myanmar,Myanmar Earthquake 2025 - Mandalay City Buildings Mapping,2,False,2,Myanmar Earthquake 2025 - Mandalay City Buildings Mapping|100507_57339
OAM-402030-229358-19,fold_4,Myanmar,Myanmar Earthquake 2025 - Mandalay City Buildings Mapping,2,False,2,Myanmar Earthquake 2025 - Mandalay City Buildings Mapping|100507_57339
OAM-402030-229368-19,fold_6,Myanmar,Myanmar Earthquake 2025 - Mandalay City Buildings Mapping,0,True,0,Myanmar Earthquake 2025 - Mandalay City Buildings Mapping|100507_57342
OAM-402030-229376-19,fold_5,Myanmar,Myanmar Earthquake 2025 - Mandalay City Buildings Mapping,1,False,1,Myanmar Earthquake 2025 - Mandalay City Buildings Mapping|100507_57344
OAM-402030-229398-19,fold_5,Myanmar,Myanmar Earthquake 2025 - Mandalay City Buildings Mapping,1,False,1,Myanmar Earthquake 2025 - Mandalay City Buildings Mapping|100507_57349
OAM-402030-229410-19,fold_2,Myanmar,Myanmar Earthquake 2025 - Amarapura/Mandalay Buildings Mapping,3,False,3,Myanmar Earthquake 2025 - Amarapura/Mandalay Buildings Mapping|100507_57352
OAM-402030-229411-19,fold_2,Myanmar,Myanmar Earthquake 2025 - Amarapura/Mandalay Buildings Mapping,5,False,5,Myanmar Earthquake 2025 - Amarapura/Mandalay Buildings Mapping|100507_57352
OAM-402030-229416-19,fold_5,Myanmar,Myanmar Earthquake 2025 - Amarapura/Mandalay Buildings Mapping,5,False,5,Myanmar Earthquake 2025 - Amarapura/Mandalay Buildings Mapping|100507_57354
OAM-402030-229419-19,fold_5,Myanmar,Myanmar Earthquake 2025 - Amarapura/Mandalay Buildings Mapping,69,False,69,Myanmar Earthquake 2025 - Amarapura/Mandalay Buildings Mapping|100507_57354
OAM-402030-229420-19,fold_6,Myanmar,Myanmar Earthquake 2025 - Amarapura/Mandalay Buildings Mapping,67,False,67,Myanmar Earthquake 2025 - Amarapura/Mandalay Buildings Mapping|100507_57355
OAM-402030-229439-19,fold_4,Myanmar,Myanmar Earthquake 2025 - Amarapura/Mandalay Buildings Mapping,5,False,5,Myanmar Earthquake 2025 - Amarapura/Mandalay Buildings Mapping|100507_57359
OAM-402030-229445-19,fold_2,Myanmar,Myanmar Earthquake 2025 - Amarapura/Mandalay Buildings Mapping,0,True,0,Myanmar Earthquake 2025 - Amarapura/Mandalay Buildings Mapping|100507_57361
OAM-402030-229459-19,fold_0,Myanmar,Myanmar Earthquake 2025 - Amarapura/Mandalay Buildings Mapping,0,True,0,Myanmar Earthquake 2025 - Amarapura/Mandalay Buildings Mapping|100507_57364
OAM-402030-229460-19,fold_5,Myanmar,Myanmar Earthquake 2025 - Amarapura/Mandalay Buildings Mapping,0,True,0,Myanmar Earthquake 2025 - Amarapura/Mandalay Buildings Mapping|100507_57365
OAM-402030-229475-19,fold_3,Myanmar,Myanmar Earthquake 2025 - Amarapura/Mandalay Buildings Mapping,0,True,0,Myanmar Earthquake 2025 - Amarapura/Mandalay Buildings Mapping|100507_57368
OAM-402030-229484-19,fold_6,Myanmar,Myanmar Earthquake 2025 - Amarapura/Mandalay Buildings Mapping,0,True,0,Myanmar Earthquake 2025 - Amarapura/Mandalay Buildings Mapping|100507_57371
OAM-402030-229486-19,fold_6,Myanmar,Myanmar Earthquake 2025 - Amarapura/Mandalay Buildings Mapping,0,True,0,Myanmar Earthquake 2025 - Amarapura/Mandalay Buildings Mapping|100507_57371
OAM-402030-229487-19,fold_6,Myanmar,Myanmar Earthquake 2025 - Amarapura/Mandalay Buildings Mapping,0,True,0,Myanmar Earthquake 2025 - Amarapura/Mandalay Buildings Mapping|100507_57371
OAM-402030-229496-19,fold_0,Myanmar,Myanmar Earthquake 2025 - Amarapura/Mandalay Buildings Mapping,0,True,0,Myanmar Earthquake 2025 - Amarapura/Mandalay Buildings Mapping|100507_57374
OAM-402030-229498-19,fold_0,Myanmar,Myanmar Earthquake 2025 - Amarapura/Mandalay Buildings Mapping,0,True,0,Myanmar Earthquake 2025 - Amarapura/Mandalay Buildings Mapping|100507_57374
OAM-402030-229501-19,fold_6,Myanmar,Myanmar Earthquake 2025 - Amarapura/Mandalay Buildings Mapping,0,True,0,Myanmar Earthquake 2025 - Amarapura/Mandalay Buildings Mapping|100507_57375
OAM-402030-229504-19,fold_1,Myanmar,Myanmar Earthquake 2025 - Amarapura/Mandalay Buildings Mapping,0,True,0,Myanmar Earthquake 2025 - Amarapura/Mandalay Buildings Mapping|100507_57376
OAM-402030-229509-19,fold_2,Myanmar,Myanmar Earthquake 2025 - Amarapura/Mandalay Buildings Mapping,0,True,0,Myanmar Earthquake 2025 - Amarapura/Mandalay Buildings Mapping|100507_57377
OAM-402031-229342-19,fold_4,Myanmar,Myanmar Earthquake 2025 - Mandalay City Buildings Mapping,0,True,0,Myanmar Earthquake 2025 - Mandalay City Buildings Mapping|100507_57335
OAM-402031-229344-19,fold_2,Myanmar,Myanmar Earthquake 2025 - Mandalay City Buildings Mapping,0,True,0,Myanmar Earthquake 2025 - Mandalay City Buildings Mapping|100507_57336
OAM-402031-229375-19,fold_6,Myanmar,Myanmar Earthquake 2025 - Mandalay City Buildings Mapping,0,True,0,Myanmar Earthquake 2025 - Mandalay City Buildings Mapping|100507_57343
OAM-402031-229393-19,fold_1,Myanmar,Myanmar Earthquake 2025 - Mandalay City Buildings Mapping,0,True,0,Myanmar Earthquake 2025 - Mandalay City Buildings Mapping|100507_57348
OAM-402031-229394-19,fold_1,Myanmar,Myanmar Earthquake 2025 - Mandalay City Buildings Mapping,0,True,0,Myanmar Earthquake 2025 - Mandalay City Buildings Mapping|100507_57348
OAM-402031-229397-19,fold_5,Myanmar,Myanmar Earthquake 2025 - Mandalay City Buildings Mapping,0,True,0,Myanmar Earthquake 2025 - Mandalay City Buildings Mapping|100507_57349
OAM-402031-229399-19,fold_5,Myanmar,Myanmar Earthquake 2025 - Mandalay City Buildings Mapping,0,True,0,Myanmar Earthquake 2025 - Mandalay City Buildings Mapping|100507_57349
OAM-402031-229417-19,fold_5,Myanmar,Myanmar Earthquake 2025 - Amarapura/Mandalay Buildings Mapping,47,False,47,Myanmar Earthquake 2025 - Amarapura/Mandalay Buildings Mapping|100507_57354
OAM-402031-229419-19,fold_5,Myanmar,Myanmar Earthquake 2025 - Amarapura/Mandalay Buildings Mapping,76,False,76,Myanmar Earthquake 2025 - Amarapura/Mandalay Buildings Mapping|100507_57354
OAM-402031-229451-19,fold_1,Myanmar,Myanmar Earthquake 2025 - Amarapura/Mandalay Buildings Mapping,0,True,0,Myanmar Earthquake 2025 - Amarapura/Mandalay Buildings Mapping|100507_57362
OAM-402031-229456-19,fold_0,Myanmar,Myanmar Earthquake 2025 - Amarapura/Mandalay Buildings Mapping,0,True,0,Myanmar Earthquake 2025 - Amarapura/Mandalay Buildings Mapping|100507_57364
OAM-402031-229457-19,fold_0,Myanmar,Myanmar Earthquake 2025 - Amarapura/Mandalay Buildings Mapping,0,True,0,Myanmar Earthquake 2025 - Amarapura/Mandalay Buildings Mapping|100507_57364
OAM-402031-229460-19,fold_5,Myanmar,Myanmar Earthquake 2025 - Amarapura/Mandalay Buildings Mapping,0,True,0,Myanmar Earthquake 2025 - Amarapura/Mandalay Buildings Mapping|100507_57365
OAM-402031-229478-19,fold_6,Myanmar,Myanmar Earthquake 2025 - Amarapura/Mandalay Buildings Mapping,0,True,0,Myanmar Earthquake 2025 - Amarapura/Mandalay Buildings Mapping|100507_57369
OAM-402031-229496-19,fold_0,Myanmar,Myanmar Earthquake 2025 - Amarapura/Mandalay Buildings Mapping,0,True,0,Myanmar Earthquake 2025 - Amarapura/Mandalay Buildings Mapping|100507_57374
OAM-402032-229341-19,fold_5,Myanmar,Myanmar Earthquake 2025 - Mandalay City Buildings Mapping,0,True,0,Myanmar Earthquake 2025 - Mandalay City Buildings Mapping|100508_57335
OAM-402032-229369-19,fold_0,Myanmar,Myanmar Earthquake 2025 - Mandalay City Buildings Mapping,0,True,0,Myanmar Earthquake 2025 - Mandalay City Buildings Mapping|100508_57342
OAM-402032-229372-19,fold_6,Myanmar,Myanmar Earthquake 2025 - Mandalay City Buildings Mapping,0,True,0,Myanmar Earthquake 2025 - Mandalay City Buildings Mapping|100508_57343
OAM-402032-229377-19,fold_1,Myanmar,Myanmar Earthquake 2025 - Mandalay City Buildings Mapping,0,True,0,Myanmar Earthquake 2025 - Mandalay City Buildings Mapping|100508_57344
OAM-402032-229379-19,fold_1,Myanmar,Myanmar Earthquake 2025 - Mandalay City Buildings Mapping,0,True,0,Myanmar Earthquake 2025 - Mandalay City Buildings Mapping|100508_57344
OAM-402032-229380-19,fold_2,Myanmar,Myanmar Earthquake 2025 - Mandalay City Buildings Mapping,0,True,0,Myanmar Earthquake 2025 - Mandalay City Buildings Mapping|100508_57345
OAM-402032-229392-19,fold_1,Myanmar,Myanmar Earthquake 2025 - Mandalay City Buildings Mapping,0,True,0,Myanmar Earthquake 2025 - Mandalay City Buildings Mapping|100508_57348
OAM-402032-229399-19,fold_0,Myanmar,Myanmar Earthquake 2025 - Mandalay City Buildings Mapping,0,True,0,Myanmar Earthquake 2025 - Mandalay City Buildings Mapping|100508_57349
OAM-402032-229400-19,fold_0,Myanmar,Myanmar Earthquake 2025 - Mandalay City Buildings Mapping,0,True,0,Myanmar Earthquake 2025 - Mandalay City Buildings Mapping|100508_57350
OAM-402032-229401-19,fold_0,Myanmar,Myanmar Earthquake 2025 - Mandalay City Buildings Mapping,0,True,0,Myanmar Earthquake 2025 - Mandalay City Buildings Mapping|100508_57350
OAM-402032-229410-19,fold_1,Myanmar,Myanmar Earthquake 2025 - Amarapura/Mandalay Buildings Mapping,21,False,21,Myanmar Earthquake 2025 - Amarapura/Mandalay Buildings Mapping|100508_57352
OAM-402032-229418-19,fold_0,Myanmar,Myanmar Earthquake 2025 - Amarapura/Mandalay Buildings Mapping,85,False,85,Myanmar Earthquake 2025 - Amarapura/Mandalay Buildings Mapping|100508_57354
OAM-402032-229422-19,fold_2,Myanmar,Myanmar Earthquake 2025 - Amarapura/Mandalay Buildings Mapping,20,False,20,Myanmar Earthquake 2025 - Amarapura/Mandalay Buildings Mapping|100508_57355
OAM-402032-229427-19,fold_0,Myanmar,Myanmar Earthquake 2025 - Amarapura/Mandalay Buildings Mapping,10,False,10,Myanmar Earthquake 2025 - Amarapura/Mandalay Buildings Mapping|100508_57356
OAM-402032-229445-19,fold_1,Myanmar,Myanmar Earthquake 2025 - Amarapura/Mandalay Buildings Mapping,0,True,0,Myanmar Earthquake 2025 - Amarapura/Mandalay Buildings Mapping|100508_57361
OAM-402032-229474-19,fold_0,Myanmar,Myanmar Earthquake 2025 - Amarapura/Mandalay Buildings Mapping,0,True,0,Myanmar Earthquake 2025 - Amarapura/Mandalay Buildings Mapping|100508_57368
OAM-402032-229478-19,fold_6,Myanmar,Myanmar Earthquake 2025 - Amarapura/Mandalay Buildings Mapping,0,True,0,Myanmar Earthquake 2025 - Amarapura/Mandalay Buildings Mapping|100508_57369
OAM-402032-229487-19,fold_3,Myanmar,Myanmar Earthquake 2025 - Amarapura/Mandalay Buildings Mapping,0,True,0,Myanmar Earthquake 2025 - Amarapura/Mandalay Buildings Mapping|100508_57371
OAM-402032-229495-19,fold_3,Myanmar,Myanmar Earthquake 2025 - Amarapura/Mandalay Buildings Mapping,0,True,0,Myanmar Earthquake 2025 - Amarapura/Mandalay Buildings Mapping|100508_57373
OAM-402032-229496-19,fold_0,Myanmar,Myanmar Earthquake 2025 - Amarapura/Mandalay Buildings Mapping,0,True,0,Myanmar Earthquake 2025 - Amarapura/Mandalay Buildings Mapping|100508_57374
OAM-402032-229499-19,fold_0,Myanmar,Myanmar Earthquake 2025 - Amarapura/Mandalay Buildings Mapping,0,True,0,Myanmar Earthquake 2025 - Amarapura/Mandalay Buildings Mapping|100508_57374
OAM-402032-229500-19,fold_1,Myanmar,Myanmar Earthquake 2025 - Amarapura/Mandalay Buildings Mapping,0,True,0,Myanmar Earthquake 2025 - Amarapura/Mandalay Buildings Mapping|100508_57375
OAM-402033-229340-19,fold_5,Myanmar,Myanmar Earthquake 2025 - Mandalay City Buildings Mapping,0,True,0,Myanmar Earthquake 2025 - Mandalay City Buildings Mapping|100508_57335
OAM-402033-229350-19,fold_6,Myanmar,Myanmar Earthquake 2025 - Mandalay City Buildings Mapping,51,False,51,Myanmar Earthquake 2025 - Mandalay City Buildings Mapping|100508_57337
OAM-402033-229359-19,fold_5,Myanmar,Myanmar Earthquake 2025 - Mandalay City Buildings Mapping,6,False,6,Myanmar Earthquake 2025 - Mandalay City Buildings Mapping|100508_57339
OAM-402033-229376-19,fold_1,Myanmar,Myanmar Earthquake 2025 - Mandalay City Buildings Mapping,0,True,0,Myanmar Earthquake 2025 - Mandalay City Buildings Mapping|100508_57344
OAM-402033-229387-19,fold_2,Myanmar,Myanmar Earthquake 2025 - Mandalay City Buildings Mapping,0,True,0,Myanmar Earthquake 2025 - Mandalay City Buildings Mapping|100508_57346
OAM-402033-229393-19,fold_1,Myanmar,Myanmar Earthquake 2025 - Mandalay City Buildings Mapping,0,True,0,Myanmar Earthquake 2025 - Mandalay City Buildings Mapping|100508_57348
OAM-402033-229394-19,fold_1,Myanmar,Myanmar Earthquake 2025 - Mandalay City Buildings Mapping,0,True,0,Myanmar Earthquake 2025 - Mandalay City Buildings Mapping|100508_57348
OAM-402033-229397-19,fold_0,Myanmar,Myanmar Earthquake 2025 - Mandalay City Buildings Mapping,0,True,0,Myanmar Earthquake 2025 - Mandalay City Buildings Mapping|100508_57349
OAM-402033-229413-19,fold_2,Myanmar,Myanmar Earthquake 2025 - Amarapura/Mandalay Buildings Mapping,47,False,47,Myanmar Earthquake 2025 - Amarapura/Mandalay Buildings Mapping|100508_57353
OAM-402033-229452-19,fold_3,Myanmar,Myanmar Earthquake 2025 - Amarapura/Mandalay Buildings Mapping,0,True,0,Myanmar Earthquake 2025 - Amarapura/Mandalay Buildings Mapping|100508_57363
OAM-402033-229455-19,fold_3,Myanmar,Myanmar Earthquake 2025 - Amarapura/Mandalay Buildings Mapping,0,True,0,Myanmar Earthquake 2025 - Amarapura/Mandalay Buildings Mapping|100508_57363
OAM-402033-229458-19,fold_5,Myanmar,Myanmar Earthquake 2025 - Amarapura/Mandalay Buildings Mapping,0,True,0,Myanmar Earthquake 2025 - Amarapura/Mandalay Buildings Mapping|100508_57364
OAM-402033-229459-19,fold_5,Myanmar,Myanmar Earthquake 2025 - Amarapura/Mandalay Buildings Mapping,0,True,0,Myanmar Earthquake 2025 - Amarapura/Mandalay Buildings Mapping|100508_57364
OAM-402033-229474-19,fold_0,Myanmar,Myanmar Earthquake 2025 - Amarapura/Mandalay Buildings Mapping,0,True,0,Myanmar Earthquake 2025 - Amarapura/Mandalay Buildings Mapping|100508_57368
OAM-402033-229475-19,fold_0,Myanmar,Myanmar Earthquake 2025 - Amarapura/Mandalay Buildings Mapping,0,True,0,Myanmar Earthquake 2025 - Amarapura/Mandalay Buildings Mapping|100508_57368
OAM-402033-229476-19,fold_6,Myanmar,Myanmar Earthquake 2025 - Amarapura/Mandalay Buildings Mapping,0,True,0,Myanmar Earthquake 2025 - Amarapura/Mandalay Buildings Mapping|100508_57369
OAM-402033-229483-19,fold_1,Myanmar,Myanmar Earthquake 2025 - Amarapura/Mandalay Buildings Mapping,0,True,0,Myanmar Earthquake 2025 - Amarapura/Mandalay Buildings Mapping|100508_57370
OAM-402033-229493-19,fold_3,Myanmar,Myanmar Earthquake 2025 - Amarapura/Mandalay Buildings Mapping,0,True,0,Myanmar Earthquake 2025 - Amarapura/Mandalay Buildings Mapping|100508_57373
OAM-402033-229495-19,fold_3,Myanmar,Myanmar Earthquake 2025 - Amarapura/Mandalay Buildings Mapping,0,True,0,Myanmar Earthquake 2025 - Amarapura/Mandalay Buildings Mapping|100508_57373
OAM-402033-229496-19,fold_0,Myanmar,Myanmar Earthquake 2025 - Amarapura/Mandalay Buildings Mapping,0,True,0,Myanmar Earthquake 2025 - Amarapura/Mandalay Buildings Mapping|100508_57374
OAM-402033-229506-19,fold_2,Myanmar,Myanmar Earthquake 2025 - Amarapura/Mandalay Buildings Mapping,7,False,7,Myanmar Earthquake 2025 - Amarapura/Mandalay Buildings Mapping|100508_57376
OAM-402034-229348-19,fold_6,Myanmar,Myanmar Earthquake 2025 - Mandalay City Buildings Mapping,19,False,19,Myanmar Earthquake 2025 - Mandalay City Buildings Mapping|100508_57337
OAM-402034-229359-19,fold_5,Myanmar,Myanmar Earthquake 2025 - Mandalay City Buildings Mapping,4,False,4,Myanmar Earthquake 2025 - Mandalay City Buildings Mapping|100508_57339
OAM-402034-229378-19,fold_1,Myanmar,Myanmar Earthquake 2025 - Mandalay City Buildings Mapping,68,False,68,Myanmar Earthquake 2025 - Mandalay City Buildings Mapping|100508_57344
OAM-402034-229380-19,fold_2,Myanmar,Myanmar Earthquake 2025 - Mandalay City Buildings Mapping,71,False,71,Myanmar Earthquake 2025 - Mandalay City Buildings Mapping|100508_57345
OAM-402034-229414-19,fold_2,Myanmar,Myanmar Earthquake 2025 - Amarapura/Mandalay Buildings Mapping,79,False,79,Myanmar Earthquake 2025 - Amarapura/Mandalay Buildings Mapping|100508_57353
OAM-402034-229457-19,fold_5,Myanmar,Myanmar Earthquake 2025 - Amarapura/Mandalay Buildings Mapping,0,True,0,Myanmar Earthquake 2025 - Amarapura/Mandalay Buildings Mapping|100508_57364
OAM-402034-229458-19,fold_5,Myanmar,Myanmar Earthquake 2025 - Amarapura/Mandalay Buildings Mapping,0,True,0,Myanmar Earthquake 2025 - Amarapura/Mandalay Buildings Mapping|100508_57364
OAM-402034-229478-19,fold_6,Myanmar,Myanmar Earthquake 2025 - Amarapura/Mandalay Buildings Mapping,0,True,0,Myanmar Earthquake 2025 - Amarapura/Mandalay Buildings Mapping|100508_57369
OAM-402034-229480-19,fold_1,Myanmar,Myanmar Earthquake 2025 - Amarapura/Mandalay Buildings Mapping,0,True,0,Myanmar Earthquake 2025 - Amarapura/Mandalay Buildings Mapping|100508_57370
OAM-402034-229490-19,fold_5,Myanmar,Myanmar Earthquake 2025 - Amarapura/Mandalay Buildings Mapping,0,True,0,Myanmar Earthquake 2025 - Amarapura/Mandalay Buildings Mapping|100508_57372
OAM-402034-229493-19,fold_3,Myanmar,Myanmar Earthquake 2025 - Amarapura/Mandalay Buildings Mapping,0,True,0,Myanmar Earthquake 2025 - Amarapura/Mandalay Buildings Mapping|100508_57373
OAM-402034-229495-19,fold_3,Myanmar,Myanmar Earthquake 2025 - Amarapura/Mandalay Buildings Mapping,0,True,0,Myanmar Earthquake 2025 - Amarapura/Mandalay Buildings Mapping|100508_57373
OAM-402034-229500-19,fold_1,Myanmar,Myanmar Earthquake 2025 - Amarapura/Mandalay Buildings Mapping,5,False,5,Myanmar Earthquake 2025 - Amarapura/Mandalay Buildings Mapping|100508_57375
OAM-402035-229330-19,fold_3,Myanmar,Myanmar Earthquake 2025 - Mandalay City Buildings Mapping,0,True,0,Myanmar Earthquake 2025 - Mandalay City Buildings Mapping|100508_57332
OAM-402035-229334-19,fold_1,Myanmar,Myanmar Earthquake 2025 - Mandalay City Buildings Mapping,0,True,0,Myanmar Earthquake 2025 - Mandalay City Buildings Mapping|100508_57333
OAM-402035-229367-19,fold_1,Myanmar,Myanmar Earthquake 2025 - Mandalay City Buildings Mapping,20,False,20,Myanmar Earthquake 2025 - Mandalay City Buildings Mapping|100508_57341
OAM-402035-229376-19,fold_1,Myanmar,Myanmar Earthquake 2025 - Mandalay City Buildings Mapping,71,False,71,Myanmar Earthquake 2025 - Mandalay City Buildings Mapping|100508_57344
OAM-402035-229382-19,fold_2,Myanmar,Myanmar Earthquake 2025 - Mandalay City Buildings Mapping,80,False,80,Myanmar Earthquake 2025 - Mandalay City Buildings Mapping|100508_57345
OAM-402035-229411-19,fold_1,Myanmar,Myanmar Earthquake 2025 - Amarapura/Mandalay Buildings Mapping,49,False,49,Myanmar Earthquake 2025 - Amarapura/Mandalay Buildings Mapping|100508_57352
OAM-402035-229414-19,fold_2,Myanmar,Myanmar Earthquake 2025 - Amarapura/Mandalay Buildings Mapping,73,False,73,Myanmar Earthquake 2025 - Amarapura/Mandalay Buildings Mapping|100508_57353
OAM-402035-229423-19,fold_2,Myanmar,Myanmar Earthquake 2025 - Amarapura/Mandalay Buildings Mapping,12,False,12,Myanmar Earthquake 2025 - Amarapura/Mandalay Buildings Mapping|100508_57355
OAM-402035-229437-19,fold_5,Myanmar,Myanmar Earthquake 2025 - Amarapura/Mandalay Buildings Mapping,0,True,0,Myanmar Earthquake 2025 - Amarapura/Mandalay Buildings Mapping|100508_57359
OAM-402035-229458-19,fold_5,Myanmar,Myanmar Earthquake 2025 - Amarapura/Mandalay Buildings Mapping,0,True,0,Myanmar Earthquake 2025 - Amarapura/Mandalay Buildings Mapping|100508_57364
OAM-402035-229459-19,fold_5,Myanmar,Myanmar Earthquake 2025 - Amarapura/Mandalay Buildings Mapping,0,True,0,Myanmar Earthquake 2025 - Amarapura/Mandalay Buildings Mapping|100508_57364
OAM-402035-229460-19,fold_1,Myanmar,Myanmar Earthquake 2025 - Amarapura/Mandalay Buildings Mapping,0,True,0,Myanmar Earthquake 2025 - Amarapura/Mandalay Buildings Mapping|100508_57365
OAM-402035-229478-19,fold_6,Myanmar,Myanmar Earthquake 2025 - Amarapura/Mandalay Buildings Mapping,0,True,0,Myanmar Earthquake 2025 - Amarapura/Mandalay Buildings Mapping|100508_57369
OAM-402035-229484-19,fold_3,Myanmar,Myanmar Earthquake 2025 - Amarapura/Mandalay Buildings Mapping,0,True,0,Myanmar Earthquake 2025 - Amarapura/Mandalay Buildings Mapping|100508_57371
OAM-402035-229491-19,fold_5,Myanmar,Myanmar Earthquake 2025 - Amarapura/Mandalay Buildings Mapping,0,True,0,Myanmar Earthquake 2025 - Amarapura/Mandalay Buildings Mapping|100508_57372
OAM-402036-229325-19,fold_6,Myanmar,Myanmar Earthquake 2025 - Mandalay City Buildings Mapping,0,True,0,Myanmar Earthquake 2025 - Mandalay City Buildings Mapping|100509_57331
OAM-402036-229326-19,fold_6,Myanmar,Myanmar Earthquake 2025 - Mandalay City Buildings Mapping,0,True,0,Myanmar Earthquake 2025 - Mandalay City Buildings Mapping|100509_57331
OAM-402036-229329-19,fold_3,Myanmar,Myanmar Earthquake 2025 - Mandalay City Buildings Mapping,0,True,0,Myanmar Earthquake 2025 - Mandalay City Buildings Mapping|100509_57332
OAM-402036-229355-19,fold_3,Myanmar,Myanmar Earthquake 2025 - Mandalay City Buildings Mapping,69,False,69,Myanmar Earthquake 2025 - Mandalay City Buildings Mapping|100509_57338
OAM-402036-229377-19,fold_4,Myanmar,Myanmar Earthquake 2025 - Mandalay City Buildings Mapping,81,False,81,Myanmar Earthquake 2025 - Mandalay City Buildings Mapping|100509_57344
OAM-402036-229426-19,fold_1,Myanmar,Myanmar Earthquake 2025 - Amarapura/Mandalay Buildings Mapping,6,False,6,Myanmar Earthquake 2025 - Amarapura/Mandalay Buildings Mapping|100509_57356
OAM-402036-229457-19,fold_4,Myanmar,Myanmar Earthquake 2025 - Amarapura/Mandalay Buildings Mapping,0,True,0,Myanmar Earthquake 2025 - Amarapura/Mandalay Buildings Mapping|100509_57364
OAM-402036-229458-19,fold_4,Myanmar,Myanmar Earthquake 2025 - Amarapura/Mandalay Buildings Mapping,0,True,0,Myanmar Earthquake 2025 - Amarapura/Mandalay Buildings Mapping|100509_57364
OAM-402036-229459-19,fold_4,Myanmar,Myanmar Earthquake 2025 - Amarapura/Mandalay Buildings Mapping,0,True,0,Myanmar Earthquake 2025 - Amarapura/Mandalay Buildings Mapping|100509_57364
OAM-402036-229491-19,fold_5,Myanmar,Myanmar Earthquake 2025 - Amarapura/Mandalay Buildings Mapping,0,True,0,Myanmar Earthquake 2025 - Amarapura/Mandalay Buildings Mapping|100509_57372
OAM-402037-229319-19,fold_3,Myanmar,Myanmar Earthquake 2025 - Mandalay City Buildings Mapping,0,True,0,Myanmar Earthquake 2025 - Mandalay City Buildings Mapping|100509_57329
OAM-402037-229320-19,fold_5,Myanmar,Myanmar Earthquake 2025 - Mandalay City Buildings Mapping,0,True,0,Myanmar Earthquake 2025 - Mandalay City Buildings Mapping|100509_57330
OAM-402037-229321-19,fold_5,Myanmar,Myanmar Earthquake 2025 - Mandalay City Buildings Mapping,0,True,0,Myanmar Earthquake 2025 - Mandalay City Buildings Mapping|100509_57330
OAM-402037-229322-19,fold_5,Myanmar,Myanmar Earthquake 2025 - Mandalay City Buildings Mapping,4,False,4,Myanmar Earthquake 2025 - Mandalay City Buildings Mapping|100509_57330
OAM-402037-229358-19,fold_2,Myanmar,Myanmar Earthquake 2025 - Mandalay City Buildings Mapping,49,False,49,Myanmar Earthquake 2025 - Mandalay City Buildings Mapping|100509_57339
OAM-402037-229364-19,fold_5,Myanmar,Myanmar Earthquake 2025 - Mandalay City Buildings Mapping,0,True,0,Myanmar Earthquake 2025 - Mandalay City Buildings Mapping|100509_57341
OAM-402037-229380-19,fold_0,Myanmar,Myanmar Earthquake 2025 - Mandalay City Buildings Mapping,53,False,53,Myanmar Earthquake 2025 - Mandalay City Buildings Mapping|100509_57345
OAM-402037-229387-19,fold_5,Myanmar,Myanmar Earthquake 2025 - Mandalay City Buildings Mapping,5,False,5,Myanmar Earthquake 2025 - Mandalay City Buildings Mapping|100509_57346
OAM-402037-229401-19,fold_5,Myanmar,Myanmar Earthquake 2025 - Mandalay City Buildings Mapping,0,True,0,Myanmar Earthquake 2025 - Mandalay City Buildings Mapping|100509_57350
OAM-402037-229415-19,fold_3,Myanmar,Myanmar Earthquake 2025 - Amarapura/Mandalay Buildings Mapping,5,False,5,Myanmar Earthquake 2025 - Amarapura/Mandalay Buildings Mapping|100509_57353
OAM-402037-229428-19,fold_6,Myanmar,Myanmar Earthquake 2025 - Amarapura/Mandalay Buildings Mapping,6,False,6,Myanmar Earthquake 2025 - Amarapura/Mandalay Buildings Mapping|100509_57357
OAM-402037-229430-19,fold_6,Myanmar,Myanmar Earthquake 2025 - Amarapura/Mandalay Buildings Mapping,0,True,0,Myanmar Earthquake 2025 - Amarapura/Mandalay Buildings Mapping|100509_57357
OAM-402037-229433-19,fold_1,Myanmar,Myanmar Earthquake 2025 - Amarapura/Mandalay Buildings Mapping,0,True,0,Myanmar Earthquake 2025 - Amarapura/Mandalay Buildings Mapping|100509_57358
OAM-402037-229457-19,fold_4,Myanmar,Myanmar Earthquake 2025 - Amarapura/Mandalay Buildings Mapping,3,False,3,Myanmar Earthquake 2025 - Amarapura/Mandalay Buildings Mapping|100509_57364
OAM-402037-229473-19,fold_6,Myanmar,Myanmar Earthquake 2025 - Amarapura/Mandalay Buildings Mapping,0,True,0,Myanmar Earthquake 2025 - Amarapura/Mandalay Buildings Mapping|100509_57368
OAM-402037-229475-19,fold_6,Myanmar,Myanmar Earthquake 2025 - Amarapura/Mandalay Buildings Mapping,0,True,0,Myanmar Earthquake 2025 - Amarapura/Mandalay Buildings Mapping|100509_57368
OAM-402037-229482-19,fold_5,Myanmar,Myanmar Earthquake 2025 - Amarapura/Mandalay Buildings Mapping,0,True,0,Myanmar Earthquake 2025 - Amarapura/Mandalay Buildings Mapping|100509_57370
OAM-402037-229483-19,fold_5,Myanmar,Myanmar Earthquake 2025 - Amarapura/Mandalay Buildings Mapping,0,True,0,Myanmar Earthquake 2025 - Amarapura/Mandalay Buildings Mapping|100509_57370
OAM-402038-229315-19,fold_2,Myanmar,Myanmar Earthquake 2025 - Mandalay City Buildings Mapping,0,True,0,Myanmar Earthquake 2025 - Mandalay City Buildings Mapping|100509_57328
OAM-402038-229360-19,fold_6,Myanmar,Myanmar Earthquake 2025 - Mandalay City Buildings Mapping,1,False,1,Myanmar Earthquake 2025 - Mandalay City Buildings Mapping|100509_57340
OAM-402038-229363-19,fold_6,Myanmar,Myanmar Earthquake 2025 - Mandalay City Buildings Mapping,0,True,0,Myanmar Earthquake 2025 - Mandalay City Buildings Mapping|100509_57340
OAM-402038-229367-19,fold_5,Myanmar,Myanmar Earthquake 2025 - Mandalay City Buildings Mapping,0,True,0,Myanmar Earthquake 2025 - Mandalay City Buildings Mapping|100509_57341
OAM-402038-229375-19,fold_4,Myanmar,Myanmar Earthquake 2025 - Mandalay City Buildings Mapping,6,False,6,Myanmar Earthquake 2025 - Mandalay City Buildings Mapping|100509_57343
OAM-402038-229380-19,fold_0,Myanmar,Myanmar Earthquake 2025 - Mandalay City Buildings Mapping,49,False,49,Myanmar Earthquake 2025 - Mandalay City Buildings Mapping|100509_57345
OAM-402038-229383-19,fold_0,Myanmar,Myanmar Earthquake 2025 - Mandalay City Buildings Mapping,5,False,5,Myanmar Earthquake 2025 - Mandalay City Buildings Mapping|100509_57345
OAM-402038-229386-19,fold_5,Myanmar,Myanmar Earthquake 2025 - Mandalay City Buildings Mapping,1,False,1,Myanmar Earthquake 2025 - Mandalay City Buildings Mapping|100509_57346
OAM-402038-229389-19,fold_0,Myanmar,Myanmar Earthquake 2025 - Mandalay City Buildings Mapping,8,False,8,Myanmar Earthquake 2025 - Mandalay City Buildings Mapping|100509_57347
OAM-402038-229394-19,fold_6,Myanmar,Myanmar Earthquake 2025 - Mandalay City Buildings Mapping,0,True,0,Myanmar Earthquake 2025 - Mandalay City Buildings Mapping|100509_57348
OAM-402038-229400-19,fold_5,Myanmar,Myanmar Earthquake 2025 - Mandalay City Buildings Mapping,0,True,0,Myanmar Earthquake 2025 - Mandalay City Buildings Mapping|100509_57350
OAM-402038-229405-19,fold_6,Myanmar,Myanmar Earthquake 2025 - Amarapura/Mandalay Buildings Mapping,5,False,5,Myanmar Earthquake 2025 - Amarapura/Mandalay Buildings Mapping|100509_57351
OAM-402038-229426-19,fold_1,Myanmar,Myanmar Earthquake 2025 - Amarapura/Mandalay Buildings Mapping,6,False,6,Myanmar Earthquake 2025 - Amarapura/Mandalay Buildings Mapping|100509_57356
OAM-402038-229474-19,fold_6,Myanmar,Myanmar Earthquake 2025 - Amarapura/Mandalay Buildings Mapping,0,True,0,Myanmar Earthquake 2025 - Amarapura/Mandalay Buildings Mapping|100509_57368
OAM-402038-229480-19,fold_5,Myanmar,Myanmar Earthquake 2025 - Amarapura/Mandalay Buildings Mapping,0,True,0,Myanmar Earthquake 2025 - Amarapura/Mandalay Buildings Mapping|100509_57370
OAM-402039-229326-19,fold_6,Myanmar,Myanmar Earthquake 2025 - Mandalay City Buildings Mapping,5,False,5,Myanmar Earthquake 2025 - Mandalay City Buildings Mapping|100509_57331
OAM-402039-229355-19,fold_3,Myanmar,Myanmar Earthquake 2025 - Mandalay City Buildings Mapping,48,False,48,Myanmar Earthquake 2025 - Mandalay City Buildings Mapping|100509_57338
OAM-402039-229380-19,fold_0,Myanmar,Myanmar Earthquake 2025 - Mandalay City Buildings Mapping,76,False,76,Myanmar Earthquake 2025 - Mandalay City Buildings Mapping|100509_57345
OAM-402039-229389-19,fold_0,Myanmar,Myanmar Earthquake 2025 - Mandalay City Buildings Mapping,5,False,5,Myanmar Earthquake 2025 - Mandalay City Buildings Mapping|100509_57347
OAM-402039-229412-19,fold_3,Myanmar,Myanmar Earthquake 2025 - Amarapura/Mandalay Buildings Mapping,5,False,5,Myanmar Earthquake 2025 - Amarapura/Mandalay Buildings Mapping|100509_57353
OAM-402039-229414-19,fold_3,Myanmar,Myanmar Earthquake 2025 - Amarapura/Mandalay Buildings Mapping,5,False,5,Myanmar Earthquake 2025 - Amarapura/Mandalay Buildings Mapping|100509_57353
OAM-402039-229436-19,fold_4,Myanmar,Myanmar Earthquake 2025 - Amarapura/Mandalay Buildings Mapping,0,True,0,Myanmar Earthquake 2025 - Amarapura/Mandalay Buildings Mapping|100509_57359
OAM-402039-229456-19,fold_4,Myanmar,Myanmar Earthquake 2025 - Amarapura/Mandalay Buildings Mapping,1,False,1,Myanmar Earthquake 2025 - Amarapura/Mandalay Buildings Mapping|100509_57364
OAM-402039-229457-19,fold_4,Myanmar,Myanmar Earthquake 2025 - Amarapura/Mandalay Buildings Mapping,0,True,0,Myanmar Earthquake 2025 - Amarapura/Mandalay Buildings Mapping|100509_57364
OAM-402039-229477-19,fold_4,Myanmar,Myanmar Earthquake 2025 - Amarapura/Mandalay Buildings Mapping,0,True,0,Myanmar Earthquake 2025 - Amarapura/Mandalay Buildings Mapping|100509_57369
OAM-402039-229479-19,fold_4,Myanmar,Myanmar Earthquake 2025 - Amarapura/Mandalay Buildings Mapping,0,True,0,Myanmar Earthquake 2025 - Amarapura/Mandalay Buildings Mapping|100509_57369
OAM-402039-229496-19,fold_3,Myanmar,Myanmar Earthquake 2025 - Amarapura/Mandalay Buildings Mapping,0,True,0,Myanmar Earthquake 2025 - Amarapura/Mandalay Buildings Mapping|100509_57374
OAM-402040-229373-19,fold_1,Myanmar,Myanmar Earthquake 2025 - Mandalay City Buildings Mapping,0,True,0,Myanmar Earthquake 2025 - Mandalay City Buildings Mapping|100510_57343
OAM-402040-229380-19,fold_6,Myanmar,Myanmar Earthquake 2025 - Mandalay City Buildings Mapping,5,False,5,Myanmar Earthquake 2025 - Mandalay City Buildings Mapping|100510_57345
OAM-402040-229381-19,fold_6,Myanmar,Myanmar Earthquake 2025 - Mandalay City Buildings Mapping,4,False,4,Myanmar Earthquake 2025 - Mandalay City Buildings Mapping|100510_57345
OAM-402040-229384-19,fold_3,Myanmar,Myanmar Earthquake 2025 - Mandalay City Buildings Mapping,1,False,1,Myanmar Earthquake 2025 - Mandalay City Buildings Mapping|100510_57346
OAM-402040-229386-19,fold_3,Myanmar,Myanmar Earthquake 2025 - Mandalay City Buildings Mapping,2,False,2,Myanmar Earthquake 2025 - Mandalay City Buildings Mapping|100510_57346
OAM-402040-229388-19,fold_6,Myanmar,Myanmar Earthquake 2025 - Mandalay City Buildings Mapping,2,False,2,Myanmar Earthquake 2025 - Mandalay City Buildings Mapping|100510_57347
OAM-402040-229413-19,fold_4,Myanmar,Myanmar Earthquake 2025 - Amarapura/Mandalay Buildings Mapping,1,False,1,Myanmar Earthquake 2025 - Amarapura/Mandalay Buildings Mapping|100510_57353
OAM-402040-229414-19,fold_4,Myanmar,Myanmar Earthquake 2025 - Amarapura/Mandalay Buildings Mapping,5,False,5,Myanmar Earthquake 2025 - Amarapura/Mandalay Buildings Mapping|100510_57353
OAM-402040-229428-19,fold_1,Myanmar,Myanmar Earthquake 2025 - Amarapura/Mandalay Buildings Mapping,0,True,0,Myanmar Earthquake 2025 - Amarapura/Mandalay Buildings Mapping|100510_57357
OAM-402040-229429-19,fold_1,Myanmar,Myanmar Earthquake 2025 - Amarapura/Mandalay Buildings Mapping,0,True,0,Myanmar Earthquake 2025 - Amarapura/Mandalay Buildings Mapping|100510_57357
OAM-402040-229436-19,fold_4,Myanmar,Myanmar Earthquake 2025 - Amarapura/Mandalay Buildings Mapping,0,True,0,Myanmar Earthquake 2025 - Amarapura/Mandalay Buildings Mapping|100510_57359
OAM-402040-229457-19,fold_2,Myanmar,Myanmar Earthquake 2025 - Amarapura/Mandalay Buildings Mapping,0,True,0,Myanmar Earthquake 2025 - Amarapura/Mandalay Buildings Mapping|100510_57364
OAM-402040-229474-19,fold_5,Myanmar,Myanmar Earthquake 2025 - Amarapura/Mandalay Buildings Mapping,0,True,0,Myanmar Earthquake 2025 - Amarapura/Mandalay Buildings Mapping|100510_57368
OAM-402040-229475-19,fold_5,Myanmar,Myanmar Earthquake 2025 - Amarapura/Mandalay Buildings Mapping,0,True,0,Myanmar Earthquake 2025 - Amarapura/Mandalay Buildings Mapping|100510_57368
OAM-402040-229476-19,fold_5,Myanmar,Myanmar Earthquake 2025 - Amarapura/Mandalay Buildings Mapping,0,True,0,Myanmar Earthquake 2025 - Amarapura/Mandalay Buildings Mapping|100510_57369
OAM-402040-229478-19,fold_5,Myanmar,Myanmar Earthquake 2025 - Amarapura/Mandalay Buildings Mapping,0,True,0,Myanmar Earthquake 2025 - Amarapura/Mandalay Buildings Mapping|100510_57369
OAM-402040-229488-19,fold_0,Myanmar,Myanmar Earthquake 2025 - Amarapura/Mandalay Buildings Mapping,5,False,5,Myanmar Earthquake 2025 - Amarapura/Mandalay Buildings Mapping|100510_57372
OAM-402040-229497-19,fold_5,Myanmar,Myanmar Earthquake 2025 - Amarapura/Mandalay Buildings Mapping,0,True,0,Myanmar Earthquake 2025 - Amarapura/Mandalay Buildings Mapping|100510_57374
OAM-402040-229499-19,fold_5,Myanmar,Myanmar Earthquake 2025 - Amarapura/Mandalay Buildings Mapping,0,True,0,Myanmar Earthquake 2025 - Amarapura/Mandalay Buildings Mapping|100510_57374
OAM-402041-229328-19,fold_5,Myanmar,Myanmar Earthquake 2025 - Mandalay City Buildings Mapping,0,True,0,Myanmar Earthquake 2025 - Mandalay City Buildings Mapping|100510_57332
OAM-402041-229350-19,fold_5,Myanmar,Myanmar Earthquake 2025 - Mandalay City Buildings Mapping,73,False,73,Myanmar Earthquake 2025 - Mandalay City Buildings Mapping|100510_57337
OAM-402041-229364-19,fold_2,Myanmar,Myanmar Earthquake 2025 - Mandalay City Buildings Mapping,0,True,0,Myanmar Earthquake 2025 - Mandalay City Buildings Mapping|100510_57341
OAM-402041-229369-19,fold_4,Myanmar,Myanmar Earthquake 2025 - Mandalay City Buildings Mapping,0,True,0,Myanmar Earthquake 2025 - Mandalay City Buildings Mapping|100510_57342
OAM-402041-229383-19,fold_6,Myanmar,Myanmar Earthquake 2025 - Mandalay City Buildings Mapping,0,True,0,Myanmar Earthquake 2025 - Mandalay City Buildings Mapping|100510_57345
OAM-402041-229386-19,fold_3,Myanmar,Myanmar Earthquake 2025 - Mandalay City Buildings Mapping,2,False,2,Myanmar Earthquake 2025 - Mandalay City Buildings Mapping|100510_57346
OAM-402041-229428-19,fold_1,Myanmar,Myanmar Earthquake 2025 - Amarapura/Mandalay Buildings Mapping,6,False,6,Myanmar Earthquake 2025 - Amarapura/Mandalay Buildings Mapping|100510_57357
OAM-402041-229452-19,fold_1,Myanmar,Myanmar Earthquake 2025 - Amarapura/Mandalay Buildings Mapping,0,True,0,Myanmar Earthquake 2025 - Amarapura/Mandalay Buildings Mapping|100510_57363
OAM-402041-229456-19,fold_2,Myanmar,Myanmar Earthquake 2025 - Amarapura/Mandalay Buildings Mapping,1,False,1,Myanmar Earthquake 2025 - Amarapura/Mandalay Buildings Mapping|100510_57364
OAM-402041-229457-19,fold_2,Myanmar,Myanmar Earthquake 2025 - Amarapura/Mandalay Buildings Mapping,0,True,0,Myanmar Earthquake 2025 - Amarapura/Mandalay Buildings Mapping|100510_57364
OAM-402041-229492-19,fold_3,Myanmar,Myanmar Earthquake 2025 - Amarapura/Mandalay Buildings Mapping,0,True,0,Myanmar Earthquake 2025 - Amarapura/Mandalay Buildings Mapping|100510_57373
OAM-402041-229498-19,fold_5,Myanmar,Myanmar Earthquake 2025 - Amarapura/Mandalay Buildings Mapping,0,True,0,Myanmar Earthquake 2025 - Amarapura/Mandalay Buildings Mapping|100510_57374
OAM-402041-229504-19,fold_2,Myanmar,Myanmar Earthquake 2025 - Amarapura/Mandalay Buildings Mapping,20,False,20,Myanmar Earthquake 2025 - Amarapura/Mandalay Buildings Mapping|100510_57376
OAM-402042-229321-19,fold_6,Myanmar,Myanmar Earthquake 2025 - Mandalay City Buildings Mapping,22,False,22,Myanmar Earthquake 2025 - Mandalay City Buildings Mapping|100510_57330
OAM-402042-229349-19,fold_5,Myanmar,Myanmar Earthquake 2025 - Mandalay City Buildings Mapping,84,False,84,Myanmar Earthquake 2025 - Mandalay City Buildings Mapping|100510_57337
OAM-402042-229350-19,fold_5,Myanmar,Myanmar Earthquake 2025 - Mandalay City Buildings Mapping,89,False,89,Myanmar Earthquake 2025 - Mandalay City Buildings Mapping|100510_57337
OAM-402042-229351-19,fold_5,Myanmar,Myanmar Earthquake 2025 - Mandalay City Buildings Mapping,76,False,76,Myanmar Earthquake 2025 - Mandalay City Buildings Mapping|100510_57337
OAM-402042-229376-19,fold_3,Myanmar,Myanmar Earthquake 2025 - Mandalay City Buildings Mapping,0,True,0,Myanmar Earthquake 2025 - Mandalay City Buildings Mapping|100510_57344
OAM-402042-229392-19,fold_5,Myanmar,Myanmar Earthquake 2025 - Mandalay City Buildings Mapping,0,True,0,Myanmar Earthquake 2025 - Mandalay City Buildings Mapping|100510_57348
OAM-402042-229414-19,fold_4,Myanmar,Myanmar Earthquake 2025 - Amarapura/Mandalay Buildings Mapping,5,False,5,Myanmar Earthquake 2025 - Amarapura/Mandalay Buildings Mapping|100510_57353
OAM-402042-229457-19,fold_2,Myanmar,Myanmar Earthquake 2025 - Amarapura/Mandalay Buildings Mapping,0,True,0,Myanmar Earthquake 2025 - Amarapura/Mandalay Buildings Mapping|100510_57364
OAM-402042-229474-19,fold_5,Myanmar,Myanmar Earthquake 2025 - Amarapura/Mandalay Buildings Mapping,0,True,0,Myanmar Earthquake 2025 - Amarapura/Mandalay Buildings Mapping|100510_57368
OAM-402042-229494-19,fold_3,Myanmar,Myanmar Earthquake 2025 - Amarapura/Mandalay Buildings Mapping,0,True,0,Myanmar Earthquake 2025 - Amarapura/Mandalay Buildings Mapping|100510_57373
OAM-402042-229499-19,fold_5,Myanmar,Myanmar Earthquake 2025 - Amarapura/Mandalay Buildings Mapping,0,True,0,Myanmar Earthquake 2025 - Amarapura/Mandalay Buildings Mapping|100510_57374
OAM-402043-229324-19,fold_3,Myanmar,Myanmar Earthquake 2025 - Mandalay City Buildings Mapping,0,True,0,Myanmar Earthquake 2025 - Mandalay City Buildings Mapping|100510_57331
OAM-402043-229350-19,fold_5,Myanmar,Myanmar Earthquake 2025 - Mandalay City Buildings Mapping,89,False,89,Myanmar Earthquake 2025 - Mandalay City Buildings Mapping|100510_57337
OAM-402043-229351-19,fold_5,Myanmar,Myanmar Earthquake 2025 - Mandalay City Buildings Mapping,91,False,91,Myanmar Earthquake 2025 - Mandalay City Buildings Mapping|100510_57337
OAM-402043-229362-19,fold_5,Myanmar,Myanmar Earthquake 2025 - Mandalay City Buildings Mapping,1,False,1,Myanmar Earthquake 2025 - Mandalay City Buildings Mapping|100510_57340
OAM-402043-229379-19,fold_3,Myanmar,Myanmar Earthquake 2025 - Mandalay City Buildings Mapping,0,True,0,Myanmar Earthquake 2025 - Mandalay City Buildings Mapping|100510_57344
OAM-402043-229409-19,fold_5,Myanmar,Myanmar Earthquake 2025 - Amarapura/Mandalay Buildings Mapping,5,False,5,Myanmar Earthquake 2025 - Amarapura/Mandalay Buildings Mapping|100510_57352
OAM-402043-229454-19,fold_1,Myanmar,Myanmar Earthquake 2025 - Amarapura/Mandalay Buildings Mapping,0,True,0,Myanmar Earthquake 2025 - Amarapura/Mandalay Buildings Mapping|100510_57363
OAM-402043-229456-19,fold_2,Myanmar,Myanmar Earthquake 2025 - Amarapura/Mandalay Buildings Mapping,1,False,1,Myanmar Earthquake 2025 - Amarapura/Mandalay Buildings Mapping|100510_57364
OAM-402043-229458-19,fold_2,Myanmar,Myanmar Earthquake 2025 - Amarapura/Mandalay Buildings Mapping,0,True,0,Myanmar Earthquake 2025 - Amarapura/Mandalay Buildings Mapping|100510_57364
OAM-402043-229461-19,fold_5,Myanmar,Myanmar Earthquake 2025 - Amarapura/Mandalay Buildings Mapping,0,True,0,Myanmar Earthquake 2025 - Amarapura/Mandalay Buildings Mapping|100510_57365
OAM-402043-229473-19,fold_5,Myanmar,Myanmar Earthquake 2025 - Amarapura/Mandalay Buildings Mapping,0,True,0,Myanmar Earthquake 2025 - Amarapura/Mandalay Buildings Mapping|100510_57368
OAM-402043-229475-19,fold_5,Myanmar,Myanmar Earthquake 2025 - Amarapura/Mandalay Buildings Mapping,0,True,0,Myanmar Earthquake 2025 - Amarapura/Mandalay Buildings Mapping|100510_57368
OAM-402043-229481-19,fold_2,Myanmar,Myanmar Earthquake 2025 - Amarapura/Mandalay Buildings Mapping,5,False,5,Myanmar Earthquake 2025 - Amarapura/Mandalay Buildings Mapping|100510_57370
OAM-402043-229484-19,fold_6,Myanmar,Myanmar Earthquake 2025 - Amarapura/Mandalay Buildings Mapping,5,False,5,Myanmar Earthquake 2025 - Amarapura/Mandalay Buildings Mapping|100510_57371
OAM-402043-229488-19,fold_0,Myanmar,Myanmar Earthquake 2025 - Amarapura/Mandalay Buildings Mapping,0,True,0,Myanmar Earthquake 2025 - Amarapura/Mandalay Buildings Mapping|100510_57372
OAM-402043-229492-19,fold_3,Myanmar,Myanmar Earthquake 2025 - Amarapura/Mandalay Buildings Mapping,0,True,0,Myanmar Earthquake 2025 - Amarapura/Mandalay Buildings Mapping|100510_57373
OAM-402043-229493-19,fold_3,Myanmar,Myanmar Earthquake 2025 - Amarapura/Mandalay Buildings Mapping,0,True,0,Myanmar Earthquake 2025 - Amarapura/Mandalay Buildings Mapping|100510_57373
OAM-402043-229494-19,fold_3,Myanmar,Myanmar Earthquake 2025 - Amarapura/Mandalay Buildings Mapping,0,True,0,Myanmar Earthquake 2025 - Amarapura/Mandalay Buildings Mapping|100510_57373
OAM-402043-229504-19,fold_2,Myanmar,Myanmar Earthquake 2025 - Amarapura/Mandalay Buildings Mapping,5,False,5,Myanmar Earthquake 2025 - Amarapura/Mandalay Buildings Mapping|100510_57376
OAM-402044-229318-19,fold_5,Myanmar,Myanmar Earthquake 2025 - Mandalay City Buildings Mapping,0,True,0,Myanmar Earthquake 2025 - Mandalay City Buildings Mapping|100511_57329
OAM-402044-229319-19,fold_5,Myanmar,Myanmar Earthquake 2025 - Mandalay City Buildings Mapping,0,True,0,Myanmar Earthquake 2025 - Mandalay City Buildings Mapping|100511_57329
OAM-402044-229322-19,fold_2,Myanmar,Myanmar Earthquake 2025 - Mandalay City Buildings Mapping,80,False,80,Myanmar Earthquake 2025 - Mandalay City Buildings Mapping|100511_57330
OAM-402044-229324-19,fold_0,Myanmar,Myanmar Earthquake 2025 - Mandalay City Buildings Mapping,56,False,56,Myanmar Earthquake 2025 - Mandalay City Buildings Mapping|100511_57331
OAM-402044-229353-19,fold_2,Myanmar,Myanmar Earthquake 2025 - Mandalay City Buildings Mapping,47,False,47,Myanmar Earthquake 2025 - Mandalay City Buildings Mapping|100511_57338
OAM-402044-229368-19,fold_5,Myanmar,Myanmar Earthquake 2025 - Mandalay City Buildings Mapping,0,True,0,Myanmar Earthquake 2025 - Mandalay City Buildings Mapping|100511_57342
OAM-402044-229378-19,fold_1,Myanmar,Myanmar Earthquake 2025 - Mandalay City Buildings Mapping,0,True,0,Myanmar Earthquake 2025 - Mandalay City Buildings Mapping|100511_57344
OAM-402044-229386-19,fold_6,Myanmar,Myanmar Earthquake 2025 - Mandalay City Buildings Mapping,0,True,0,Myanmar Earthquake 2025 - Mandalay City Buildings Mapping|100511_57346
OAM-402044-229388-19,fold_1,Myanmar,Myanmar Earthquake 2025 - Mandalay City Buildings Mapping,6,False,6,Myanmar Earthquake 2025 - Mandalay City Buildings Mapping|100511_57347
OAM-402044-229390-19,fold_1,Myanmar,Myanmar Earthquake 2025 - Mandalay City Buildings Mapping,0,True,0,Myanmar Earthquake 2025 - Mandalay City Buildings Mapping|100511_57347
OAM-402044-229401-19,fold_0,Myanmar,Myanmar Earthquake 2025 - Mandalay City Buildings Mapping,0,True,0,Myanmar Earthquake 2025 - Mandalay City Buildings Mapping|100511_57350
OAM-402044-229419-19,fold_6,Myanmar,Myanmar Earthquake 2025 - Amarapura/Mandalay Buildings Mapping,5,False,5,Myanmar Earthquake 2025 - Amarapura/Mandalay Buildings Mapping|100511_57354
OAM-402044-229428-19,fold_1,Myanmar,Myanmar Earthquake 2025 - Amarapura/Mandalay Buildings Mapping,0,True,0,Myanmar Earthquake 2025 - Amarapura/Mandalay Buildings Mapping|100511_57357
OAM-402044-229452-19,fold_3,Myanmar,Myanmar Earthquake 2025 - Amarapura/Mandalay Buildings Mapping,1,False,1,Myanmar Earthquake 2025 - Amarapura/Mandalay Buildings Mapping|100511_57363
OAM-402044-229455-19,fold_3,Myanmar,Myanmar Earthquake 2025 - Amarapura/Mandalay Buildings Mapping,5,False,5,Myanmar Earthquake 2025 - Amarapura/Mandalay Buildings Mapping|100511_57363
OAM-402044-229456-19,fold_0,Myanmar,Myanmar Earthquake 2025 - Amarapura/Mandalay Buildings Mapping,14,False,14,Myanmar Earthquake 2025 - Amarapura/Mandalay Buildings Mapping|100511_57364
OAM-402044-229457-19,fold_0,Myanmar,Myanmar Earthquake 2025 - Amarapura/Mandalay Buildings Mapping,6,False,6,Myanmar Earthquake 2025 - Amarapura/Mandalay Buildings Mapping|100511_57364
OAM-402044-229458-19,fold_0,Myanmar,Myanmar Earthquake 2025 - Amarapura/Mandalay Buildings Mapping,9,False,9,Myanmar Earthquake 2025 - Amarapura/Mandalay Buildings Mapping|100511_57364
OAM-402044-229462-19,fold_2,Myanmar,Myanmar Earthquake 2025 - Amarapura/Mandalay Buildings Mapping,5,False,5,Myanmar Earthquake 2025 - Amarapura/Mandalay Buildings Mapping|100511_57365
OAM-402044-229468-19,fold_5,Myanmar,Myanmar Earthquake 2025 - Amarapura/Mandalay Buildings Mapping,0,True,0,Myanmar Earthquake 2025 - Amarapura/Mandalay Buildings Mapping|100511_57367
OAM-402044-229479-19,fold_5,Myanmar,Myanmar Earthquake 2025 - Amarapura/Mandalay Buildings Mapping,5,False,5,Myanmar Earthquake 2025 - Amarapura/Mandalay Buildings Mapping|100511_57369
OAM-402045-229315-19,fold_5,Myanmar,Myanmar Earthquake 2025 - Mandalay City Buildings Mapping,52,False,52,Myanmar Earthquake 2025 - Mandalay City Buildings Mapping|100511_57328
OAM-402045-229363-19,fold_4,Myanmar,Myanmar Earthquake 2025 - Mandalay City Buildings Mapping,0,True,0,Myanmar Earthquake 2025 - Mandalay City Buildings Mapping|100511_57340
OAM-402045-229371-19,fold_5,Myanmar,Myanmar Earthquake 2025 - Mandalay City Buildings Mapping,0,True,0,Myanmar Earthquake 2025 - Mandalay City Buildings Mapping|100511_57342
OAM-402045-229408-19,fold_5,Myanmar,Myanmar Earthquake 2025 - Amarapura/Mandalay Buildings Mapping,5,False,5,Myanmar Earthquake 2025 - Amarapura/Mandalay Buildings Mapping|100511_57352
OAM-402045-229419-19,fold_6,Myanmar,Myanmar Earthquake 2025 - Amarapura/Mandalay Buildings Mapping,5,False,5,Myanmar Earthquake 2025 - Amarapura/Mandalay Buildings Mapping|100511_57354
OAM-402045-229420-19,fold_6,Myanmar,Myanmar Earthquake 2025 - Amarapura/Mandalay Buildings Mapping,5,False,5,Myanmar Earthquake 2025 - Amarapura/Mandalay Buildings Mapping|100511_57355
OAM-402045-229429-19,fold_1,Myanmar,Myanmar Earthquake 2025 - Amarapura/Mandalay Buildings Mapping,0,True,0,Myanmar Earthquake 2025 - Amarapura/Mandalay Buildings Mapping|100511_57357
OAM-402045-229461-19,fold_2,Myanmar,Myanmar Earthquake 2025 - Amarapura/Mandalay Buildings Mapping,5,False,5,Myanmar Earthquake 2025 - Amarapura/Mandalay Buildings Mapping|100511_57365
OAM-402045-229469-19,fold_5,Myanmar,Myanmar Earthquake 2025 - Amarapura/Mandalay Buildings Mapping,0,True,0,Myanmar Earthquake 2025 - Amarapura/Mandalay Buildings Mapping|100511_57367
OAM-402045-229477-19,fold_5,Myanmar,Myanmar Earthquake 2025 - Amarapura/Mandalay Buildings Mapping,5,False,5,Myanmar Earthquake 2025 - Amarapura/Mandalay Buildings Mapping|100511_57369
OAM-402045-229498-19,fold_3,Myanmar,Myanmar Earthquake 2025 - Amarapura/Mandalay Buildings Mapping,0,True,0,Myanmar Earthquake 2025 - Amarapura/Mandalay Buildings Mapping|100511_57374
OAM-402046-229320-19,fold_2,Myanmar,Myanmar Earthquake 2025 - Mandalay City Buildings Mapping,50,False,50,Myanmar Earthquake 2025 - Mandalay City Buildings Mapping|100511_57330
OAM-402046-229352-19,fold_2,Myanmar,Myanmar Earthquake 2025 - Mandalay City Buildings Mapping,50,False,50,Myanmar Earthquake 2025 - Mandalay City Buildings Mapping|100511_57338
OAM-402046-229401-19,fold_0,Myanmar,Myanmar Earthquake 2025 - Mandalay City Buildings Mapping,0,True,0,Myanmar Earthquake 2025 - Mandalay City Buildings Mapping|100511_57350
OAM-402046-229416-19,fold_6,Myanmar,Myanmar Earthquake 2025 - Amarapura/Mandalay Buildings Mapping,5,False,5,Myanmar Earthquake 2025 - Amarapura/Mandalay Buildings Mapping|100511_57354
OAM-402046-229420-19,fold_6,Myanmar,Myanmar Earthquake 2025 - Amarapura/Mandalay Buildings Mapping,5,False,5,Myanmar Earthquake 2025 - Amarapura/Mandalay Buildings Mapping|100511_57355
OAM-402046-229422-19,fold_6,Myanmar,Myanmar Earthquake 2025 - Amarapura/Mandalay Buildings Mapping,5,False,5,Myanmar Earthquake 2025 - Amarapura/Mandalay Buildings Mapping|100511_57355
OAM-402046-229423-19,fold_6,Myanmar,Myanmar Earthquake 2025 - Amarapura/Mandalay Buildings Mapping,5,False,5,Myanmar Earthquake 2025 - Amarapura/Mandalay Buildings Mapping|100511_57355
OAM-402046-229428-19,fold_1,Myanmar,Myanmar Earthquake 2025 - Amarapura/Mandalay Buildings Mapping,0,True,0,Myanmar Earthquake 2025 - Amarapura/Mandalay Buildings Mapping|100511_57357
OAM-402046-229466-19,fold_4,Myanmar,Myanmar Earthquake 2025 - Amarapura/Mandalay Buildings Mapping,5,False,5,Myanmar Earthquake 2025 - Amarapura/Mandalay Buildings Mapping|100511_57366
OAM-402046-229482-19,fold_3,Myanmar,Myanmar Earthquake 2025 - Amarapura/Mandalay Buildings Mapping,0,True,0,Myanmar Earthquake 2025 - Amarapura/Mandalay Buildings Mapping|100511_57370
OAM-402046-229495-19,fold_2,Myanmar,Myanmar Earthquake 2025 - Amarapura/Mandalay Buildings Mapping,0,True,0,Myanmar Earthquake 2025 - Amarapura/Mandalay Buildings Mapping|100511_57373
OAM-402046-229502-19,fold_3,Myanmar,Myanmar Earthquake 2025 - Amarapura/Mandalay Buildings Mapping,0,True,0,Myanmar Earthquake 2025 - Amarapura/Mandalay Buildings Mapping|100511_57375
OAM-402047-229313-19,fold_5,Myanmar,Myanmar Earthquake 2025 - Mandalay City Buildings Mapping,0,True,0,Myanmar Earthquake 2025 - Mandalay City Buildings Mapping|100511_57328
OAM-402047-229351-19,fold_2,Myanmar,Myanmar Earthquake 2025 - Mandalay City Buildings Mapping,47,False,47,Myanmar Earthquake 2025 - Mandalay City Buildings Mapping|100511_57337
OAM-402047-229352-19,fold_2,Myanmar,Myanmar Earthquake 2025 - Mandalay City Buildings Mapping,51,False,51,Myanmar Earthquake 2025 - Mandalay City Buildings Mapping|100511_57338
OAM-402047-229353-19,fold_2,Myanmar,Myanmar Earthquake 2025 - Mandalay City Buildings Mapping,74,False,74,Myanmar Earthquake 2025 - Mandalay City Buildings Mapping|100511_57338
OAM-402047-229372-19,fold_6,Myanmar,Myanmar Earthquake 2025 - Mandalay City Buildings Mapping,0,True,0,Myanmar Earthquake 2025 - Mandalay City Buildings Mapping|100511_57343
OAM-402047-229378-19,fold_1,Myanmar,Myanmar Earthquake 2025 - Mandalay City Buildings Mapping,4,False,4,Myanmar Earthquake 2025 - Mandalay City Buildings Mapping|100511_57344
OAM-402047-229427-19,fold_3,Myanmar,Myanmar Earthquake 2025 - Amarapura/Mandalay Buildings Mapping,0,True,0,Myanmar Earthquake 2025 - Amarapura/Mandalay Buildings Mapping|100511_57356
OAM-402047-229463-19,fold_2,Myanmar,Myanmar Earthquake 2025 - Amarapura/Mandalay Buildings Mapping,4,False,4,Myanmar Earthquake 2025 - Amarapura/Mandalay Buildings Mapping|100511_57365
OAM-402047-229465-19,fold_4,Myanmar,Myanmar Earthquake 2025 - Amarapura/Mandalay Buildings Mapping,0,True,0,Myanmar Earthquake 2025 - Amarapura/Mandalay Buildings Mapping|100511_57366
OAM-402047-229483-19,fold_3,Myanmar,Myanmar Earthquake 2025 - Amarapura/Mandalay Buildings Mapping,0,True,0,Myanmar Earthquake 2025 - Amarapura/Mandalay Buildings Mapping|100511_57370
OAM-402047-229489-19,fold_5,Myanmar,Myanmar Earthquake 2025 - Amarapura/Mandalay Buildings Mapping,0,True,0,Myanmar Earthquake 2025 - Amarapura/Mandalay Buildings Mapping|100511_57372
OAM-402048-229308-19,fold_1,Myanmar,Myanmar Earthquake 2025 - Mandalay City Buildings Mapping,49,False,49,Myanmar Earthquake 2025 - Mandalay City Buildings Mapping|100512_57327
OAM-402048-229323-19,fold_2,Myanmar,Myanmar Earthquake 2025 - Mandalay City Buildings Mapping,46,False,46,Myanmar Earthquake 2025 - Mandalay City Buildings Mapping|100512_57330
OAM-402048-229358-19,fold_2,Myanmar,Myanmar Earthquake 2025 - Mandalay City Buildings Mapping,4,False,4,Myanmar Earthquake 2025 - Mandalay City Buildings Mapping|100512_57339
OAM-402048-229373-19,fold_6,Myanmar,Myanmar Earthquake 2025 - Mandalay City Buildings Mapping,0,True,0,Myanmar Earthquake 2025 - Mandalay City Buildings Mapping|100512_57343
OAM-402048-229378-19,fold_3,Myanmar,Myanmar Earthquake 2025 - Mandalay City Buildings Mapping,2,False,2,Myanmar Earthquake 2025 - Mandalay City Buildings Mapping|100512_57344
OAM-402048-229379-19,fold_3,Myanmar,Myanmar Earthquake 2025 - Mandalay City Buildings Mapping,1,False,1,Myanmar Earthquake 2025 - Mandalay City Buildings Mapping|100512_57344
OAM-402048-229423-19,fold_6,Myanmar,Myanmar Earthquake 2025 - Amarapura/Mandalay Buildings Mapping,2,False,2,Myanmar Earthquake 2025 - Amarapura/Mandalay Buildings Mapping|100512_57355
OAM-402048-229425-19,fold_3,Myanmar,Myanmar Earthquake 2025 - Amarapura/Mandalay Buildings Mapping,1,False,1,Myanmar Earthquake 2025 - Amarapura/Mandalay Buildings Mapping|100512_57356
OAM-402048-229426-19,fold_3,Myanmar,Myanmar Earthquake 2025 - Amarapura/Mandalay Buildings Mapping,1,False,1,Myanmar Earthquake 2025 - Amarapura/Mandalay Buildings Mapping|100512_57356
OAM-402048-229428-19,fold_1,Myanmar,Myanmar Earthquake 2025 - Amarapura/Mandalay Buildings Mapping,0,True,0,Myanmar Earthquake 2025 - Amarapura/Mandalay Buildings Mapping|100512_57357
OAM-402048-229452-19,fold_3,Myanmar,Myanmar Earthquake 2025 - Amarapura/Mandalay Buildings Mapping,2,False,2,Myanmar Earthquake 2025 - Amarapura/Mandalay Buildings Mapping|100512_57363
OAM-402048-229453-19,fold_3,Myanmar,Myanmar Earthquake 2025 - Amarapura/Mandalay Buildings Mapping,5,False,5,Myanmar Earthquake 2025 - Amarapura/Mandalay Buildings Mapping|100512_57363
OAM-402048-229465-19,fold_0,Myanmar,Myanmar Earthquake 2025 - Amarapura/Mandalay Buildings Mapping,0,True,0,Myanmar Earthquake 2025 - Amarapura/Mandalay Buildings Mapping|100512_57366
OAM-402048-229486-19,fold_3,Myanmar,Myanmar Earthquake 2025 - Amarapura/Mandalay Buildings Mapping,0,True,0,Myanmar Earthquake 2025 - Amarapura/Mandalay Buildings Mapping|100512_57371
OAM-402049-229336-19,fold_4,Myanmar,Myanmar Earthquake 2025 - Mandalay City Buildings Mapping,48,False,48,Myanmar Earthquake 2025 - Mandalay City Buildings Mapping|100512_57334
OAM-402049-229341-19,fold_5,Myanmar,Myanmar Earthquake 2025 - Mandalay City Buildings Mapping,9,False,9,Myanmar Earthquake 2025 - Mandalay City Buildings Mapping|100512_57335
OAM-402049-229350-19,fold_0,Myanmar,Myanmar Earthquake 2025 - Mandalay City Buildings Mapping,68,False,68,Myanmar Earthquake 2025 - Mandalay City Buildings Mapping|100512_57337
OAM-402049-229352-19,fold_5,Myanmar,Myanmar Earthquake 2025 - Mandalay City Buildings Mapping,83,False,83,Myanmar Earthquake 2025 - Mandalay City Buildings Mapping|100512_57338
OAM-402049-229355-19,fold_5,Myanmar,Myanmar Earthquake 2025 - Mandalay City Buildings Mapping,98,False,98,Myanmar Earthquake 2025 - Mandalay City Buildings Mapping|100512_57338
OAM-402049-229427-19,fold_3,Myanmar,Myanmar Earthquake 2025 - Amarapura/Mandalay Buildings Mapping,0,True,0,Myanmar Earthquake 2025 - Amarapura/Mandalay Buildings Mapping|100512_57356
OAM-402049-229461-19,fold_3,Myanmar,Myanmar Earthquake 2025 - Amarapura/Mandalay Buildings Mapping,8,False,8,Myanmar Earthquake 2025 - Amarapura/Mandalay Buildings Mapping|100512_57365
OAM-402049-229467-19,fold_0,Myanmar,Myanmar Earthquake 2025 - Amarapura/Mandalay Buildings Mapping,0,True,0,Myanmar Earthquake 2025 - Amarapura/Mandalay Buildings Mapping|100512_57366
OAM-402049-229482-19,fold_3,Myanmar,Myanmar Earthquake 2025 - Amarapura/Mandalay Buildings Mapping,2,False,2,Myanmar Earthquake 2025 - Amarapura/Mandalay Buildings Mapping|100512_57370
OAM-402049-229488-19,fold_4,Myanmar,Myanmar Earthquake 2025 - Amarapura/Mandalay Buildings Mapping,0,True,0,Myanmar Earthquake 2025 - Amarapura/Mandalay Buildings Mapping|100512_57372
OAM-402050-229336-19,fold_4,Myanmar,Myanmar Earthquake 2025 - Mandalay City Buildings Mapping,83,False,83,Myanmar Earthquake 2025 - Mandalay City Buildings Mapping|100512_57334
OAM-402050-229355-19,fold_5,Myanmar,Myanmar Earthquake 2025 - Mandalay City Buildings Mapping,69,False,69,Myanmar Earthquake 2025 - Mandalay City Buildings Mapping|100512_57338
OAM-402050-229401-19,fold_0,Myanmar,Myanmar Earthquake 2025 - Mandalay City Buildings Mapping,21,False,21,Myanmar Earthquake 2025 - Mandalay City Buildings Mapping|100512_57350
OAM-402050-229480-19,fold_3,Myanmar,Myanmar Earthquake 2025 - Amarapura/Mandalay Buildings Mapping,0,True,0,Myanmar Earthquake 2025 - Amarapura/Mandalay Buildings Mapping|100512_57370
OAM-402050-229488-19,fold_4,Myanmar,Myanmar Earthquake 2025 - Amarapura/Mandalay Buildings Mapping,0,True,0,Myanmar Earthquake 2025 - Amarapura/Mandalay Buildings Mapping|100512_57372
OAM-402051-229428-19,fold_2,Myanmar,Myanmar Earthquake 2025 - Mandalay City Buildings Mapping,0,True,0,Myanmar Earthquake 2025 - Mandalay City Buildings Mapping|100512_57357
OAM-402051-229447-19,fold_0,Myanmar,Myanmar Earthquake 2025 - Amarapura/Mandalay Buildings Mapping,0,True,0,Myanmar Earthquake 2025 - Amarapura/Mandalay Buildings Mapping|100512_57361
OAM-402051-229465-19,fold_0,Myanmar,Myanmar Earthquake 2025 - Amarapura/Mandalay Buildings Mapping,0,True,0,Myanmar Earthquake 2025 - Amarapura/Mandalay Buildings Mapping|100512_57366
OAM-402051-229466-19,fold_0,Myanmar,Myanmar Earthquake 2025 - Amarapura/Mandalay Buildings Mapping,0,True,0,Myanmar Earthquake 2025 - Amarapura/Mandalay Buildings Mapping|100512_57366
OAM-402051-229477-19,fold_2,Myanmar,Myanmar Earthquake 2025 - Amarapura/Mandalay Buildings Mapping,0,True,0,Myanmar Earthquake 2025 - Amarapura/Mandalay Buildings Mapping|100512_57369
OAM-402051-229487-19,fold_3,Myanmar,Myanmar Earthquake 2025 - Amarapura/Mandalay Buildings Mapping,0,True,0,Myanmar Earthquake 2025 - Amarapura/Mandalay Buildings Mapping|100512_57371
OAM-402051-229499-19,fold_2,Myanmar,Myanmar Earthquake 2025 - Amarapura/Mandalay Buildings Mapping,0,True,0,Myanmar Earthquake 2025 - Amarapura/Mandalay Buildings Mapping|100512_57374
OAM-402052-229360-19,fold_4,Myanmar,Myanmar Earthquake 2025 - Mandalay City Buildings Mapping,0,True,0,Myanmar Earthquake 2025 - Mandalay City Buildings Mapping|100513_57340
OAM-402052-229372-19,fold_3,Myanmar,Myanmar Earthquake 2025 - Mandalay City Buildings Mapping,2,False,2,Myanmar Earthquake 2025 - Mandalay City Buildings Mapping|100513_57343
OAM-402052-229373-19,fold_3,Myanmar,Myanmar Earthquake 2025 - Mandalay City Buildings Mapping,0,True,0,Myanmar Earthquake 2025 - Mandalay City Buildings Mapping|100513_57343
OAM-402052-229402-19,fold_0,Myanmar,Myanmar Earthquake 2025 - Mandalay City Buildings Mapping,3,False,3,Myanmar Earthquake 2025 - Mandalay City Buildings Mapping|100513_57350
OAM-402052-229438-19,fold_1,Myanmar,Myanmar Earthquake 2025 - Amarapura/Mandalay Buildings Mapping,0,True,0,Myanmar Earthquake 2025 - Amarapura/Mandalay Buildings Mapping|100513_57359
OAM-402052-229439-19,fold_1,Myanmar,Myanmar Earthquake 2025 - Amarapura/Mandalay Buildings Mapping,0,True,0,Myanmar Earthquake 2025 - Amarapura/Mandalay Buildings Mapping|100513_57359
OAM-402052-229464-19,fold_2,Myanmar,Myanmar Earthquake 2025 - Amarapura/Mandalay Buildings Mapping,0,True,0,Myanmar Earthquake 2025 - Amarapura/Mandalay Buildings Mapping|100513_57366
OAM-402052-229501-19,fold_3,Myanmar,Myanmar Earthquake 2025 - Amarapura/Mandalay Buildings Mapping,1,False,1,Myanmar Earthquake 2025 - Amarapura/Mandalay Buildings Mapping|100513_57375
OAM-402053-229314-19,fold_2,Myanmar,Myanmar Earthquake 2025 - Mandalay City Buildings Mapping,20,False,20,Myanmar Earthquake 2025 - Mandalay City Buildings Mapping|100513_57328
OAM-402053-229361-19,fold_4,Myanmar,Myanmar Earthquake 2025 - Mandalay City Buildings Mapping,0,True,0,Myanmar Earthquake 2025 - Mandalay City Buildings Mapping|100513_57340
OAM-402053-229445-19,fold_3,Myanmar,Myanmar Earthquake 2025 - Amarapura/Mandalay Buildings Mapping,0,True,0,Myanmar Earthquake 2025 - Amarapura/Mandalay Buildings Mapping|100513_57361
OAM-402053-229474-19,fold_2,Myanmar,Myanmar Earthquake 2025 - Amarapura/Mandalay Buildings Mapping,7,False,7,Myanmar Earthquake 2025 - Amarapura/Mandalay Buildings Mapping|100513_57368
OAM-402054-229327-19,fold_5,Myanmar,Myanmar Earthquake 2025 - Mandalay City Buildings Mapping,22,False,22,Myanmar Earthquake 2025 - Mandalay City Buildings Mapping|100513_57331
OAM-402054-229372-19,fold_3,Myanmar,Myanmar Earthquake 2025 - Mandalay City Buildings Mapping,0,True,0,Myanmar Earthquake 2025 - Mandalay City Buildings Mapping|100513_57343
OAM-402054-229379-19,fold_5,Myanmar,Myanmar Earthquake 2025 - Mandalay City Buildings Mapping,0,True,0,Myanmar Earthquake 2025 - Mandalay City Buildings Mapping|100513_57344
OAM-402054-229414-19,fold_1,Myanmar,Myanmar Earthquake 2025 - Amarapura/Mandalay Buildings Mapping,0,True,0,Myanmar Earthquake 2025 - Amarapura/Mandalay Buildings Mapping|100513_57353
OAM-402054-229415-19,fold_1,Myanmar,Myanmar Earthquake 2025 - Amarapura/Mandalay Buildings Mapping,0,True,0,Myanmar Earthquake 2025 - Amarapura/Mandalay Buildings Mapping|100513_57353
OAM-402054-229443-19,fold_6,Myanmar,Myanmar Earthquake 2025 - Amarapura/Mandalay Buildings Mapping,0,True,0,Myanmar Earthquake 2025 - Amarapura/Mandalay Buildings Mapping|100513_57360
OAM-402054-229487-19,fold_3,Myanmar,Myanmar Earthquake 2025 - Amarapura/Mandalay Buildings Mapping,1,False,1,Myanmar Earthquake 2025 - Amarapura/Mandalay Buildings Mapping|100513_57371
OAM-402054-229508-19,fold_4,Myanmar,Myanmar Earthquake 2025 - Amarapura/Mandalay Buildings Mapping,2,False,2,Myanmar Earthquake 2025 - Amarapura/Mandalay Buildings Mapping|100513_57377
OAM-402055-229343-19,fold_5,Myanmar,Myanmar Earthquake 2025 - Mandalay City Buildings Mapping,0,True,0,Myanmar Earthquake 2025 - Mandalay City Buildings Mapping|100513_57335
OAM-402055-229361-19,fold_4,Myanmar,Myanmar Earthquake 2025 - Mandalay City Buildings Mapping,0,True,0,Myanmar Earthquake 2025 - Mandalay City Buildings Mapping|100513_57340
OAM-402055-229388-19,fold_6,Myanmar,Myanmar Earthquake 2025 - Mandalay City Buildings Mapping,0,True,0,Myanmar Earthquake 2025 - Mandalay City Buildings Mapping|100513_57347
OAM-402055-229439-19,fold_1,Myanmar,Myanmar Earthquake 2025 - Amarapura/Mandalay Buildings Mapping,0,True,0,Myanmar Earthquake 2025 - Amarapura/Mandalay Buildings Mapping|100513_57359
OAM-402055-229442-19,fold_6,Myanmar,Myanmar Earthquake 2025 - Amarapura/Mandalay Buildings Mapping,0,True,0,Myanmar Earthquake 2025 - Amarapura/Mandalay Buildings Mapping|100513_57360
OAM-402055-229471-19,fold_3,Myanmar,Myanmar Earthquake 2025 - Amarapura/Mandalay Buildings Mapping,0,True,0,Myanmar Earthquake 2025 - Amarapura/Mandalay Buildings Mapping|100513_57367
OAM-402055-229480-19,fold_2,Myanmar,Myanmar Earthquake 2025 - Amarapura/Mandalay Buildings Mapping,0,True,0,Myanmar Earthquake 2025 - Amarapura/Mandalay Buildings Mapping|100513_57370
OAM-402055-229486-19,fold_3,Myanmar,Myanmar Earthquake 2025 - Amarapura/Mandalay Buildings Mapping,1,False,1,Myanmar Earthquake 2025 - Amarapura/Mandalay Buildings Mapping|100513_57371
OAM-402055-229508-19,fold_4,Myanmar,Myanmar Earthquake 2025 - Amarapura/Mandalay Buildings Mapping,8,False,8,Myanmar Earthquake 2025 - Amarapura/Mandalay Buildings Mapping|100513_57377
OAM-402056-229328-19,fold_5,Myanmar,Myanmar Earthquake 2025 - Mandalay City Buildings Mapping,50,False,50,Myanmar Earthquake 2025 - Mandalay City Buildings Mapping|100514_57332
OAM-402056-229358-19,fold_3,Myanmar,Myanmar Earthquake 2025 - Mandalay City Buildings Mapping,100,False,100,Myanmar Earthquake 2025 - Mandalay City Buildings Mapping|100514_57339
OAM-402056-229359-19,fold_3,Myanmar,Myanmar Earthquake 2025 - Mandalay City Buildings Mapping,83,False,83,Myanmar Earthquake 2025 - Mandalay City Buildings Mapping|100514_57339
OAM-402056-229370-19,fold_4,Myanmar,Myanmar Earthquake 2025 - Mandalay City Buildings Mapping,0,True,0,Myanmar Earthquake 2025 - Mandalay City Buildings Mapping|100514_57342
OAM-402056-229372-19,fold_4,Myanmar,Myanmar Earthquake 2025 - Mandalay City Buildings Mapping,3,False,3,Myanmar Earthquake 2025 - Mandalay City Buildings Mapping|100514_57343
OAM-402056-229407-19,fold_5,Myanmar,Myanmar Earthquake 2025 - Amarapura/Mandalay Buildings Mapping,48,False,48,Myanmar Earthquake 2025 - Amarapura/Mandalay Buildings Mapping|100514_57351
OAM-402056-229408-19,fold_6,Myanmar,Myanmar Earthquake 2025 - Amarapura/Mandalay Buildings Mapping,49,False,49,Myanmar Earthquake 2025 - Amarapura/Mandalay Buildings Mapping|100514_57352
OAM-402056-229435-19,fold_4,Myanmar,Myanmar Earthquake 2025 - Amarapura/Mandalay Buildings Mapping,0,True,0,Myanmar Earthquake 2025 - Amarapura/Mandalay Buildings Mapping|100514_57358
OAM-402056-229438-19,fold_6,Myanmar,Myanmar Earthquake 2025 - Amarapura/Mandalay Buildings Mapping,0,True,0,Myanmar Earthquake 2025 - Amarapura/Mandalay Buildings Mapping|100514_57359
OAM-402056-229444-19,fold_0,Myanmar,Myanmar Earthquake 2025 - Amarapura/Mandalay Buildings Mapping,0,True,0,Myanmar Earthquake 2025 - Amarapura/Mandalay Buildings Mapping|100514_57361
OAM-402056-229446-19,fold_0,Myanmar,Myanmar Earthquake 2025 - Amarapura/Mandalay Buildings Mapping,0,True,0,Myanmar Earthquake 2025 - Amarapura/Mandalay Buildings Mapping|100514_57361
OAM-402056-229483-19,fold_3,Myanmar,Myanmar Earthquake 2025 - Amarapura/Mandalay Buildings Mapping,0,True,0,Myanmar Earthquake 2025 - Amarapura/Mandalay Buildings Mapping|100514_57370
OAM-402056-229498-19,fold_4,Myanmar,Myanmar Earthquake 2025 - Amarapura/Mandalay Buildings Mapping,1,False,1,Myanmar Earthquake 2025 - Amarapura/Mandalay Buildings Mapping|100514_57374
OAM-402056-229500-19,fold_2,Myanmar,Myanmar Earthquake 2025 - Amarapura/Mandalay Buildings Mapping,1,False,1,Myanmar Earthquake 2025 - Amarapura/Mandalay Buildings Mapping|100514_57375
OAM-402056-229502-19,fold_2,Myanmar,Myanmar Earthquake 2025 - Amarapura/Mandalay Buildings Mapping,1,False,1,Myanmar Earthquake 2025 - Amarapura/Mandalay Buildings Mapping|100514_57375
OAM-402056-229503-19,fold_2,Myanmar,Myanmar Earthquake 2025 - Amarapura/Mandalay Buildings Mapping,1,False,1,Myanmar Earthquake 2025 - Amarapura/Mandalay Buildings Mapping|100514_57375
OAM-402056-229504-19,fold_1,Myanmar,Myanmar Earthquake 2025 - Amarapura/Mandalay Buildings Mapping,0,True,0,Myanmar Earthquake 2025 - Amarapura/Mandalay Buildings Mapping|100514_57376
OAM-402057-229335-19,fold_2,Myanmar,Myanmar Earthquake 2025 - Mandalay City Buildings Mapping,48,False,48,Myanmar Earthquake 2025 - Mandalay City Buildings Mapping|100514_57333
OAM-402057-229343-19,fold_4,Myanmar,Myanmar Earthquake 2025 - Mandalay City Buildings Mapping,3,False,3,Myanmar Earthquake 2025 - Mandalay City Buildings Mapping|100514_57335
OAM-402057-229358-19,fold_3,Myanmar,Myanmar Earthquake 2025 - Mandalay City Buildings Mapping,77,False,77,Myanmar Earthquake 2025 - Mandalay City Buildings Mapping|100514_57339
OAM-402057-229359-19,fold_3,Myanmar,Myanmar Earthquake 2025 - Mandalay City Buildings Mapping,101,False,101,Myanmar Earthquake 2025 - Mandalay City Buildings Mapping|100514_57339
OAM-402057-229401-19,fold_0,Myanmar,Myanmar Earthquake 2025 - Mandalay City Buildings Mapping,22,False,22,Myanmar Earthquake 2025 - Mandalay City Buildings Mapping|100514_57350
OAM-402057-229411-19,fold_6,Myanmar,Myanmar Earthquake 2025 - Amarapura/Mandalay Buildings Mapping,2,False,2,Myanmar Earthquake 2025 - Amarapura/Mandalay Buildings Mapping|100514_57352
OAM-402057-229427-19,fold_0,Myanmar,Myanmar Earthquake 2025 - Amarapura/Mandalay Buildings Mapping,4,False,4,Myanmar Earthquake 2025 - Amarapura/Mandalay Buildings Mapping|100514_57356
OAM-402057-229431-19,fold_4,Myanmar,Myanmar Earthquake 2025 - Mandalay City Buildings Mapping,0,True,0,Myanmar Earthquake 2025 - Mandalay City Buildings Mapping|100514_57357
OAM-402057-229437-19,fold_6,Myanmar,Myanmar Earthquake 2025 - Amarapura/Mandalay Buildings Mapping,0,True,0,Myanmar Earthquake 2025 - Amarapura/Mandalay Buildings Mapping|100514_57359
OAM-402057-229440-19,fold_6,Myanmar,Myanmar Earthquake 2025 - Amarapura/Mandalay Buildings Mapping,0,True,0,Myanmar Earthquake 2025 - Amarapura/Mandalay Buildings Mapping|100514_57360
OAM-402057-229483-19,fold_3,Myanmar,Myanmar Earthquake 2025 - Amarapura/Mandalay Buildings Mapping,0,True,0,Myanmar Earthquake 2025 - Amarapura/Mandalay Buildings Mapping|100514_57370
OAM-402057-229488-19,fold_1,Myanmar,Myanmar Earthquake 2025 - Amarapura/Mandalay Buildings Mapping,3,False,3,Myanmar Earthquake 2025 - Amarapura/Mandalay Buildings Mapping|100514_57372
OAM-402057-229499-19,fold_4,Myanmar,Myanmar Earthquake 2025 - Amarapura/Mandalay Buildings Mapping,1,False,1,Myanmar Earthquake 2025 - Amarapura/Mandalay Buildings Mapping|100514_57374
OAM-402057-229500-19,fold_2,Myanmar,Myanmar Earthquake 2025 - Amarapura/Mandalay Buildings Mapping,1,False,1,Myanmar Earthquake 2025 - Amarapura/Mandalay Buildings Mapping|100514_57375
OAM-402057-229504-19,fold_1,Myanmar,Myanmar Earthquake 2025 - Amarapura/Mandalay Buildings Mapping,4,False,4,Myanmar Earthquake 2025 - Amarapura/Mandalay Buildings Mapping|100514_57376
OAM-402058-229313-19,fold_3,Myanmar,Myanmar Earthquake 2025 - Mandalay City Buildings Mapping,49,False,49,Myanmar Earthquake 2025 - Mandalay City Buildings Mapping|100514_57328
OAM-402058-229352-19,fold_1,Myanmar,Myanmar Earthquake 2025 - Mandalay City Buildings Mapping,107,False,107,Myanmar Earthquake 2025 - Mandalay City Buildings Mapping|100514_57338
OAM-402058-229411-19,fold_6,Myanmar,Myanmar Earthquake 2025 - Amarapura/Mandalay Buildings Mapping,2,False,2,Myanmar Earthquake 2025 - Amarapura/Mandalay Buildings Mapping|100514_57352
OAM-402058-229443-19,fold_6,Myanmar,Myanmar Earthquake 2025 - Amarapura/Mandalay Buildings Mapping,0,True,0,Myanmar Earthquake 2025 - Amarapura/Mandalay Buildings Mapping|100514_57360
OAM-402058-229458-19,fold_6,Myanmar,Myanmar Earthquake 2025 - Amarapura/Mandalay Buildings Mapping,5,False,5,Myanmar Earthquake 2025 - Amarapura/Mandalay Buildings Mapping|100514_57364
OAM-402058-229472-19,fold_5,Myanmar,Myanmar Earthquake 2025 - Amarapura/Mandalay Buildings Mapping,0,True,0,Myanmar Earthquake 2025 - Amarapura/Mandalay Buildings Mapping|100514_57368
OAM-402058-229488-19,fold_1,Myanmar,Myanmar Earthquake 2025 - Amarapura/Mandalay Buildings Mapping,0,True,0,Myanmar Earthquake 2025 - Amarapura/Mandalay Buildings Mapping|100514_57372
OAM-402058-229499-19,fold_4,Myanmar,Myanmar Earthquake 2025 - Amarapura/Mandalay Buildings Mapping,1,False,1,Myanmar Earthquake 2025 - Amarapura/Mandalay Buildings Mapping|100514_57374
OAM-402058-229500-19,fold_2,Myanmar,Myanmar Earthquake 2025 - Amarapura/Mandalay Buildings Mapping,1,False,1,Myanmar Earthquake 2025 - Amarapura/Mandalay Buildings Mapping|100514_57375
OAM-402058-229503-19,fold_2,Myanmar,Myanmar Earthquake 2025 - Amarapura/Mandalay Buildings Mapping,1,False,1,Myanmar Earthquake 2025 - Amarapura/Mandalay Buildings Mapping|100514_57375
OAM-402058-229507-19,fold_1,Myanmar,Myanmar Earthquake 2025 - Amarapura/Mandalay Buildings Mapping,5,False,5,Myanmar Earthquake 2025 - Amarapura/Mandalay Buildings Mapping|100514_57376
OAM-402059-229315-19,fold_3,Myanmar,Myanmar Earthquake 2025 - Mandalay City Buildings Mapping,5,False,5,Myanmar Earthquake 2025 - Mandalay City Buildings Mapping|100514_57328
OAM-402059-229349-19,fold_6,Myanmar,Myanmar Earthquake 2025 - Mandalay City Buildings Mapping,3,False,3,Myanmar Earthquake 2025 - Mandalay City Buildings Mapping|100514_57337
OAM-402059-229353-19,fold_1,Myanmar,Myanmar Earthquake 2025 - Mandalay City Buildings Mapping,100,False,100,Myanmar Earthquake 2025 - Mandalay City Buildings Mapping|100514_57338
OAM-402059-229355-19,fold_1,Myanmar,Myanmar Earthquake 2025 - Mandalay City Buildings Mapping,72,False,72,Myanmar Earthquake 2025 - Mandalay City Buildings Mapping|100514_57338
OAM-402059-229356-19,fold_3,Myanmar,Myanmar Earthquake 2025 - Mandalay City Buildings Mapping,80,False,80,Myanmar Earthquake 2025 - Mandalay City Buildings Mapping|100514_57339
OAM-402059-229368-19,fold_4,Myanmar,Myanmar Earthquake 2025 - Mandalay City Buildings Mapping,70,False,70,Myanmar Earthquake 2025 - Mandalay City Buildings Mapping|100514_57342
OAM-402059-229381-19,fold_0,Myanmar,Myanmar Earthquake 2025 - Mandalay City Buildings Mapping,2,False,2,Myanmar Earthquake 2025 - Mandalay City Buildings Mapping|100514_57345
OAM-402059-229419-19,fold_1,Myanmar,Myanmar Earthquake 2025 - Amarapura/Mandalay Buildings Mapping,1,False,1,Myanmar Earthquake 2025 - Amarapura/Mandalay Buildings Mapping|100514_57354
OAM-402059-229420-19,fold_6,Myanmar,Myanmar Earthquake 2025 - Amarapura/Mandalay Buildings Mapping,0,True,0,Myanmar Earthquake 2025 - Amarapura/Mandalay Buildings Mapping|100514_57355
OAM-402059-229423-19,fold_6,Myanmar,Myanmar Earthquake 2025 - Amarapura/Mandalay Buildings Mapping,6,False,6,Myanmar Earthquake 2025 - Amarapura/Mandalay Buildings Mapping|100514_57355
OAM-402059-229432-19,fold_4,Myanmar,Myanmar Earthquake 2025 - Mandalay City Buildings Mapping,0,True,0,Myanmar Earthquake 2025 - Mandalay City Buildings Mapping|100514_57358
OAM-402059-229435-19,fold_4,Myanmar,Myanmar Earthquake 2025 - Mandalay City Buildings Mapping,0,True,0,Myanmar Earthquake 2025 - Mandalay City Buildings Mapping|100514_57358
OAM-402059-229436-19,fold_0,Myanmar,Myanmar Earthquake 2025 - Mandalay City Buildings Mapping,0,True,0,Myanmar Earthquake 2025 - Mandalay City Buildings Mapping|100514_57359
OAM-402059-229455-19,fold_1,Myanmar,Myanmar Earthquake 2025 - Amarapura/Mandalay Buildings Mapping,4,False,4,Myanmar Earthquake 2025 - Amarapura/Mandalay Buildings Mapping|100514_57363
OAM-402059-229476-19,fold_6,Myanmar,Myanmar Earthquake 2025 - Amarapura/Mandalay Buildings Mapping,0,True,0,Myanmar Earthquake 2025 - Amarapura/Mandalay Buildings Mapping|100514_57369
OAM-402059-229477-19,fold_6,Myanmar,Myanmar Earthquake 2025 - Amarapura/Mandalay Buildings Mapping,0,True,0,Myanmar Earthquake 2025 - Amarapura/Mandalay Buildings Mapping|100514_57369
OAM-402059-229502-19,fold_2,Myanmar,Myanmar Earthquake 2025 - Amarapura/Mandalay Buildings Mapping,2,False,2,Myanmar Earthquake 2025 - Amarapura/Mandalay Buildings Mapping|100514_57375
OAM-402059-229509-19,fold_5,Myanmar,Myanmar Earthquake 2025 - Amarapura/Mandalay Buildings Mapping,7,False,7,Myanmar Earthquake 2025 - Amarapura/Mandalay Buildings Mapping|100514_57377
OAM-402060-229349-19,fold_0,Myanmar,Myanmar Earthquake 2025 - Mandalay City Buildings Mapping,8,False,8,Myanmar Earthquake 2025 - Mandalay City Buildings Mapping|100515_57337
OAM-402060-229367-19,fold_4,Myanmar,Myanmar Earthquake 2025 - Mandalay City Buildings Mapping,74,False,74,Myanmar Earthquake 2025 - Mandalay City Buildings Mapping|100515_57341
OAM-402060-229369-19,fold_5,Myanmar,Myanmar Earthquake 2025 - Mandalay City Buildings Mapping,110,False,110,Myanmar Earthquake 2025 - Mandalay City Buildings Mapping|100515_57342
OAM-402060-229399-19,fold_6,Myanmar,Myanmar Earthquake 2025 - Mandalay City Buildings Mapping,69,False,69,Myanmar Earthquake 2025 - Mandalay City Buildings Mapping|100515_57349
OAM-402060-229422-19,fold_5,Myanmar,Myanmar Earthquake 2025 - Amarapura/Mandalay Buildings Mapping,3,False,3,Myanmar Earthquake 2025 - Amarapura/Mandalay Buildings Mapping|100515_57355
OAM-402060-229431-19,fold_5,Myanmar,Myanmar Earthquake 2025 - Mandalay City Buildings Mapping,0,True,0,Myanmar Earthquake 2025 - Mandalay City Buildings Mapping|100515_57357
OAM-402060-229455-19,fold_3,Myanmar,Myanmar Earthquake 2025 - Amarapura/Mandalay Buildings Mapping,6,False,6,Myanmar Earthquake 2025 - Amarapura/Mandalay Buildings Mapping|100515_57363
OAM-402060-229487-19,fold_6,Myanmar,Myanmar Earthquake 2025 - Amarapura/Mandalay Buildings Mapping,0,True,0,Myanmar Earthquake 2025 - Amarapura/Mandalay Buildings Mapping|100515_57371
OAM-402060-229499-19,fold_2,Myanmar,Myanmar Earthquake 2025 - Amarapura/Mandalay Buildings Mapping,0,True,0,Myanmar Earthquake 2025 - Amarapura/Mandalay Buildings Mapping|100515_57374
OAM-402060-229500-19,fold_0,Myanmar,Myanmar Earthquake 2025 - Amarapura/Mandalay Buildings Mapping,2,False,2,Myanmar Earthquake 2025 - Amarapura/Mandalay Buildings Mapping|100515_57375
OAM-402060-229503-19,fold_0,Myanmar,Myanmar Earthquake 2025 - Amarapura/Mandalay Buildings Mapping,1,False,1,Myanmar Earthquake 2025 - Amarapura/Mandalay Buildings Mapping|100515_57375
OAM-402061-229364-19,fold_4,Myanmar,Myanmar Earthquake 2025 - Mandalay City Buildings Mapping,49,False,49,Myanmar Earthquake 2025 - Mandalay City Buildings Mapping|100515_57341
OAM-402061-229366-19,fold_4,Myanmar,Myanmar Earthquake 2025 - Mandalay City Buildings Mapping,92,False,92,Myanmar Earthquake 2025 - Mandalay City Buildings Mapping|100515_57341
OAM-402061-229368-19,fold_5,Myanmar,Myanmar Earthquake 2025 - Mandalay City Buildings Mapping,138,False,138,Myanmar Earthquake 2025 - Mandalay City Buildings Mapping|100515_57342
OAM-402061-229369-19,fold_5,Myanmar,Myanmar Earthquake 2025 - Mandalay City Buildings Mapping,133,False,133,Myanmar Earthquake 2025 - Mandalay City Buildings Mapping|100515_57342
OAM-402061-229370-19,fold_5,Myanmar,Myanmar Earthquake 2025 - Mandalay City Buildings Mapping,50,False,50,Myanmar Earthquake 2025 - Mandalay City Buildings Mapping|100515_57342
OAM-402061-229373-19,fold_3,Myanmar,Myanmar Earthquake 2025 - Mandalay City Buildings Mapping,20,False,20,Myanmar Earthquake 2025 - Mandalay City Buildings Mapping|100515_57343
OAM-402061-229399-19,fold_6,Myanmar,Myanmar Earthquake 2025 - Mandalay City Buildings Mapping,86,False,86,Myanmar Earthquake 2025 - Mandalay City Buildings Mapping|100515_57349
OAM-402061-229426-19,fold_5,Myanmar,Myanmar Earthquake 2025 - Amarapura/Mandalay Buildings Mapping,0,True,0,Myanmar Earthquake 2025 - Amarapura/Mandalay Buildings Mapping|100515_57356
OAM-402061-229429-19,fold_5,Myanmar,Myanmar Earthquake 2025 - Mandalay City Buildings Mapping,0,True,0,Myanmar Earthquake 2025 - Mandalay City Buildings Mapping|100515_57357
OAM-402061-229435-19,fold_1,Myanmar,Myanmar Earthquake 2025 - Mandalay City Buildings Mapping,0,True,0,Myanmar Earthquake 2025 - Mandalay City Buildings Mapping|100515_57358
OAM-402061-229438-19,fold_2,Myanmar,Myanmar Earthquake 2025 - Mandalay City Buildings Mapping,0,True,0,Myanmar Earthquake 2025 - Mandalay City Buildings Mapping|100515_57359
OAM-402061-229446-19,fold_5,Myanmar,Myanmar Earthquake 2025 - Amarapura/Mandalay Buildings Mapping,0,True,0,Myanmar Earthquake 2025 - Amarapura/Mandalay Buildings Mapping|100515_57361
OAM-402061-229453-19,fold_3,Myanmar,Myanmar Earthquake 2025 - Amarapura/Mandalay Buildings Mapping,19,False,19,Myanmar Earthquake 2025 - Amarapura/Mandalay Buildings Mapping|100515_57363
OAM-402061-229471-19,fold_3,Myanmar,Myanmar Earthquake 2025 - Amarapura/Mandalay Buildings Mapping,0,True,0,Myanmar Earthquake 2025 - Amarapura/Mandalay Buildings Mapping|100515_57367
OAM-402061-229473-19,fold_1,Myanmar,Myanmar Earthquake 2025 - Amarapura/Mandalay Buildings Mapping,1,False,1,Myanmar Earthquake 2025 - Amarapura/Mandalay Buildings Mapping|100515_57368
OAM-402061-229481-19,fold_2,Myanmar,Myanmar Earthquake 2025 - Amarapura/Mandalay Buildings Mapping,0,True,0,Myanmar Earthquake 2025 - Amarapura/Mandalay Buildings Mapping|100515_57370
OAM-402061-229485-19,fold_6,Myanmar,Myanmar Earthquake 2025 - Amarapura/Mandalay Buildings Mapping,0,True,0,Myanmar Earthquake 2025 - Amarapura/Mandalay Buildings Mapping|100515_57371
OAM-402061-229488-19,fold_0,Myanmar,Myanmar Earthquake 2025 - Amarapura/Mandalay Buildings Mapping,0,True,0,Myanmar Earthquake 2025 - Amarapura/Mandalay Buildings Mapping|100515_57372
OAM-402061-229496-19,fold_2,Myanmar,Myanmar Earthquake 2025 - Amarapura/Mandalay Buildings Mapping,13,False,13,Myanmar Earthquake 2025 - Amarapura/Mandalay Buildings Mapping|100515_57374
OAM-402061-229505-19,fold_1,Myanmar,Myanmar Earthquake 2025 - Amarapura/Mandalay Buildings Mapping,2,False,2,Myanmar Earthquake 2025 - Amarapura/Mandalay Buildings Mapping|100515_57376
OAM-402062-229337-19,fold_1,Myanmar,Myanmar Earthquake 2025 - Mandalay City Buildings Mapping,73,False,73,Myanmar Earthquake 2025 - Mandalay City Buildings Mapping|100515_57334
OAM-402062-229351-19,fold_0,Myanmar,Myanmar Earthquake 2025 - Mandalay City Buildings Mapping,49,False,49,Myanmar Earthquake 2025 - Mandalay City Buildings Mapping|100515_57337
OAM-402062-229382-19,fold_5,Myanmar,Myanmar Earthquake 2025 - Mandalay City Buildings Mapping,3,False,3,Myanmar Earthquake 2025 - Mandalay City Buildings Mapping|100515_57345
OAM-402062-229429-19,fold_5,Myanmar,Myanmar Earthquake 2025 - Mandalay City Buildings Mapping,0,True,0,Myanmar Earthquake 2025 - Mandalay City Buildings Mapping|100515_57357
OAM-402062-229434-19,fold_1,Myanmar,Myanmar Earthquake 2025 - Mandalay City Buildings Mapping,0,True,0,Myanmar Earthquake 2025 - Mandalay City Buildings Mapping|100515_57358
OAM-402062-229435-19,fold_1,Myanmar,Myanmar Earthquake 2025 - Mandalay City Buildings Mapping,0,True,0,Myanmar Earthquake 2025 - Mandalay City Buildings Mapping|100515_57358
OAM-402062-229444-19,fold_3,Myanmar,Myanmar Earthquake 2025 - Mandalay City Buildings Mapping,0,True,0,Myanmar Earthquake 2025 - Mandalay City Buildings Mapping|100515_57361
OAM-402062-229458-19,fold_4,Myanmar,Myanmar Earthquake 2025 - Amarapura/Mandalay Buildings Mapping,5,False,5,Myanmar Earthquake 2025 - Amarapura/Mandalay Buildings Mapping|100515_57364
OAM-402062-229459-19,fold_4,Myanmar,Myanmar Earthquake 2025 - Amarapura/Mandalay Buildings Mapping,4,False,4,Myanmar Earthquake 2025 - Amarapura/Mandalay Buildings Mapping|100515_57364
OAM-402062-229469-19,fold_3,Myanmar,Myanmar Earthquake 2025 - Amarapura/Mandalay Buildings Mapping,0,True,0,Myanmar Earthquake 2025 - Amarapura/Mandalay Buildings Mapping|100515_57367
OAM-402062-229470-19,fold_3,Myanmar,Myanmar Earthquake 2025 - Amarapura/Mandalay Buildings Mapping,0,True,0,Myanmar Earthquake 2025 - Amarapura/Mandalay Buildings Mapping|100515_57367
OAM-402062-229476-19,fold_1,Myanmar,Myanmar Earthquake 2025 - Amarapura/Mandalay Buildings Mapping,0,True,0,Myanmar Earthquake 2025 - Amarapura/Mandalay Buildings Mapping|100515_57369
OAM-402062-229482-19,fold_2,Myanmar,Myanmar Earthquake 2025 - Amarapura/Mandalay Buildings Mapping,0,True,0,Myanmar Earthquake 2025 - Amarapura/Mandalay Buildings Mapping|100515_57370
OAM-402062-229495-19,fold_1,Myanmar,Myanmar Earthquake 2025 - Amarapura/Mandalay Buildings Mapping,21,False,21,Myanmar Earthquake 2025 - Amarapura/Mandalay Buildings Mapping|100515_57373
OAM-402062-229499-19,fold_2,Myanmar,Myanmar Earthquake 2025 - Amarapura/Mandalay Buildings Mapping,1,False,1,Myanmar Earthquake 2025 - Amarapura/Mandalay Buildings Mapping|100515_57374
OAM-402062-229502-19,fold_0,Myanmar,Myanmar Earthquake 2025 - Amarapura/Mandalay Buildings Mapping,2,False,2,Myanmar Earthquake 2025 - Amarapura/Mandalay Buildings Mapping|100515_57375
OAM-402063-229385-19,fold_5,Myanmar,Myanmar Earthquake 2025 - Mandalay City Buildings Mapping,1,False,1,Myanmar Earthquake 2025 - Mandalay City Buildings Mapping|100515_57346
OAM-402063-229394-19,fold_3,Myanmar,Myanmar Earthquake 2025 - Mandalay City Buildings Mapping,4,False,4,Myanmar Earthquake 2025 - Mandalay City Buildings Mapping|100515_57348
OAM-402063-229395-19,fold_3,Myanmar,Myanmar Earthquake 2025 - Mandalay City Buildings Mapping,16,False,16,Myanmar Earthquake 2025 - Mandalay City Buildings Mapping|100515_57348
OAM-402063-229397-19,fold_6,Myanmar,Myanmar Earthquake 2025 - Mandalay City Buildings Mapping,3,False,3,Myanmar Earthquake 2025 - Mandalay City Buildings Mapping|100515_57349
OAM-402063-229410-19,fold_0,Myanmar,Myanmar Earthquake 2025 - Mandalay City Buildings Mapping,3,False,3,Myanmar Earthquake 2025 - Mandalay City Buildings Mapping|100515_57352
OAM-402063-229418-19,fold_2,Myanmar,Myanmar Earthquake 2025 - Mandalay City Buildings Mapping,1,False,1,Myanmar Earthquake 2025 - Mandalay City Buildings Mapping|100515_57354
OAM-402063-229426-19,fold_5,Myanmar,Myanmar Earthquake 2025 - Mandalay City Buildings Mapping,0,True,0,Myanmar Earthquake 2025 - Mandalay City Buildings Mapping|100515_57356
OAM-402063-229433-19,fold_1,Myanmar,Myanmar Earthquake 2025 - Mandalay City Buildings Mapping,0,True,0,Myanmar Earthquake 2025 - Mandalay City Buildings Mapping|100515_57358
OAM-402063-229434-19,fold_1,Myanmar,Myanmar Earthquake 2025 - Mandalay City Buildings Mapping,0,True,0,Myanmar Earthquake 2025 - Mandalay City Buildings Mapping|100515_57358
OAM-402063-229479-19,fold_1,Myanmar,Myanmar Earthquake 2025 - Amarapura/Mandalay Buildings Mapping,0,True,0,Myanmar Earthquake 2025 - Amarapura/Mandalay Buildings Mapping|100515_57369
OAM-402063-229481-19,fold_2,Myanmar,Myanmar Earthquake 2025 - Amarapura/Mandalay Buildings Mapping,1,False,1,Myanmar Earthquake 2025 - Amarapura/Mandalay Buildings Mapping|100515_57370
OAM-402063-229485-19,fold_6,Myanmar,Myanmar Earthquake 2025 - Amarapura/Mandalay Buildings Mapping,0,True,0,Myanmar Earthquake 2025 - Amarapura/Mandalay Buildings Mapping|100515_57371
OAM-402063-229486-19,fold_6,Myanmar,Myanmar Earthquake 2025 - Amarapura/Mandalay Buildings Mapping,0,True,0,Myanmar Earthquake 2025 - Amarapura/Mandalay Buildings Mapping|100515_57371
OAM-402063-229501-19,fold_0,Myanmar,Myanmar Earthquake 2025 - Amarapura/Mandalay Buildings Mapping,0,True,0,Myanmar Earthquake 2025 - Amarapura/Mandalay Buildings Mapping|100515_57375
OAM-402064-229365-19,fold_4,Myanmar,Myanmar Earthquake 2025 - Mandalay City Buildings Mapping,30,False,30,Myanmar Earthquake 2025 - Mandalay City Buildings Mapping|100516_57341
OAM-402064-229371-19,fold_4,Myanmar,Myanmar Earthquake 2025 - Mandalay City Buildings Mapping,73,False,73,Myanmar Earthquake 2025 - Mandalay City Buildings Mapping|100516_57342
OAM-402064-229375-19,fold_5,Myanmar,Myanmar Earthquake 2025 - Mandalay City Buildings Mapping,57,False,57,Myanmar Earthquake 2025 - Mandalay City Buildings Mapping|100516_57343
OAM-402064-229384-19,fold_6,Myanmar,Myanmar Earthquake 2025 - Mandalay City Buildings Mapping,21,False,21,Myanmar Earthquake 2025 - Mandalay City Buildings Mapping|100516_57346
OAM-402064-229409-19,fold_6,Myanmar,Myanmar Earthquake 2025 - Mandalay City Buildings Mapping,4,False,4,Myanmar Earthquake 2025 - Mandalay City Buildings Mapping|100516_57352
OAM-402064-229410-19,fold_6,Myanmar,Myanmar Earthquake 2025 - Mandalay City Buildings Mapping,5,False,5,Myanmar Earthquake 2025 - Mandalay City Buildings Mapping|100516_57352
OAM-402064-229415-19,fold_2,Myanmar,Myanmar Earthquake 2025 - Mandalay City Buildings Mapping,3,False,3,Myanmar Earthquake 2025 - Mandalay City Buildings Mapping|100516_57353
OAM-402064-229417-19,fold_6,Myanmar,Myanmar Earthquake 2025 - Mandalay City Buildings Mapping,4,False,4,Myanmar Earthquake 2025 - Mandalay City Buildings Mapping|100516_57354
OAM-402064-229419-19,fold_6,Myanmar,Myanmar Earthquake 2025 - Mandalay City Buildings Mapping,2,False,2,Myanmar Earthquake 2025 - Mandalay City Buildings Mapping|100516_57354
OAM-402064-229426-19,fold_2,Myanmar,Myanmar Earthquake 2025 - Mandalay City Buildings Mapping,2,False,2,Myanmar Earthquake 2025 - Mandalay City Buildings Mapping|100516_57356
OAM-402064-229434-19,fold_1,Myanmar,Myanmar Earthquake 2025 - Mandalay City Buildings Mapping,0,True,0,Myanmar Earthquake 2025 - Mandalay City Buildings Mapping|100516_57358
OAM-402064-229436-19,fold_0,Myanmar,Myanmar Earthquake 2025 - Mandalay City Buildings Mapping,0,True,0,Myanmar Earthquake 2025 - Mandalay City Buildings Mapping|100516_57359
OAM-402065-229314-19,fold_1,Myanmar,Myanmar Earthquake 2025 - Mandalay City Buildings Mapping,7,False,7,Myanmar Earthquake 2025 - Mandalay City Buildings Mapping|100516_57328
OAM-402065-229330-19,fold_1,Myanmar,Myanmar Earthquake 2025 - Mandalay City Buildings Mapping,76,False,76,Myanmar Earthquake 2025 - Mandalay City Buildings Mapping|100516_57332
OAM-402065-229338-19,fold_5,Myanmar,Myanmar Earthquake 2025 - Mandalay City Buildings Mapping,24,False,24,Myanmar Earthquake 2025 - Mandalay City Buildings Mapping|100516_57334
OAM-402065-229384-19,fold_6,Myanmar,Myanmar Earthquake 2025 - Mandalay City Buildings Mapping,1,False,1,Myanmar Earthquake 2025 - Mandalay City Buildings Mapping|100516_57346
OAM-402065-229390-19,fold_1,Myanmar,Myanmar Earthquake 2025 - Mandalay City Buildings Mapping,2,False,2,Myanmar Earthquake 2025 - Mandalay City Buildings Mapping|100516_57347
OAM-402065-229393-19,fold_1,Myanmar,Myanmar Earthquake 2025 - Mandalay City Buildings Mapping,0,True,0,Myanmar Earthquake 2025 - Mandalay City Buildings Mapping|100516_57348
OAM-402065-229432-19,fold_1,Myanmar,Myanmar Earthquake 2025 - Mandalay City Buildings Mapping,93,False,93,Myanmar Earthquake 2025 - Mandalay City Buildings Mapping|100516_57358
OAM-402065-229435-19,fold_1,Myanmar,Myanmar Earthquake 2025 - Mandalay City Buildings Mapping,0,True,0,Myanmar Earthquake 2025 - Mandalay City Buildings Mapping|100516_57358
OAM-402065-229447-19,fold_6,Myanmar,Myanmar Earthquake 2025 - Mandalay City Buildings Mapping,1,False,1,Myanmar Earthquake 2025 - Mandalay City Buildings Mapping|100516_57361
OAM-402065-229453-19,fold_1,Myanmar,Myanmar Earthquake 2025 - Amarapura/Mandalay Buildings Mapping,6,False,6,Myanmar Earthquake 2025 - Amarapura/Mandalay Buildings Mapping|100516_57363
OAM-402065-229472-19,fold_0,Myanmar,Myanmar Earthquake 2025 - Amarapura/Mandalay Buildings Mapping,6,False,6,Myanmar Earthquake 2025 - Amarapura/Mandalay Buildings Mapping|100516_57368
OAM-402065-229480-19,fold_4,Myanmar,Myanmar Earthquake 2025 - Amarapura/Mandalay Buildings Mapping,3,False,3,Myanmar Earthquake 2025 - Amarapura/Mandalay Buildings Mapping|100516_57370
OAM-402065-229481-19,fold_4,Myanmar,Myanmar Earthquake 2025 - Amarapura/Mandalay Buildings Mapping,4,False,4,Myanmar Earthquake 2025 - Amarapura/Mandalay Buildings Mapping|100516_57370
OAM-402065-229484-19,fold_5,Myanmar,Myanmar Earthquake 2025 - Amarapura/Mandalay Buildings Mapping,6,False,6,Myanmar Earthquake 2025 - Amarapura/Mandalay Buildings Mapping|100516_57371
OAM-402066-229314-19,fold_1,Myanmar,Myanmar Earthquake 2025 - Mandalay City Buildings Mapping,1,False,1,Myanmar Earthquake 2025 - Mandalay City Buildings Mapping|100516_57328
OAM-402066-229373-19,fold_5,Myanmar,Myanmar Earthquake 2025 - Mandalay City Buildings Mapping,20,False,20,Myanmar Earthquake 2025 - Mandalay City Buildings Mapping|100516_57343
OAM-402066-229381-19,fold_5,Myanmar,Myanmar Earthquake 2025 - Mandalay City Buildings Mapping,22,False,22,Myanmar Earthquake 2025 - Mandalay City Buildings Mapping|100516_57345
OAM-402066-229388-19,fold_1,Myanmar,Myanmar Earthquake 2025 - Mandalay City Buildings Mapping,4,False,4,Myanmar Earthquake 2025 - Mandalay City Buildings Mapping|100516_57347
OAM-402066-229403-19,fold_2,Myanmar,Myanmar Earthquake 2025 - Mandalay City Buildings Mapping,85,False,85,Myanmar Earthquake 2025 - Mandalay City Buildings Mapping|100516_57350
OAM-402066-229410-19,fold_6,Myanmar,Myanmar Earthquake 2025 - Mandalay City Buildings Mapping,4,False,4,Myanmar Earthquake 2025 - Mandalay City Buildings Mapping|100516_57352
OAM-402066-229435-19,fold_1,Myanmar,Myanmar Earthquake 2025 - Mandalay City Buildings Mapping,1,False,1,Myanmar Earthquake 2025 - Mandalay City Buildings Mapping|100516_57358
OAM-402066-229480-19,fold_4,Myanmar,Myanmar Earthquake 2025 - Amarapura/Mandalay Buildings Mapping,3,False,3,Myanmar Earthquake 2025 - Amarapura/Mandalay Buildings Mapping|100516_57370
OAM-402066-229495-19,fold_4,Myanmar,Myanmar Earthquake 2025 - Amarapura/Mandalay Buildings Mapping,0,True,0,Myanmar Earthquake 2025 - Amarapura/Mandalay Buildings Mapping|100516_57373
OAM-402067-229358-19,fold_0,Myanmar,Myanmar Earthquake 2025 - Mandalay City Buildings Mapping,26,False,26,Myanmar Earthquake 2025 - Mandalay City Buildings Mapping|100516_57339
OAM-402067-229377-19,fold_5,Myanmar,Myanmar Earthquake 2025 - Mandalay City Buildings Mapping,50,False,50,Myanmar Earthquake 2025 - Mandalay City Buildings Mapping|100516_57344
OAM-402067-229378-19,fold_5,Myanmar,Myanmar Earthquake 2025 - Mandalay City Buildings Mapping,46,False,46,Myanmar Earthquake 2025 - Mandalay City Buildings Mapping|100516_57344
OAM-402067-229382-19,fold_5,Myanmar,Myanmar Earthquake 2025 - Mandalay City Buildings Mapping,6,False,6,Myanmar Earthquake 2025 - Mandalay City Buildings Mapping|100516_57345
OAM-402067-229432-19,fold_1,Myanmar,Myanmar Earthquake 2025 - Mandalay City Buildings Mapping,79,False,79,Myanmar Earthquake 2025 - Mandalay City Buildings Mapping|100516_57358
OAM-402067-229434-19,fold_1,Myanmar,Myanmar Earthquake 2025 - Mandalay City Buildings Mapping,1,False,1,Myanmar Earthquake 2025 - Mandalay City Buildings Mapping|100516_57358
OAM-402067-229444-19,fold_6,Myanmar,Myanmar Earthquake 2025 - Mandalay City Buildings Mapping,1,False,1,Myanmar Earthquake 2025 - Mandalay City Buildings Mapping|100516_57361
OAM-402067-229498-19,fold_6,Myanmar,Myanmar Earthquake 2025 - Amarapura/Mandalay Buildings Mapping,0,True,0,Myanmar Earthquake 2025 - Amarapura/Mandalay Buildings Mapping|100516_57374
OAM-402068-229337-19,fold_5,Myanmar,Myanmar Earthquake 2025 - Mandalay City Buildings Mapping,20,False,20,Myanmar Earthquake 2025 - Mandalay City Buildings Mapping|100517_57334
OAM-402068-229362-19,fold_3,Myanmar,Myanmar Earthquake 2025 - Mandalay City Buildings Mapping,4,False,4,Myanmar Earthquake 2025 - Mandalay City Buildings Mapping|100517_57340
OAM-402068-229363-19,fold_3,Myanmar,Myanmar Earthquake 2025 - Mandalay City Buildings Mapping,10,False,10,Myanmar Earthquake 2025 - Mandalay City Buildings Mapping|100517_57340
OAM-402068-229406-19,fold_1,Myanmar,Myanmar Earthquake 2025 - Mandalay City Buildings Mapping,49,False,49,Myanmar Earthquake 2025 - Mandalay City Buildings Mapping|100517_57351
OAM-402068-229452-19,fold_1,Myanmar,Myanmar Earthquake 2025 - Mandalay City Buildings Mapping,0,True,0,Myanmar Earthquake 2025 - Mandalay City Buildings Mapping|100517_57363
OAM-402068-229454-19,fold_1,Myanmar,Myanmar Earthquake 2025 - Mandalay City Buildings Mapping,0,True,0,Myanmar Earthquake 2025 - Mandalay City Buildings Mapping|100517_57363
OAM-402068-229476-19,fold_1,Myanmar,Myanmar Earthquake 2025 - Amarapura/Mandalay Buildings Mapping,3,False,3,Myanmar Earthquake 2025 - Amarapura/Mandalay Buildings Mapping|100517_57369
OAM-402068-229491-19,fold_6,Myanmar,Myanmar Earthquake 2025 - Amarapura/Mandalay Buildings Mapping,0,True,0,Myanmar Earthquake 2025 - Amarapura/Mandalay Buildings Mapping|100517_57372
OAM-402069-229362-19,fold_3,Myanmar,Myanmar Earthquake 2025 - Mandalay City Buildings Mapping,9,False,9,Myanmar Earthquake 2025 - Mandalay City Buildings Mapping|100517_57340
OAM-402069-229380-19,fold_0,Myanmar,Myanmar Earthquake 2025 - Mandalay City Buildings Mapping,8,False,8,Myanmar Earthquake 2025 - Mandalay City Buildings Mapping|100517_57345
OAM-402069-229413-19,fold_1,Myanmar,Myanmar Earthquake 2025 - Mandalay City Buildings Mapping,2,False,2,Myanmar Earthquake 2025 - Mandalay City Buildings Mapping|100517_57353
OAM-402069-229414-19,fold_1,Myanmar,Myanmar Earthquake 2025 - Mandalay City Buildings Mapping,2,False,2,Myanmar Earthquake 2025 - Mandalay City Buildings Mapping|100517_57353
OAM-402069-229440-19,fold_0,Myanmar,Myanmar Earthquake 2025 - Mandalay City Buildings Mapping,0,True,0,Myanmar Earthquake 2025 - Mandalay City Buildings Mapping|100517_57360
OAM-402069-229469-19,fold_4,Myanmar,Myanmar Earthquake 2025 - Amarapura/Mandalay Buildings Mapping,0,True,0,Myanmar Earthquake 2025 - Amarapura/Mandalay Buildings Mapping|100517_57367
OAM-402069-229475-19,fold_3,Myanmar,Myanmar Earthquake 2025 - Amarapura/Mandalay Buildings Mapping,0,True,0,Myanmar Earthquake 2025 - Amarapura/Mandalay Buildings Mapping|100517_57368
OAM-402070-229360-19,fold_3,Myanmar,Myanmar Earthquake 2025 - Mandalay City Buildings Mapping,11,False,11,Myanmar Earthquake 2025 - Mandalay City Buildings Mapping|100517_57340
OAM-402070-229362-19,fold_3,Myanmar,Myanmar Earthquake 2025 - Mandalay City Buildings Mapping,5,False,5,Myanmar Earthquake 2025 - Mandalay City Buildings Mapping|100517_57340
OAM-402070-229402-19,fold_2,Myanmar,Myanmar Earthquake 2025 - Mandalay City Buildings Mapping,7,False,7,Myanmar Earthquake 2025 - Mandalay City Buildings Mapping|100517_57350
OAM-402070-229416-19,fold_6,Myanmar,Myanmar Earthquake 2025 - Mandalay City Buildings Mapping,1,False,1,Myanmar Earthquake 2025 - Mandalay City Buildings Mapping|100517_57354
OAM-402070-229444-19,fold_5,Myanmar,Myanmar Earthquake 2025 - Mandalay City Buildings Mapping,7,False,7,Myanmar Earthquake 2025 - Mandalay City Buildings Mapping|100517_57361
OAM-402070-229458-19,fold_0,Myanmar,Myanmar Earthquake 2025 - Mandalay City Buildings Mapping,0,True,0,Myanmar Earthquake 2025 - Mandalay City Buildings Mapping|100517_57364
OAM-402070-229467-19,fold_4,Myanmar,Myanmar Earthquake 2025 - Amarapura/Mandalay Buildings Mapping,2,False,2,Myanmar Earthquake 2025 - Amarapura/Mandalay Buildings Mapping|100517_57366
OAM-402070-229507-19,fold_0,Myanmar,Myanmar Earthquake 2025 - Amarapura/Mandalay Buildings Mapping,20,False,20,Myanmar Earthquake 2025 - Amarapura/Mandalay Buildings Mapping|100517_57376
OAM-402071-229310-19,fold_3,Myanmar,Myanmar Earthquake 2025 - Mandalay City Buildings Mapping,8,False,8,Myanmar Earthquake 2025 - Mandalay City Buildings Mapping|100517_57327
OAM-402071-229360-19,fold_3,Myanmar,Myanmar Earthquake 2025 - Mandalay City Buildings Mapping,10,False,10,Myanmar Earthquake 2025 - Mandalay City Buildings Mapping|100517_57340
OAM-402071-229376-19,fold_3,Myanmar,Myanmar Earthquake 2025 - Mandalay City Buildings Mapping,70,False,70,Myanmar Earthquake 2025 - Mandalay City Buildings Mapping|100517_57344
OAM-402071-229412-19,fold_1,Myanmar,Myanmar Earthquake 2025 - Mandalay City Buildings Mapping,0,True,0,Myanmar Earthquake 2025 - Mandalay City Buildings Mapping|100517_57353
OAM-402071-229417-19,fold_6,Myanmar,Myanmar Earthquake 2025 - Mandalay City Buildings Mapping,3,False,3,Myanmar Earthquake 2025 - Mandalay City Buildings Mapping|100517_57354
OAM-402071-229435-19,fold_3,Myanmar,Myanmar Earthquake 2025 - Mandalay City Buildings Mapping,50,False,50,Myanmar Earthquake 2025 - Mandalay City Buildings Mapping|100517_57358
OAM-402071-229481-19,fold_6,Myanmar,Myanmar Earthquake 2025 - Amarapura/Mandalay Buildings Mapping,20,False,20,Myanmar Earthquake 2025 - Amarapura/Mandalay Buildings Mapping|100517_57370
OAM-402071-229496-19,fold_3,Myanmar,Myanmar Earthquake 2025 - Amarapura/Mandalay Buildings Mapping,0,True,0,Myanmar Earthquake 2025 - Amarapura/Mandalay Buildings Mapping|100517_57374
OAM-402072-229377-19,fold_6,Myanmar,Myanmar Earthquake 2025 - Mandalay City Buildings Mapping,86,False,86,Myanmar Earthquake 2025 - Mandalay City Buildings Mapping|100518_57344
OAM-402072-229379-19,fold_6,Myanmar,Myanmar Earthquake 2025 - Mandalay City Buildings Mapping,50,False,50,Myanmar Earthquake 2025 - Mandalay City Buildings Mapping|100518_57344
OAM-402072-229383-19,fold_4,Myanmar,Myanmar Earthquake 2025 - Mandalay City Buildings Mapping,0,True,0,Myanmar Earthquake 2025 - Mandalay City Buildings Mapping|100518_57345
OAM-402072-229387-19,fold_4,Myanmar,Myanmar Earthquake 2025 - Mandalay City Buildings Mapping,2,False,2,Myanmar Earthquake 2025 - Mandalay City Buildings Mapping|100518_57346
OAM-402072-229453-19,fold_1,Myanmar,Myanmar Earthquake 2025 - Mandalay City Buildings Mapping,0,True,0,Myanmar Earthquake 2025 - Mandalay City Buildings Mapping|100518_57363
OAM-402072-229502-19,fold_5,Myanmar,Myanmar Earthquake 2025 - Amarapura/Mandalay Buildings Mapping,0,True,0,Myanmar Earthquake 2025 - Amarapura/Mandalay Buildings Mapping|100518_57375
OAM-402073-229377-19,fold_6,Myanmar,Myanmar Earthquake 2025 - Mandalay City Buildings Mapping,118,False,118,Myanmar Earthquake 2025 - Mandalay City Buildings Mapping|100518_57344
OAM-402073-229395-19,fold_5,Myanmar,Myanmar Earthquake 2025 - Mandalay City Buildings Mapping,30,False,30,Myanmar Earthquake 2025 - Mandalay City Buildings Mapping|100518_57348
OAM-402073-229407-19,fold_3,Myanmar,Myanmar Earthquake 2025 - Mandalay City Buildings Mapping,50,False,50,Myanmar Earthquake 2025 - Mandalay City Buildings Mapping|100518_57351
OAM-402073-229426-19,fold_2,Myanmar,Myanmar Earthquake 2025 - Mandalay City Buildings Mapping,4,False,4,Myanmar Earthquake 2025 - Mandalay City Buildings Mapping|100518_57356
OAM-402073-229430-19,fold_4,Myanmar,Myanmar Earthquake 2025 - Mandalay City Buildings Mapping,6,False,6,Myanmar Earthquake 2025 - Mandalay City Buildings Mapping|100518_57357
OAM-402074-229330-19,fold_0,Myanmar,Myanmar Earthquake 2025 - Mandalay City Buildings Mapping,52,False,52,Myanmar Earthquake 2025 - Mandalay City Buildings Mapping|100518_57332
OAM-402074-229334-19,fold_6,Myanmar,Myanmar Earthquake 2025 - Mandalay City Buildings Mapping,14,False,14,Myanmar Earthquake 2025 - Mandalay City Buildings Mapping|100518_57333
OAM-402074-229377-19,fold_6,Myanmar,Myanmar Earthquake 2025 - Mandalay City Buildings Mapping,97,False,97,Myanmar Earthquake 2025 - Mandalay City Buildings Mapping|100518_57344
OAM-402074-229378-19,fold_6,Myanmar,Myanmar Earthquake 2025 - Mandalay City Buildings Mapping,104,False,104,Myanmar Earthquake 2025 - Mandalay City Buildings Mapping|100518_57344
OAM-402074-229379-19,fold_6,Myanmar,Myanmar Earthquake 2025 - Mandalay City Buildings Mapping,85,False,85,Myanmar Earthquake 2025 - Mandalay City Buildings Mapping|100518_57344
OAM-402074-229426-19,fold_2,Myanmar,Myanmar Earthquake 2025 - Mandalay City Buildings Mapping,1,False,1,Myanmar Earthquake 2025 - Mandalay City Buildings Mapping|100518_57356
OAM-402074-229453-19,fold_1,Myanmar,Myanmar Earthquake 2025 - Mandalay City Buildings Mapping,0,True,0,Myanmar Earthquake 2025 - Mandalay City Buildings Mapping|100518_57363
OAM-402074-229486-19,fold_1,Myanmar,Myanmar Earthquake 2025 - Amarapura/Mandalay Buildings Mapping,0,True,0,Myanmar Earthquake 2025 - Amarapura/Mandalay Buildings Mapping|100518_57371
OAM-402074-229491-19,fold_0,Myanmar,Myanmar Earthquake 2025 - Amarapura/Mandalay Buildings Mapping,0,True,0,Myanmar Earthquake 2025 - Amarapura/Mandalay Buildings Mapping|100518_57372
OAM-402074-229492-19,fold_6,Myanmar,Myanmar Earthquake 2025 - Amarapura/Mandalay Buildings Mapping,0,True,0,Myanmar Earthquake 2025 - Amarapura/Mandalay Buildings Mapping|100518_57373
OAM-402074-229496-19,fold_0,Myanmar,Myanmar Earthquake 2025 - Amarapura/Mandalay Buildings Mapping,0,True,0,Myanmar Earthquake 2025 - Amarapura/Mandalay Buildings Mapping|100518_57374
OAM-402074-229498-19,fold_0,Myanmar,Myanmar Earthquake 2025 - Amarapura/Mandalay Buildings Mapping,0,True,0,Myanmar Earthquake 2025 - Amarapura/Mandalay Buildings Mapping|100518_57374
OAM-402074-229500-19,fold_5,Myanmar,Myanmar Earthquake 2025 - Amarapura/Mandalay Buildings Mapping,0,True,0,Myanmar Earthquake 2025 - Amarapura/Mandalay Buildings Mapping|100518_57375
OAM-402074-229505-19,fold_3,Myanmar,Myanmar Earthquake 2025 - Amarapura/Mandalay Buildings Mapping,0,True,0,Myanmar Earthquake 2025 - Amarapura/Mandalay Buildings Mapping|100518_57376
OAM-402075-229331-19,fold_0,Myanmar,Myanmar Earthquake 2025 - Mandalay City Buildings Mapping,53,False,53,Myanmar Earthquake 2025 - Mandalay City Buildings Mapping|100518_57332
OAM-402075-229378-19,fold_6,Myanmar,Myanmar Earthquake 2025 - Mandalay City Buildings Mapping,95,False,95,Myanmar Earthquake 2025 - Mandalay City Buildings Mapping|100518_57344
OAM-402075-229405-19,fold_3,Myanmar,Myanmar Earthquake 2025 - Mandalay City Buildings Mapping,24,False,24,Myanmar Earthquake 2025 - Mandalay City Buildings Mapping|100518_57351
OAM-402075-229442-19,fold_5,Myanmar,Myanmar Earthquake 2025 - Mandalay City Buildings Mapping,20,False,20,Myanmar Earthquake 2025 - Mandalay City Buildings Mapping|100518_57360
OAM-402075-229451-19,fold_6,Myanmar,Myanmar Earthquake 2025 - Mandalay City Buildings Mapping,0,True,0,Myanmar Earthquake 2025 - Mandalay City Buildings Mapping|100518_57362
OAM-402075-229468-19,fold_3,Myanmar,Myanmar Earthquake 2025 - Amarapura/Mandalay Buildings Mapping,0,True,0,Myanmar Earthquake 2025 - Amarapura/Mandalay Buildings Mapping|100518_57367
OAM-402075-229470-19,fold_3,Myanmar,Myanmar Earthquake 2025 - Amarapura/Mandalay Buildings Mapping,0,True,0,Myanmar Earthquake 2025 - Amarapura/Mandalay Buildings Mapping|100518_57367
OAM-402075-229481-19,fold_4,Myanmar,Myanmar Earthquake 2025 - Amarapura/Mandalay Buildings Mapping,0,True,0,Myanmar Earthquake 2025 - Amarapura/Mandalay Buildings Mapping|100518_57370
OAM-402076-229307-19,fold_3,Myanmar,Myanmar Earthquake 2025 - Mandalay City Buildings Mapping,10,False,10,Myanmar Earthquake 2025 - Mandalay City Buildings Mapping|100519_57326
OAM-402076-229376-19,fold_6,Myanmar,Myanmar Earthquake 2025 - Mandalay City Buildings Mapping,88,False,88,Myanmar Earthquake 2025 - Mandalay City Buildings Mapping|100519_57344
OAM-402076-229377-19,fold_6,Myanmar,Myanmar Earthquake 2025 - Mandalay City Buildings Mapping,79,False,79,Myanmar Earthquake 2025 - Mandalay City Buildings Mapping|100519_57344
OAM-402076-229378-19,fold_6,Myanmar,Myanmar Earthquake 2025 - Mandalay City Buildings Mapping,71,False,71,Myanmar Earthquake 2025 - Mandalay City Buildings Mapping|100519_57344
OAM-402076-229425-19,fold_3,Myanmar,Myanmar Earthquake 2025 - Mandalay City Buildings Mapping,47,False,47,Myanmar Earthquake 2025 - Mandalay City Buildings Mapping|100519_57356
OAM-402076-229469-19,fold_1,Myanmar,Myanmar Earthquake 2025 - Amarapura/Mandalay Buildings Mapping,0,True,0,Myanmar Earthquake 2025 - Amarapura/Mandalay Buildings Mapping|100519_57367
OAM-402077-229311-19,fold_2,Myanmar,Myanmar Earthquake 2025 - Mandalay City Buildings Mapping,1,False,1,Myanmar Earthquake 2025 - Mandalay City Buildings Mapping|100519_57327
OAM-402077-229312-19,fold_2,Myanmar,Myanmar Earthquake 2025 - Mandalay City Buildings Mapping,0,True,0,Myanmar Earthquake 2025 - Mandalay City Buildings Mapping|100519_57328
OAM-402077-229377-19,fold_6,Myanmar,Myanmar Earthquake 2025 - Mandalay City Buildings Mapping,51,False,51,Myanmar Earthquake 2025 - Mandalay City Buildings Mapping|100519_57344
OAM-402077-229379-19,fold_6,Myanmar,Myanmar Earthquake 2025 - Mandalay City Buildings Mapping,48,False,48,Myanmar Earthquake 2025 - Mandalay City Buildings Mapping|100519_57344
OAM-402077-229452-19,fold_1,Myanmar,Myanmar Earthquake 2025 - Mandalay City Buildings Mapping,0,True,0,Myanmar Earthquake 2025 - Mandalay City Buildings Mapping|100519_57363
OAM-402077-229463-19,fold_3,Myanmar,Myanmar Earthquake 2025 - Mandalay City Buildings Mapping,0,True,0,Myanmar Earthquake 2025 - Mandalay City Buildings Mapping|100519_57365
OAM-402077-229464-19,fold_5,Myanmar,Myanmar Earthquake 2025 - Mandalay City Buildings Mapping,0,True,0,Myanmar Earthquake 2025 - Mandalay City Buildings Mapping|100519_57366
OAM-402077-229465-19,fold_5,Myanmar,Myanmar Earthquake 2025 - Mandalay City Buildings Mapping,0,True,0,Myanmar Earthquake 2025 - Mandalay City Buildings Mapping|100519_57366
OAM-402077-229466-19,fold_5,Myanmar,Myanmar Earthquake 2025 - Mandalay City Buildings Mapping,0,True,0,Myanmar Earthquake 2025 - Mandalay City Buildings Mapping|100519_57366
OAM-402077-229467-19,fold_5,Myanmar,Myanmar Earthquake 2025 - Mandalay City Buildings Mapping,0,True,0,Myanmar Earthquake 2025 - Mandalay City Buildings Mapping|100519_57366
OAM-402077-229471-19,fold_1,Myanmar,Myanmar Earthquake 2025 - Amarapura/Mandalay Buildings Mapping,0,True,0,Myanmar Earthquake 2025 - Amarapura/Mandalay Buildings Mapping|100519_57367
OAM-402077-229472-19,fold_4,Myanmar,Myanmar Earthquake 2025 - Amarapura/Mandalay Buildings Mapping,0,True,0,Myanmar Earthquake 2025 - Amarapura/Mandalay Buildings Mapping|100519_57368
OAM-402077-229474-19,fold_4,Myanmar,Myanmar Earthquake 2025 - Amarapura/Mandalay Buildings Mapping,0,True,0,Myanmar Earthquake 2025 - Amarapura/Mandalay Buildings Mapping|100519_57368
OAM-402077-229477-19,fold_5,Myanmar,Myanmar Earthquake 2025 - Amarapura/Mandalay Buildings Mapping,0,True,0,Myanmar Earthquake 2025 - Amarapura/Mandalay Buildings Mapping|100519_57369
OAM-402077-229479-19,fold_5,Myanmar,Myanmar Earthquake 2025 - Amarapura/Mandalay Buildings Mapping,0,True,0,Myanmar Earthquake 2025 - Amarapura/Mandalay Buildings Mapping|100519_57369
OAM-402078-229311-19,fold_2,Myanmar,Myanmar Earthquake 2025 - Mandalay City Buildings Mapping,1,False,1,Myanmar Earthquake 2025 - Mandalay City Buildings Mapping|100519_57327
OAM-402078-229312-19,fold_2,Myanmar,Myanmar Earthquake 2025 - Mandalay City Buildings Mapping,0,True,0,Myanmar Earthquake 2025 - Mandalay City Buildings Mapping|100519_57328
OAM-402078-229323-19,fold_0,Myanmar,Myanmar Earthquake 2025 - Mandalay City Buildings Mapping,9,False,9,Myanmar Earthquake 2025 - Mandalay City Buildings Mapping|100519_57330
OAM-402078-229327-19,fold_0,Myanmar,Myanmar Earthquake 2025 - Mandalay City Buildings Mapping,0,True,0,Myanmar Earthquake 2025 - Mandalay City Buildings Mapping|100519_57331
OAM-402078-229329-19,fold_5,Myanmar,Myanmar Earthquake 2025 - Mandalay City Buildings Mapping,0,True,0,Myanmar Earthquake 2025 - Mandalay City Buildings Mapping|100519_57332
OAM-402078-229340-19,fold_4,Myanmar,Myanmar Earthquake 2025 - Mandalay City Buildings Mapping,9,False,9,Myanmar Earthquake 2025 - Mandalay City Buildings Mapping|100519_57335
OAM-402078-229384-19,fold_1,Myanmar,Myanmar Earthquake 2025 - Mandalay City Buildings Mapping,1,False,1,Myanmar Earthquake 2025 - Mandalay City Buildings Mapping|100519_57346
OAM-402078-229396-19,fold_6,Myanmar,Myanmar Earthquake 2025 - Mandalay City Buildings Mapping,8,False,8,Myanmar Earthquake 2025 - Mandalay City Buildings Mapping|100519_57349
OAM-402078-229449-19,fold_4,Myanmar,Myanmar Earthquake 2025 - Mandalay City Buildings Mapping,0,True,0,Myanmar Earthquake 2025 - Mandalay City Buildings Mapping|100519_57362
OAM-402078-229460-19,fold_3,Myanmar,Myanmar Earthquake 2025 - Mandalay City Buildings Mapping,0,True,0,Myanmar Earthquake 2025 - Mandalay City Buildings Mapping|100519_57365
OAM-402078-229465-19,fold_5,Myanmar,Myanmar Earthquake 2025 - Mandalay City Buildings Mapping,0,True,0,Myanmar Earthquake 2025 - Mandalay City Buildings Mapping|100519_57366
OAM-402078-229467-19,fold_5,Myanmar,Myanmar Earthquake 2025 - Mandalay City Buildings Mapping,0,True,0,Myanmar Earthquake 2025 - Mandalay City Buildings Mapping|100519_57366
OAM-402078-229468-19,fold_5,Myanmar,Myanmar Earthquake 2025 - Mandalay City Buildings Mapping,0,True,0,Myanmar Earthquake 2025 - Mandalay City Buildings Mapping|100519_57367
OAM-402078-229471-19,fold_1,Myanmar,Myanmar Earthquake 2025 - Amarapura/Mandalay Buildings Mapping,0,True,0,Myanmar Earthquake 2025 - Amarapura/Mandalay Buildings Mapping|100519_57367
OAM-402078-229474-19,fold_4,Myanmar,Myanmar Earthquake 2025 - Amarapura/Mandalay Buildings Mapping,0,True,0,Myanmar Earthquake 2025 - Amarapura/Mandalay Buildings Mapping|100519_57368
OAM-402078-229485-19,fold_0,Myanmar,Myanmar Earthquake 2025 - Amarapura/Mandalay Buildings Mapping,0,True,0,Myanmar Earthquake 2025 - Amarapura/Mandalay Buildings Mapping|100519_57371
OAM-402078-229489-19,fold_0,Myanmar,Myanmar Earthquake 2025 - Amarapura/Mandalay Buildings Mapping,0,True,0,Myanmar Earthquake 2025 - Amarapura/Mandalay Buildings Mapping|100519_57372
OAM-402078-229490-19,fold_0,Myanmar,Myanmar Earthquake 2025 - Amarapura/Mandalay Buildings Mapping,0,True,0,Myanmar Earthquake 2025 - Amarapura/Mandalay Buildings Mapping|100519_57372
OAM-402078-229494-19,fold_6,Myanmar,Myanmar Earthquake 2025 - Amarapura/Mandalay Buildings Mapping,0,True,0,Myanmar Earthquake 2025 - Amarapura/Mandalay Buildings Mapping|100519_57373
OAM-402079-229312-19,fold_2,Myanmar,Myanmar Earthquake 2025 - Mandalay City Buildings Mapping,0,True,0,Myanmar Earthquake 2025 - Mandalay City Buildings Mapping|100519_57328
OAM-402079-229327-19,fold_0,Myanmar,Myanmar Earthquake 2025 - Mandalay City Buildings Mapping,4,False,4,Myanmar Earthquake 2025 - Mandalay City Buildings Mapping|100519_57331
OAM-402079-229349-19,fold_0,Myanmar,Myanmar Earthquake 2025 - Mandalay City Buildings Mapping,0,True,0,Myanmar Earthquake 2025 - Mandalay City Buildings Mapping|100519_57337
OAM-402079-229441-19,fold_5,Myanmar,Myanmar Earthquake 2025 - Mandalay City Buildings Mapping,8,False,8,Myanmar Earthquake 2025 - Mandalay City Buildings Mapping|100519_57360
OAM-402079-229444-19,fold_5,Myanmar,Myanmar Earthquake 2025 - Mandalay City Buildings Mapping,0,True,0,Myanmar Earthquake 2025 - Mandalay City Buildings Mapping|100519_57361
OAM-402079-229468-19,fold_5,Myanmar,Myanmar Earthquake 2025 - Mandalay City Buildings Mapping,0,True,0,Myanmar Earthquake 2025 - Mandalay City Buildings Mapping|100519_57367
OAM-402079-229472-19,fold_4,Myanmar,Myanmar Earthquake 2025 - Amarapura/Mandalay Buildings Mapping,5,False,5,Myanmar Earthquake 2025 - Amarapura/Mandalay Buildings Mapping|100519_57368
OAM-402079-229473-19,fold_4,Myanmar,Myanmar Earthquake 2025 - Amarapura/Mandalay Buildings Mapping,1,False,1,Myanmar Earthquake 2025 - Amarapura/Mandalay Buildings Mapping|100519_57368
OAM-402079-229481-19,fold_3,Myanmar,Myanmar Earthquake 2025 - Amarapura/Mandalay Buildings Mapping,0,True,0,Myanmar Earthquake 2025 - Amarapura/Mandalay Buildings Mapping|100519_57370
OAM-402079-229486-19,fold_0,Myanmar,Myanmar Earthquake 2025 - Amarapura/Mandalay Buildings Mapping,7,False,7,Myanmar Earthquake 2025 - Amarapura/Mandalay Buildings Mapping|100519_57371
OAM-402079-229490-19,fold_0,Myanmar,Myanmar Earthquake 2025 - Amarapura/Mandalay Buildings Mapping,0,True,0,Myanmar Earthquake 2025 - Amarapura/Mandalay Buildings Mapping|100519_57372
OAM-402079-229492-19,fold_6,Myanmar,Myanmar Earthquake 2025 - Amarapura/Mandalay Buildings Mapping,0,True,0,Myanmar Earthquake 2025 - Amarapura/Mandalay Buildings Mapping|100519_57373
OAM-402080-229312-19,fold_3,Myanmar,Myanmar Earthquake 2025 - Mandalay City Buildings Mapping,0,True,0,Myanmar Earthquake 2025 - Mandalay City Buildings Mapping|100520_57328
OAM-402080-229331-19,fold_1,Myanmar,Myanmar Earthquake 2025 - Mandalay City Buildings Mapping,4,False,4,Myanmar Earthquake 2025 - Mandalay City Buildings Mapping|100520_57332
OAM-402080-229370-19,fold_4,Myanmar,Myanmar Earthquake 2025 - Mandalay City Buildings Mapping,9,False,9,Myanmar Earthquake 2025 - Mandalay City Buildings Mapping|100520_57342
OAM-402080-229449-19,fold_4,Myanmar,Myanmar Earthquake 2025 - Mandalay City Buildings Mapping,0,True,0,Myanmar Earthquake 2025 - Mandalay City Buildings Mapping|100520_57362
OAM-402080-229467-19,fold_2,Myanmar,Myanmar Earthquake 2025 - Mandalay City Buildings Mapping,0,True,0,Myanmar Earthquake 2025 - Mandalay City Buildings Mapping|100520_57366
OAM-402080-229492-19,fold_0,Myanmar,Myanmar Earthquake 2025 - Amarapura/Mandalay Buildings Mapping,0,True,0,Myanmar Earthquake 2025 - Amarapura/Mandalay Buildings Mapping|100520_57373
OAM-402081-229312-19,fold_3,Myanmar,Myanmar Earthquake 2025 - Mandalay City Buildings Mapping,0,True,0,Myanmar Earthquake 2025 - Mandalay City Buildings Mapping|100520_57328
OAM-402081-229329-19,fold_1,Myanmar,Myanmar Earthquake 2025 - Mandalay City Buildings Mapping,2,False,2,Myanmar Earthquake 2025 - Mandalay City Buildings Mapping|100520_57332
OAM-402081-229330-19,fold_1,Myanmar,Myanmar Earthquake 2025 - Mandalay City Buildings Mapping,4,False,4,Myanmar Earthquake 2025 - Mandalay City Buildings Mapping|100520_57332
OAM-402081-229331-19,fold_1,Myanmar,Myanmar Earthquake 2025 - Mandalay City Buildings Mapping,3,False,3,Myanmar Earthquake 2025 - Mandalay City Buildings Mapping|100520_57332
OAM-402081-229332-19,fold_5,Myanmar,Myanmar Earthquake 2025 - Mandalay City Buildings Mapping,10,False,10,Myanmar Earthquake 2025 - Mandalay City Buildings Mapping|100520_57333
OAM-402081-229359-19,fold_4,Myanmar,Myanmar Earthquake 2025 - Mandalay City Buildings Mapping,14,False,14,Myanmar Earthquake 2025 - Mandalay City Buildings Mapping|100520_57339
OAM-402081-229370-19,fold_4,Myanmar,Myanmar Earthquake 2025 - Mandalay City Buildings Mapping,2,False,2,Myanmar Earthquake 2025 - Mandalay City Buildings Mapping|100520_57342
OAM-402081-229454-19,fold_2,Myanmar,Myanmar Earthquake 2025 - Mandalay City Buildings Mapping,0,True,0,Myanmar Earthquake 2025 - Mandalay City Buildings Mapping|100520_57363
OAM-402081-229455-19,fold_2,Myanmar,Myanmar Earthquake 2025 - Mandalay City Buildings Mapping,0,True,0,Myanmar Earthquake 2025 - Mandalay City Buildings Mapping|100520_57363
OAM-402081-229468-19,fold_5,Myanmar,Myanmar Earthquake 2025 - Mandalay City Buildings Mapping,0,True,0,Myanmar Earthquake 2025 - Mandalay City Buildings Mapping|100520_57367
OAM-402081-229482-19,fold_6,Myanmar,Myanmar Earthquake 2025 - Amarapura/Mandalay Buildings Mapping,51,False,51,Myanmar Earthquake 2025 - Amarapura/Mandalay Buildings Mapping|100520_57370
OAM-402082-229308-19,fold_3,Myanmar,Myanmar Earthquake 2025 - Mandalay City Buildings Mapping,1,False,1,Myanmar Earthquake 2025 - Mandalay City Buildings Mapping|100520_57327
OAM-402082-229311-19,fold_3,Myanmar,Myanmar Earthquake 2025 - Mandalay City Buildings Mapping,0,True,0,Myanmar Earthquake 2025 - Mandalay City Buildings Mapping|100520_57327
OAM-402082-229312-19,fold_3,Myanmar,Myanmar Earthquake 2025 - Mandalay City Buildings Mapping,0,True,0,Myanmar Earthquake 2025 - Mandalay City Buildings Mapping|100520_57328
OAM-402082-229319-19,fold_2,Myanmar,Myanmar Earthquake 2025 - Mandalay City Buildings Mapping,7,False,7,Myanmar Earthquake 2025 - Mandalay City Buildings Mapping|100520_57329
OAM-402082-229320-19,fold_4,Myanmar,Myanmar Earthquake 2025 - Mandalay City Buildings Mapping,9,False,9,Myanmar Earthquake 2025 - Mandalay City Buildings Mapping|100520_57330
OAM-402082-229363-19,fold_5,Myanmar,Myanmar Earthquake 2025 - Mandalay City Buildings Mapping,0,True,0,Myanmar Earthquake 2025 - Mandalay City Buildings Mapping|100520_57340
OAM-402082-229370-19,fold_4,Myanmar,Myanmar Earthquake 2025 - Mandalay City Buildings Mapping,1,False,1,Myanmar Earthquake 2025 - Mandalay City Buildings Mapping|100520_57342
OAM-402082-229387-19,fold_5,Myanmar,Myanmar Earthquake 2025 - Mandalay City Buildings Mapping,1,False,1,Myanmar Earthquake 2025 - Mandalay City Buildings Mapping|100520_57346
OAM-402082-229394-19,fold_0,Myanmar,Myanmar Earthquake 2025 - Mandalay City Buildings Mapping,0,True,0,Myanmar Earthquake 2025 - Mandalay City Buildings Mapping|100520_57348
OAM-402082-229400-19,fold_1,Myanmar,Myanmar Earthquake 2025 - Mandalay City Buildings Mapping,6,False,6,Myanmar Earthquake 2025 - Mandalay City Buildings Mapping|100520_57350
OAM-402082-229406-19,fold_5,Myanmar,Myanmar Earthquake 2025 - Mandalay City Buildings Mapping,0,True,0,Myanmar Earthquake 2025 - Mandalay City Buildings Mapping|100520_57351
OAM-402082-229411-19,fold_5,Myanmar,Myanmar Earthquake 2025 - Mandalay City Buildings Mapping,2,False,2,Myanmar Earthquake 2025 - Mandalay City Buildings Mapping|100520_57352
OAM-402082-229418-19,fold_4,Myanmar,Myanmar Earthquake 2025 - Mandalay City Buildings Mapping,2,False,2,Myanmar Earthquake 2025 - Mandalay City Buildings Mapping|100520_57354
OAM-402082-229420-19,fold_3,Myanmar,Myanmar Earthquake 2025 - Mandalay City Buildings Mapping,0,True,0,Myanmar Earthquake 2025 - Mandalay City Buildings Mapping|100520_57355
OAM-402082-229425-19,fold_0,Myanmar,Myanmar Earthquake 2025 - Mandalay City Buildings Mapping,6,False,6,Myanmar Earthquake 2025 - Mandalay City Buildings Mapping|100520_57356
OAM-402082-229442-19,fold_3,Myanmar,Myanmar Earthquake 2025 - Mandalay City Buildings Mapping,3,False,3,Myanmar Earthquake 2025 - Mandalay City Buildings Mapping|100520_57360
OAM-402082-229453-19,fold_2,Myanmar,Myanmar Earthquake 2025 - Mandalay City Buildings Mapping,0,True,0,Myanmar Earthquake 2025 - Mandalay City Buildings Mapping|100520_57363
OAM-402082-229454-19,fold_2,Myanmar,Myanmar Earthquake 2025 - Mandalay City Buildings Mapping,0,True,0,Myanmar Earthquake 2025 - Mandalay City Buildings Mapping|100520_57363
OAM-402082-229455-19,fold_2,Myanmar,Myanmar Earthquake 2025 - Mandalay City Buildings Mapping,3,False,3,Myanmar Earthquake 2025 - Mandalay City Buildings Mapping|100520_57363
OAM-402082-229465-19,fold_2,Myanmar,Myanmar Earthquake 2025 - Mandalay City Buildings Mapping,6,False,6,Myanmar Earthquake 2025 - Mandalay City Buildings Mapping|100520_57366
OAM-402082-229502-19,fold_6,Myanmar,Myanmar Earthquake 2025 - Amarapura/Mandalay Buildings Mapping,4,False,4,Myanmar Earthquake 2025 - Amarapura/Mandalay Buildings Mapping|100520_57375
OAM-402083-229357-19,fold_4,Myanmar,Myanmar Earthquake 2025 - Mandalay City Buildings Mapping,0,True,0,Myanmar Earthquake 2025 - Mandalay City Buildings Mapping|100520_57339
OAM-402083-229364-19,fold_5,Myanmar,Myanmar Earthquake 2025 - Mandalay City Buildings Mapping,0,True,0,Myanmar Earthquake 2025 - Mandalay City Buildings Mapping|100520_57341
OAM-402083-229366-19,fold_5,Myanmar,Myanmar Earthquake 2025 - Mandalay City Buildings Mapping,1,False,1,Myanmar Earthquake 2025 - Mandalay City Buildings Mapping|100520_57341
OAM-402083-229377-19,fold_2,Myanmar,Myanmar Earthquake 2025 - Mandalay City Buildings Mapping,4,False,4,Myanmar Earthquake 2025 - Mandalay City Buildings Mapping|100520_57344
OAM-402083-229378-19,fold_2,Myanmar,Myanmar Earthquake 2025 - Mandalay City Buildings Mapping,2,False,2,Myanmar Earthquake 2025 - Mandalay City Buildings Mapping|100520_57344
OAM-402083-229390-19,fold_0,Myanmar,Myanmar Earthquake 2025 - Mandalay City Buildings Mapping,0,True,0,Myanmar Earthquake 2025 - Mandalay City Buildings Mapping|100520_57347
OAM-402083-229448-19,fold_4,Myanmar,Myanmar Earthquake 2025 - Mandalay City Buildings Mapping,50,False,50,Myanmar Earthquake 2025 - Mandalay City Buildings Mapping|100520_57362
OAM-402083-229454-19,fold_2,Myanmar,Myanmar Earthquake 2025 - Mandalay City Buildings Mapping,6,False,6,Myanmar Earthquake 2025 - Mandalay City Buildings Mapping|100520_57363
OAM-402084-229313-19,fold_6,Myanmar,Myanmar Earthquake 2025 - Mandalay City Buildings Mapping,9,False,9,Myanmar Earthquake 2025 - Mandalay City Buildings Mapping|100521_57328
OAM-402084-229327-19,fold_5,Myanmar,Myanmar Earthquake 2025 - Mandalay City Buildings Mapping,40,False,40,Myanmar Earthquake 2025 - Mandalay City Buildings Mapping|100521_57331
OAM-402084-229352-19,fold_2,Myanmar,Myanmar Earthquake 2025 - Mandalay City Buildings Mapping,0,True,0,Myanmar Earthquake 2025 - Mandalay City Buildings Mapping|100521_57338
OAM-402084-229366-19,fold_2,Myanmar,Myanmar Earthquake 2025 - Mandalay City Buildings Mapping,1,False,1,Myanmar Earthquake 2025 - Mandalay City Buildings Mapping|100521_57341
OAM-402084-229380-19,fold_0,Myanmar,Myanmar Earthquake 2025 - Mandalay City Buildings Mapping,0,True,0,Myanmar Earthquake 2025 - Mandalay City Buildings Mapping|100521_57345
OAM-402084-229420-19,fold_6,Myanmar,Myanmar Earthquake 2025 - Mandalay City Buildings Mapping,0,True,0,Myanmar Earthquake 2025 - Mandalay City Buildings Mapping|100521_57355
OAM-402084-229423-19,fold_6,Myanmar,Myanmar Earthquake 2025 - Mandalay City Buildings Mapping,0,True,0,Myanmar Earthquake 2025 - Mandalay City Buildings Mapping|100521_57355
OAM-402084-229429-19,fold_2,Myanmar,Myanmar Earthquake 2025 - Mandalay City Buildings Mapping,0,True,0,Myanmar Earthquake 2025 - Mandalay City Buildings Mapping|100521_57357
OAM-402084-229440-19,fold_6,Myanmar,Myanmar Earthquake 2025 - Mandalay City Buildings Mapping,0,True,0,Myanmar Earthquake 2025 - Mandalay City Buildings Mapping|100521_57360
OAM-402084-229458-19,fold_1,Myanmar,Myanmar Earthquake 2025 - Mandalay City Buildings Mapping,5,False,5,Myanmar Earthquake 2025 - Mandalay City Buildings Mapping|100521_57364
OAM-402085-229324-19,fold_5,Myanmar,Myanmar Earthquake 2025 - Mandalay City Buildings Mapping,46,False,46,Myanmar Earthquake 2025 - Mandalay City Buildings Mapping|100521_57331
OAM-402085-229387-19,fold_6,Myanmar,Myanmar Earthquake 2025 - Mandalay City Buildings Mapping,2,False,2,Myanmar Earthquake 2025 - Mandalay City Buildings Mapping|100521_57346
OAM-402085-229388-19,fold_4,Myanmar,Myanmar Earthquake 2025 - Mandalay City Buildings Mapping,3,False,3,Myanmar Earthquake 2025 - Mandalay City Buildings Mapping|100521_57347
OAM-402085-229394-19,fold_4,Myanmar,Myanmar Earthquake 2025 - Mandalay City Buildings Mapping,0,True,0,Myanmar Earthquake 2025 - Mandalay City Buildings Mapping|100521_57348
OAM-402085-229395-19,fold_4,Myanmar,Myanmar Earthquake 2025 - Mandalay City Buildings Mapping,0,True,0,Myanmar Earthquake 2025 - Mandalay City Buildings Mapping|100521_57348
OAM-402085-229405-19,fold_1,Myanmar,Myanmar Earthquake 2025 - Mandalay City Buildings Mapping,5,False,5,Myanmar Earthquake 2025 - Mandalay City Buildings Mapping|100521_57351
OAM-402085-229454-19,fold_1,Myanmar,Myanmar Earthquake 2025 - Mandalay City Buildings Mapping,5,False,5,Myanmar Earthquake 2025 - Mandalay City Buildings Mapping|100521_57363
OAM-402085-229485-19,fold_5,Myanmar,Myanmar Earthquake 2025 - Amarapura/Mandalay Buildings Mapping,7,False,7,Myanmar Earthquake 2025 - Amarapura/Mandalay Buildings Mapping|100521_57371
OAM-402086-229348-19,fold_0,Myanmar,Myanmar Earthquake 2025 - Mandalay City Buildings Mapping,0,True,0,Myanmar Earthquake 2025 - Mandalay City Buildings Mapping|100521_57337
OAM-402086-229351-19,fold_0,Myanmar,Myanmar Earthquake 2025 - Mandalay City Buildings Mapping,2,False,2,Myanmar Earthquake 2025 - Mandalay City Buildings Mapping|100521_57337
OAM-402086-229355-19,fold_2,Myanmar,Myanmar Earthquake 2025 - Mandalay City Buildings Mapping,2,False,2,Myanmar Earthquake 2025 - Mandalay City Buildings Mapping|100521_57338
OAM-402086-229357-19,fold_5,Myanmar,Myanmar Earthquake 2025 - Mandalay City Buildings Mapping,1,False,1,Myanmar Earthquake 2025 - Mandalay City Buildings Mapping|100521_57339
OAM-402086-229389-19,fold_4,Myanmar,Myanmar Earthquake 2025 - Mandalay City Buildings Mapping,3,False,3,Myanmar Earthquake 2025 - Mandalay City Buildings Mapping|100521_57347
OAM-402086-229392-19,fold_4,Myanmar,Myanmar Earthquake 2025 - Mandalay City Buildings Mapping,5,False,5,Myanmar Earthquake 2025 - Mandalay City Buildings Mapping|100521_57348
OAM-402086-229394-19,fold_4,Myanmar,Myanmar Earthquake 2025 - Mandalay City Buildings Mapping,0,True,0,Myanmar Earthquake 2025 - Mandalay City Buildings Mapping|100521_57348
OAM-402086-229411-19,fold_4,Myanmar,Myanmar Earthquake 2025 - Mandalay City Buildings Mapping,5,False,5,Myanmar Earthquake 2025 - Mandalay City Buildings Mapping|100521_57352
OAM-402086-229444-19,fold_1,Myanmar,Myanmar Earthquake 2025 - Mandalay City Buildings Mapping,5,False,5,Myanmar Earthquake 2025 - Mandalay City Buildings Mapping|100521_57361
OAM-402086-229456-19,fold_1,Myanmar,Myanmar Earthquake 2025 - Mandalay City Buildings Mapping,6,False,6,Myanmar Earthquake 2025 - Mandalay City Buildings Mapping|100521_57364
OAM-402086-229492-19,fold_1,Myanmar,Myanmar Earthquake 2025 - Amarapura/Mandalay Buildings Mapping,0,True,0,Myanmar Earthquake 2025 - Amarapura/Mandalay Buildings Mapping|100521_57373
OAM-402086-229500-19,fold_5,Myanmar,Myanmar Earthquake 2025 - Amarapura/Mandalay Buildings Mapping,1,False,1,Myanmar Earthquake 2025 - Amarapura/Mandalay Buildings Mapping|100521_57375
OAM-402087-229310-19,fold_6,Myanmar,Myanmar Earthquake 2025 - Mandalay City Buildings Mapping,5,False,5,Myanmar Earthquake 2025 - Mandalay City Buildings Mapping|100521_57327
OAM-402087-229350-19,fold_0,Myanmar,Myanmar Earthquake 2025 - Mandalay City Buildings Mapping,5,False,5,Myanmar Earthquake 2025 - Mandalay City Buildings Mapping|100521_57337
OAM-402087-229356-19,fold_5,Myanmar,Myanmar Earthquake 2025 - Mandalay City Buildings Mapping,0,True,0,Myanmar Earthquake 2025 - Mandalay City Buildings Mapping|100521_57339
OAM-402087-229385-19,fold_6,Myanmar,Myanmar Earthquake 2025 - Mandalay City Buildings Mapping,5,False,5,Myanmar Earthquake 2025 - Mandalay City Buildings Mapping|100521_57346
OAM-402087-229388-19,fold_4,Myanmar,Myanmar Earthquake 2025 - Mandalay City Buildings Mapping,4,False,4,Myanmar Earthquake 2025 - Mandalay City Buildings Mapping|100521_57347
OAM-402087-229394-19,fold_4,Myanmar,Myanmar Earthquake 2025 - Mandalay City Buildings Mapping,3,False,3,Myanmar Earthquake 2025 - Mandalay City Buildings Mapping|100521_57348
OAM-402087-229413-19,fold_5,Myanmar,Myanmar Earthquake 2025 - Mandalay City Buildings Mapping,7,False,7,Myanmar Earthquake 2025 - Mandalay City Buildings Mapping|100521_57353
OAM-402087-229429-19,fold_2,Myanmar,Myanmar Earthquake 2025 - Mandalay City Buildings Mapping,5,False,5,Myanmar Earthquake 2025 - Mandalay City Buildings Mapping|100521_57357
OAM-402087-229436-19,fold_2,Myanmar,Myanmar Earthquake 2025 - Mandalay City Buildings Mapping,4,False,4,Myanmar Earthquake 2025 - Mandalay City Buildings Mapping|100521_57359
OAM-402087-229438-19,fold_2,Myanmar,Myanmar Earthquake 2025 - Mandalay City Buildings Mapping,5,False,5,Myanmar Earthquake 2025 - Mandalay City Buildings Mapping|100521_57359
OAM-402087-229441-19,fold_6,Myanmar,Myanmar Earthquake 2025 - Mandalay City Buildings Mapping,0,True,0,Myanmar Earthquake 2025 - Mandalay City Buildings Mapping|100521_57360
OAM-402087-229480-19,fold_3,Myanmar,Myanmar Earthquake 2025 - Amarapura/Mandalay Buildings Mapping,2,False,2,Myanmar Earthquake 2025 - Amarapura/Mandalay Buildings Mapping|100521_57370
OAM-402087-229482-19,fold_3,Myanmar,Myanmar Earthquake 2025 - Amarapura/Mandalay Buildings Mapping,0,True,0,Myanmar Earthquake 2025 - Amarapura/Mandalay Buildings Mapping|100521_57370
OAM-402087-229485-19,fold_5,Myanmar,Myanmar Earthquake 2025 - Amarapura/Mandalay Buildings Mapping,0,True,0,Myanmar Earthquake 2025 - Amarapura/Mandalay Buildings Mapping|100521_57371
OAM-402087-229486-19,fold_5,Myanmar,Myanmar Earthquake 2025 - Amarapura/Mandalay Buildings Mapping,0,True,0,Myanmar Earthquake 2025 - Amarapura/Mandalay Buildings Mapping|100521_57371
OAM-402087-229488-19,fold_2,Myanmar,Myanmar Earthquake 2025 - Amarapura/Mandalay Buildings Mapping,0,True,0,Myanmar Earthquake 2025 - Amarapura/Mandalay Buildings Mapping|100521_57372
OAM-402087-229500-19,fold_5,Myanmar,Myanmar Earthquake 2025 - Amarapura/Mandalay Buildings Mapping,1,False,1,Myanmar Earthquake 2025 - Amarapura/Mandalay Buildings Mapping|100521_57375
OAM-402087-229502-19,fold_5,Myanmar,Myanmar Earthquake 2025 - Amarapura/Mandalay Buildings Mapping,7,False,7,Myanmar Earthquake 2025 - Amarapura/Mandalay Buildings Mapping|100521_57375
OAM-402088-229321-19,fold_5,Myanmar,Myanmar Earthquake 2025 - Mandalay City Buildings Mapping,5,False,5,Myanmar Earthquake 2025 - Mandalay City Buildings Mapping|100522_57330
OAM-402088-229364-19,fold_0,Myanmar,Myanmar Earthquake 2025 - Mandalay City Buildings Mapping,7,False,7,Myanmar Earthquake 2025 - Mandalay City Buildings Mapping|100522_57341
OAM-402088-229365-19,fold_0,Myanmar,Myanmar Earthquake 2025 - Mandalay City Buildings Mapping,0,True,0,Myanmar Earthquake 2025 - Mandalay City Buildings Mapping|100522_57341
OAM-402088-229366-19,fold_0,Myanmar,Myanmar Earthquake 2025 - Mandalay City Buildings Mapping,0,True,0,Myanmar Earthquake 2025 - Mandalay City Buildings Mapping|100522_57341
OAM-402088-229386-19,fold_1,Myanmar,Myanmar Earthquake 2025 - Mandalay City Buildings Mapping,2,False,2,Myanmar Earthquake 2025 - Mandalay City Buildings Mapping|100522_57346
OAM-402088-229396-19,fold_4,Myanmar,Myanmar Earthquake 2025 - Mandalay City Buildings Mapping,1,False,1,Myanmar Earthquake 2025 - Mandalay City Buildings Mapping|100522_57349
OAM-402088-229431-19,fold_4,Myanmar,Myanmar Earthquake 2025 - Mandalay City Buildings Mapping,5,False,5,Myanmar Earthquake 2025 - Mandalay City Buildings Mapping|100522_57357
OAM-402088-229469-19,fold_3,Myanmar,Myanmar Earthquake 2025 - Mandalay City Buildings Mapping,9,False,9,Myanmar Earthquake 2025 - Mandalay City Buildings Mapping|100522_57367
OAM-402088-229471-19,fold_3,Myanmar,Myanmar Earthquake 2025 - Mandalay City Buildings Mapping,5,False,5,Myanmar Earthquake 2025 - Mandalay City Buildings Mapping|100522_57367
OAM-402088-229480-19,fold_6,Myanmar,Myanmar Earthquake 2025 - Amarapura/Mandalay Buildings Mapping,0,True,0,Myanmar Earthquake 2025 - Amarapura/Mandalay Buildings Mapping|100522_57370
OAM-402088-229484-19,fold_6,Myanmar,Myanmar Earthquake 2025 - Amarapura/Mandalay Buildings Mapping,0,True,0,Myanmar Earthquake 2025 - Amarapura/Mandalay Buildings Mapping|100522_57371
OAM-402088-229491-19,fold_3,Myanmar,Myanmar Earthquake 2025 - Amarapura/Mandalay Buildings Mapping,1,False,1,Myanmar Earthquake 2025 - Amarapura/Mandalay Buildings Mapping|100522_57372
OAM-402088-229495-19,fold_0,Myanmar,Myanmar Earthquake 2025 - Amarapura/Mandalay Buildings Mapping,1,False,1,Myanmar Earthquake 2025 - Amarapura/Mandalay Buildings Mapping|100522_57373
OAM-402088-229496-19,fold_5,Myanmar,Myanmar Earthquake 2025 - Amarapura/Mandalay Buildings Mapping,1,False,1,Myanmar Earthquake 2025 - Amarapura/Mandalay Buildings Mapping|100522_57374
OAM-402089-229310-19,fold_3,Myanmar,Myanmar Earthquake 2025 - Mandalay City Buildings Mapping,4,False,4,Myanmar Earthquake 2025 - Mandalay City Buildings Mapping|100522_57327
OAM-402089-229342-19,fold_4,Myanmar,Myanmar Earthquake 2025 - Mandalay City Buildings Mapping,9,False,9,Myanmar Earthquake 2025 - Mandalay City Buildings Mapping|100522_57335
OAM-402089-229347-19,fold_1,Myanmar,Myanmar Earthquake 2025 - Mandalay City Buildings Mapping,5,False,5,Myanmar Earthquake 2025 - Mandalay City Buildings Mapping|100522_57336
OAM-402089-229349-19,fold_2,Myanmar,Myanmar Earthquake 2025 - Mandalay City Buildings Mapping,4,False,4,Myanmar Earthquake 2025 - Mandalay City Buildings Mapping|100522_57337
OAM-402089-229365-19,fold_0,Myanmar,Myanmar Earthquake 2025 - Mandalay City Buildings Mapping,0,True,0,Myanmar Earthquake 2025 - Mandalay City Buildings Mapping|100522_57341
OAM-402089-229366-19,fold_0,Myanmar,Myanmar Earthquake 2025 - Mandalay City Buildings Mapping,0,True,0,Myanmar Earthquake 2025 - Mandalay City Buildings Mapping|100522_57341
OAM-402089-229377-19,fold_0,Myanmar,Myanmar Earthquake 2025 - Mandalay City Buildings Mapping,3,False,3,Myanmar Earthquake 2025 - Mandalay City Buildings Mapping|100522_57344
OAM-402089-229380-19,fold_6,Myanmar,Myanmar Earthquake 2025 - Mandalay City Buildings Mapping,2,False,2,Myanmar Earthquake 2025 - Mandalay City Buildings Mapping|100522_57345
OAM-402089-229386-19,fold_1,Myanmar,Myanmar Earthquake 2025 - Mandalay City Buildings Mapping,0,True,0,Myanmar Earthquake 2025 - Mandalay City Buildings Mapping|100522_57346
OAM-402089-229397-19,fold_4,Myanmar,Myanmar Earthquake 2025 - Mandalay City Buildings Mapping,5,False,5,Myanmar Earthquake 2025 - Mandalay City Buildings Mapping|100522_57349
OAM-402089-229431-19,fold_4,Myanmar,Myanmar Earthquake 2025 - Mandalay City Buildings Mapping,6,False,6,Myanmar Earthquake 2025 - Mandalay City Buildings Mapping|100522_57357
OAM-402089-229458-19,fold_2,Myanmar,Myanmar Earthquake 2025 - Mandalay City Buildings Mapping,4,False,4,Myanmar Earthquake 2025 - Mandalay City Buildings Mapping|100522_57364
OAM-402089-229459-19,fold_2,Myanmar,Myanmar Earthquake 2025 - Mandalay City Buildings Mapping,1,False,1,Myanmar Earthquake 2025 - Mandalay City Buildings Mapping|100522_57364
OAM-402089-229464-19,fold_3,Myanmar,Myanmar Earthquake 2025 - Mandalay City Buildings Mapping,7,False,7,Myanmar Earthquake 2025 - Mandalay City Buildings Mapping|100522_57366
OAM-402089-229468-19,fold_3,Myanmar,Myanmar Earthquake 2025 - Mandalay City Buildings Mapping,5,False,5,Myanmar Earthquake 2025 - Mandalay City Buildings Mapping|100522_57367
OAM-402089-229469-19,fold_3,Myanmar,Myanmar Earthquake 2025 - Mandalay City Buildings Mapping,6,False,6,Myanmar Earthquake 2025 - Mandalay City Buildings Mapping|100522_57367
OAM-402089-229470-19,fold_3,Myanmar,Myanmar Earthquake 2025 - Mandalay City Buildings Mapping,6,False,6,Myanmar Earthquake 2025 - Mandalay City Buildings Mapping|100522_57367
OAM-402089-229481-19,fold_6,Myanmar,Myanmar Earthquake 2025 - Amarapura/Mandalay Buildings Mapping,0,True,0,Myanmar Earthquake 2025 - Amarapura/Mandalay Buildings Mapping|100522_57370
OAM-402089-229502-19,fold_5,Myanmar,Myanmar Earthquake 2025 - Amarapura/Mandalay Buildings Mapping,20,False,20,Myanmar Earthquake 2025 - Amarapura/Mandalay Buildings Mapping|100522_57375
OAM-402089-229505-19,fold_0,Myanmar,Myanmar Earthquake 2025 - Amarapura/Mandalay Buildings Mapping,0,True,0,Myanmar Earthquake 2025 - Amarapura/Mandalay Buildings Mapping|100522_57376
OAM-402090-229342-19,fold_4,Myanmar,Myanmar Earthquake 2025 - Mandalay City Buildings Mapping,5,False,5,Myanmar Earthquake 2025 - Mandalay City Buildings Mapping|100522_57335
OAM-402090-229349-19,fold_2,Myanmar,Myanmar Earthquake 2025 - Mandalay City Buildings Mapping,5,False,5,Myanmar Earthquake 2025 - Mandalay City Buildings Mapping|100522_57337
OAM-402090-229366-19,fold_0,Myanmar,Myanmar Earthquake 2025 - Mandalay City Buildings Mapping,4,False,4,Myanmar Earthquake 2025 - Mandalay City Buildings Mapping|100522_57341
OAM-402090-229396-19,fold_4,Myanmar,Myanmar Earthquake 2025 - Mandalay City Buildings Mapping,7,False,7,Myanmar Earthquake 2025 - Mandalay City Buildings Mapping|100522_57349
OAM-402090-229399-19,fold_4,Myanmar,Myanmar Earthquake 2025 - Mandalay City Buildings Mapping,20,False,20,Myanmar Earthquake 2025 - Mandalay City Buildings Mapping|100522_57349
OAM-402090-229410-19,fold_0,Myanmar,Myanmar Earthquake 2025 - Mandalay City Buildings Mapping,8,False,8,Myanmar Earthquake 2025 - Mandalay City Buildings Mapping|100522_57352
OAM-402090-229431-19,fold_4,Myanmar,Myanmar Earthquake 2025 - Mandalay City Buildings Mapping,5,False,5,Myanmar Earthquake 2025 - Mandalay City Buildings Mapping|100522_57357
OAM-402090-229433-19,fold_4,Myanmar,Myanmar Earthquake 2025 - Mandalay City Buildings Mapping,0,True,0,Myanmar Earthquake 2025 - Mandalay City Buildings Mapping|100522_57358
OAM-402090-229457-19,fold_2,Myanmar,Myanmar Earthquake 2025 - Mandalay City Buildings Mapping,1,False,1,Myanmar Earthquake 2025 - Mandalay City Buildings Mapping|100522_57364
OAM-402090-229458-19,fold_2,Myanmar,Myanmar Earthquake 2025 - Mandalay City Buildings Mapping,5,False,5,Myanmar Earthquake 2025 - Mandalay City Buildings Mapping|100522_57364
OAM-402090-229463-19,fold_3,Myanmar,Myanmar Earthquake 2025 - Mandalay City Buildings Mapping,6,False,6,Myanmar Earthquake 2025 - Mandalay City Buildings Mapping|100522_57365
OAM-402090-229467-19,fold_3,Myanmar,Myanmar Earthquake 2025 - Mandalay City Buildings Mapping,3,False,3,Myanmar Earthquake 2025 - Mandalay City Buildings Mapping|100522_57366
OAM-402090-229477-19,fold_0,Myanmar,Myanmar Earthquake 2025 - Amarapura/Mandalay Buildings Mapping,0,True,0,Myanmar Earthquake 2025 - Amarapura/Mandalay Buildings Mapping|100522_57369
OAM-402090-229479-19,fold_0,Myanmar,Myanmar Earthquake 2025 - Amarapura/Mandalay Buildings Mapping,0,True,0,Myanmar Earthquake 2025 - Amarapura/Mandalay Buildings Mapping|100522_57369
OAM-402090-229488-19,fold_3,Myanmar,Myanmar Earthquake 2025 - Amarapura/Mandalay Buildings Mapping,0,True,0,Myanmar Earthquake 2025 - Amarapura/Mandalay Buildings Mapping|100522_57372
OAM-402090-229506-19,fold_0,Myanmar,Myanmar Earthquake 2025 - Amarapura/Mandalay Buildings Mapping,3,False,3,Myanmar Earthquake 2025 - Amarapura/Mandalay Buildings Mapping|100522_57376
OAM-402091-229324-19,fold_1,Myanmar,Myanmar Earthquake 2025 - Mandalay City Buildings Mapping,8,False,8,Myanmar Earthquake 2025 - Mandalay City Buildings Mapping|100522_57331
OAM-402091-229337-19,fold_3,Myanmar,Myanmar Earthquake 2025 - Mandalay City Buildings Mapping,50,False,50,Myanmar Earthquake 2025 - Mandalay City Buildings Mapping|100522_57334
OAM-402091-229339-19,fold_3,Myanmar,Myanmar Earthquake 2025 - Mandalay City Buildings Mapping,73,False,73,Myanmar Earthquake 2025 - Mandalay City Buildings Mapping|100522_57334
OAM-402091-229373-19,fold_1,Myanmar,Myanmar Earthquake 2025 - Mandalay City Buildings Mapping,3,False,3,Myanmar Earthquake 2025 - Mandalay City Buildings Mapping|100522_57343
OAM-402091-229385-19,fold_1,Myanmar,Myanmar Earthquake 2025 - Mandalay City Buildings Mapping,2,False,2,Myanmar Earthquake 2025 - Mandalay City Buildings Mapping|100522_57346
OAM-402091-229408-19,fold_0,Myanmar,Myanmar Earthquake 2025 - Mandalay City Buildings Mapping,5,False,5,Myanmar Earthquake 2025 - Mandalay City Buildings Mapping|100522_57352
OAM-402091-229409-19,fold_0,Myanmar,Myanmar Earthquake 2025 - Mandalay City Buildings Mapping,2,False,2,Myanmar Earthquake 2025 - Mandalay City Buildings Mapping|100522_57352
OAM-402091-229410-19,fold_0,Myanmar,Myanmar Earthquake 2025 - Mandalay City Buildings Mapping,2,False,2,Myanmar Earthquake 2025 - Mandalay City Buildings Mapping|100522_57352
OAM-402091-229434-19,fold_4,Myanmar,Myanmar Earthquake 2025 - Mandalay City Buildings Mapping,0,True,0,Myanmar Earthquake 2025 - Mandalay City Buildings Mapping|100522_57358
OAM-402091-229439-19,fold_2,Myanmar,Myanmar Earthquake 2025 - Mandalay City Buildings Mapping,5,False,5,Myanmar Earthquake 2025 - Mandalay City Buildings Mapping|100522_57359
OAM-402091-229445-19,fold_3,Myanmar,Myanmar Earthquake 2025 - Mandalay City Buildings Mapping,5,False,5,Myanmar Earthquake 2025 - Mandalay City Buildings Mapping|100522_57361
OAM-402091-229458-19,fold_2,Myanmar,Myanmar Earthquake 2025 - Mandalay City Buildings Mapping,5,False,5,Myanmar Earthquake 2025 - Mandalay City Buildings Mapping|100522_57364
OAM-402091-229472-19,fold_5,Myanmar,Myanmar Earthquake 2025 - Mandalay City Buildings Mapping,6,False,6,Myanmar Earthquake 2025 - Mandalay City Buildings Mapping|100522_57368
OAM-402091-229477-19,fold_0,Myanmar,Myanmar Earthquake 2025 - Amarapura/Mandalay Buildings Mapping,0,True,0,Myanmar Earthquake 2025 - Amarapura/Mandalay Buildings Mapping|100522_57369
OAM-402091-229480-19,fold_6,Myanmar,Myanmar Earthquake 2025 - Amarapura/Mandalay Buildings Mapping,0,True,0,Myanmar Earthquake 2025 - Amarapura/Mandalay Buildings Mapping|100522_57370
OAM-402091-229483-19,fold_6,Myanmar,Myanmar Earthquake 2025 - Amarapura/Mandalay Buildings Mapping,0,True,0,Myanmar Earthquake 2025 - Amarapura/Mandalay Buildings Mapping|100522_57370
OAM-402091-229484-19,fold_6,Myanmar,Myanmar Earthquake 2025 - Amarapura/Mandalay Buildings Mapping,0,True,0,Myanmar Earthquake 2025 - Amarapura/Mandalay Buildings Mapping|100522_57371
OAM-402091-229486-19,fold_6,Myanmar,Myanmar Earthquake 2025 - Amarapura/Mandalay Buildings Mapping,0,True,0,Myanmar Earthquake 2025 - Amarapura/Mandalay Buildings Mapping|100522_57371
OAM-402091-229498-19,fold_5,Myanmar,Myanmar Earthquake 2025 - Amarapura/Mandalay Buildings Mapping,13,False,13,Myanmar Earthquake 2025 - Amarapura/Mandalay Buildings Mapping|100522_57374
OAM-402092-229312-19,fold_3,Myanmar,Myanmar Earthquake 2025 - Mandalay City Buildings Mapping,0,True,0,Myanmar Earthquake 2025 - Mandalay City Buildings Mapping|100523_57328
OAM-402092-229313-19,fold_3,Myanmar,Myanmar Earthquake 2025 - Mandalay City Buildings Mapping,0,True,0,Myanmar Earthquake 2025 - Mandalay City Buildings Mapping|100523_57328
OAM-402092-229335-19,fold_3,Myanmar,Myanmar Earthquake 2025 - Mandalay City Buildings Mapping,21,False,21,Myanmar Earthquake 2025 - Mandalay City Buildings Mapping|100523_57333
OAM-402092-229351-19,fold_4,Myanmar,Myanmar Earthquake 2025 - Mandalay City Buildings Mapping,5,False,5,Myanmar Earthquake 2025 - Mandalay City Buildings Mapping|100523_57337
OAM-402092-229356-19,fold_1,Myanmar,Myanmar Earthquake 2025 - Mandalay City Buildings Mapping,5,False,5,Myanmar Earthquake 2025 - Mandalay City Buildings Mapping|100523_57339
OAM-402092-229357-19,fold_1,Myanmar,Myanmar Earthquake 2025 - Mandalay City Buildings Mapping,7,False,7,Myanmar Earthquake 2025 - Mandalay City Buildings Mapping|100523_57339
OAM-402092-229368-19,fold_5,Myanmar,Myanmar Earthquake 2025 - Mandalay City Buildings Mapping,5,False,5,Myanmar Earthquake 2025 - Mandalay City Buildings Mapping|100523_57342
OAM-402092-229424-19,fold_3,Myanmar,Myanmar Earthquake 2025 - Mandalay City Buildings Mapping,2,False,2,Myanmar Earthquake 2025 - Mandalay City Buildings Mapping|100523_57356
OAM-402092-229433-19,fold_5,Myanmar,Myanmar Earthquake 2025 - Mandalay City Buildings Mapping,0,True,0,Myanmar Earthquake 2025 - Mandalay City Buildings Mapping|100523_57358
OAM-402092-229439-19,fold_6,Myanmar,Myanmar Earthquake 2025 - Mandalay City Buildings Mapping,1,False,1,Myanmar Earthquake 2025 - Mandalay City Buildings Mapping|100523_57359
OAM-402092-229454-19,fold_2,Myanmar,Myanmar Earthquake 2025 - Mandalay City Buildings Mapping,5,False,5,Myanmar Earthquake 2025 - Mandalay City Buildings Mapping|100523_57363
OAM-402092-229460-19,fold_0,Myanmar,Myanmar Earthquake 2025 - Mandalay City Buildings Mapping,13,False,13,Myanmar Earthquake 2025 - Mandalay City Buildings Mapping|100523_57365
OAM-402092-229466-19,fold_3,Myanmar,Myanmar Earthquake 2025 - Mandalay City Buildings Mapping,7,False,7,Myanmar Earthquake 2025 - Mandalay City Buildings Mapping|100523_57366
OAM-402092-229467-19,fold_3,Myanmar,Myanmar Earthquake 2025 - Mandalay City Buildings Mapping,0,True,0,Myanmar Earthquake 2025 - Mandalay City Buildings Mapping|100523_57366
OAM-402092-229469-19,fold_0,Myanmar,Myanmar Earthquake 2025 - Mandalay City Buildings Mapping,6,False,6,Myanmar Earthquake 2025 - Mandalay City Buildings Mapping|100523_57367
OAM-402092-229472-19,fold_4,Myanmar,Myanmar Earthquake 2025 - Mandalay City Buildings Mapping,1,False,1,Myanmar Earthquake 2025 - Mandalay City Buildings Mapping|100523_57368
OAM-402092-229477-19,fold_3,Myanmar,Myanmar Earthquake 2025 - Amarapura/Mandalay Buildings Mapping,0,True,0,Myanmar Earthquake 2025 - Amarapura/Mandalay Buildings Mapping|100523_57369
OAM-402092-229478-19,fold_3,Myanmar,Myanmar Earthquake 2025 - Amarapura/Mandalay Buildings Mapping,0,True,0,Myanmar Earthquake 2025 - Amarapura/Mandalay Buildings Mapping|100523_57369
OAM-402093-229313-19,fold_3,Myanmar,Myanmar Earthquake 2025 - Mandalay City Buildings Mapping,0,True,0,Myanmar Earthquake 2025 - Mandalay City Buildings Mapping|100523_57328
OAM-402093-229351-19,fold_4,Myanmar,Myanmar Earthquake 2025 - Mandalay City Buildings Mapping,2,False,2,Myanmar Earthquake 2025 - Mandalay City Buildings Mapping|100523_57337
OAM-402093-229354-19,fold_2,Myanmar,Myanmar Earthquake 2025 - Mandalay City Buildings Mapping,4,False,4,Myanmar Earthquake 2025 - Mandalay City Buildings Mapping|100523_57338
OAM-402093-229373-19,fold_2,Myanmar,Myanmar Earthquake 2025 - Mandalay City Buildings Mapping,2,False,2,Myanmar Earthquake 2025 - Mandalay City Buildings Mapping|100523_57343
OAM-402093-229375-19,fold_2,Myanmar,Myanmar Earthquake 2025 - Mandalay City Buildings Mapping,0,True,0,Myanmar Earthquake 2025 - Mandalay City Buildings Mapping|100523_57343
OAM-402093-229376-19,fold_6,Myanmar,Myanmar Earthquake 2025 - Mandalay City Buildings Mapping,0,True,0,Myanmar Earthquake 2025 - Mandalay City Buildings Mapping|100523_57344
OAM-402093-229378-19,fold_6,Myanmar,Myanmar Earthquake 2025 - Mandalay City Buildings Mapping,0,True,0,Myanmar Earthquake 2025 - Mandalay City Buildings Mapping|100523_57344
OAM-402093-229404-19,fold_1,Myanmar,Myanmar Earthquake 2025 - Mandalay City Buildings Mapping,14,False,14,Myanmar Earthquake 2025 - Mandalay City Buildings Mapping|100523_57351
OAM-402093-229422-19,fold_6,Myanmar,Myanmar Earthquake 2025 - Mandalay City Buildings Mapping,1,False,1,Myanmar Earthquake 2025 - Mandalay City Buildings Mapping|100523_57355
OAM-402093-229423-19,fold_6,Myanmar,Myanmar Earthquake 2025 - Mandalay City Buildings Mapping,3,False,3,Myanmar Earthquake 2025 - Mandalay City Buildings Mapping|100523_57355
OAM-402093-229456-19,fold_0,Myanmar,Myanmar Earthquake 2025 - Mandalay City Buildings Mapping,8,False,8,Myanmar Earthquake 2025 - Mandalay City Buildings Mapping|100523_57364
OAM-402093-229464-19,fold_3,Myanmar,Myanmar Earthquake 2025 - Mandalay City Buildings Mapping,3,False,3,Myanmar Earthquake 2025 - Mandalay City Buildings Mapping|100523_57366
OAM-402093-229465-19,fold_3,Myanmar,Myanmar Earthquake 2025 - Mandalay City Buildings Mapping,5,False,5,Myanmar Earthquake 2025 - Mandalay City Buildings Mapping|100523_57366
OAM-402093-229479-19,fold_3,Myanmar,Myanmar Earthquake 2025 - Amarapura/Mandalay Buildings Mapping,0,True,0,Myanmar Earthquake 2025 - Amarapura/Mandalay Buildings Mapping|100523_57369
OAM-402093-229482-19,fold_1,Myanmar,Myanmar Earthquake 2025 - Amarapura/Mandalay Buildings Mapping,0,True,0,Myanmar Earthquake 2025 - Amarapura/Mandalay Buildings Mapping|100523_57370
OAM-402093-229483-19,fold_1,Myanmar,Myanmar Earthquake 2025 - Amarapura/Mandalay Buildings Mapping,0,True,0,Myanmar Earthquake 2025 - Amarapura/Mandalay Buildings Mapping|100523_57370
OAM-402093-229487-19,fold_6,Myanmar,Myanmar Earthquake 2025 - Amarapura/Mandalay Buildings Mapping,0,True,0,Myanmar Earthquake 2025 - Amarapura/Mandalay Buildings Mapping|100523_57371
OAM-402093-229491-19,fold_4,Myanmar,Myanmar Earthquake 2025 - Amarapura/Mandalay Buildings Mapping,1,False,1,Myanmar Earthquake 2025 - Amarapura/Mandalay Buildings Mapping|100523_57372
OAM-402093-229503-19,fold_6,Myanmar,Myanmar Earthquake 2025 - Amarapura/Mandalay Buildings Mapping,3,False,3,Myanmar Earthquake 2025 - Amarapura/Mandalay Buildings Mapping|100523_57375
OAM-402093-229507-19,fold_0,Myanmar,Myanmar Earthquake 2025 - Amarapura/Mandalay Buildings Mapping,1,False,1,Myanmar Earthquake 2025 - Amarapura/Mandalay Buildings Mapping|100523_57376
OAM-402094-229307-19,fold_1,Myanmar,Myanmar Earthquake 2025 - Mandalay City Buildings Mapping,2,False,2,Myanmar Earthquake 2025 - Mandalay City Buildings Mapping|100523_57326
OAM-402094-229308-19,fold_4,Myanmar,Myanmar Earthquake 2025 - Mandalay City Buildings Mapping,2,False,2,Myanmar Earthquake 2025 - Mandalay City Buildings Mapping|100523_57327
OAM-402094-229310-19,fold_4,Myanmar,Myanmar Earthquake 2025 - Mandalay City Buildings Mapping,0,True,0,Myanmar Earthquake 2025 - Mandalay City Buildings Mapping|100523_57327
OAM-402094-229312-19,fold_3,Myanmar,Myanmar Earthquake 2025 - Mandalay City Buildings Mapping,0,True,0,Myanmar Earthquake 2025 - Mandalay City Buildings Mapping|100523_57328
OAM-402094-229338-19,fold_0,Myanmar,Myanmar Earthquake 2025 - Mandalay City Buildings Mapping,48,False,48,Myanmar Earthquake 2025 - Mandalay City Buildings Mapping|100523_57334
OAM-402094-229377-19,fold_6,Myanmar,Myanmar Earthquake 2025 - Mandalay City Buildings Mapping,0,True,0,Myanmar Earthquake 2025 - Mandalay City Buildings Mapping|100523_57344
OAM-402094-229392-19,fold_3,Myanmar,Myanmar Earthquake 2025 - Mandalay City Buildings Mapping,52,False,52,Myanmar Earthquake 2025 - Mandalay City Buildings Mapping|100523_57348
OAM-402094-229435-19,fold_5,Myanmar,Myanmar Earthquake 2025 - Mandalay City Buildings Mapping,49,False,49,Myanmar Earthquake 2025 - Mandalay City Buildings Mapping|100523_57358
OAM-402094-229439-19,fold_6,Myanmar,Myanmar Earthquake 2025 - Mandalay City Buildings Mapping,0,True,0,Myanmar Earthquake 2025 - Mandalay City Buildings Mapping|100523_57359
OAM-402094-229481-19,fold_1,Myanmar,Myanmar Earthquake 2025 - Amarapura/Mandalay Buildings Mapping,0,True,0,Myanmar Earthquake 2025 - Amarapura/Mandalay Buildings Mapping|100523_57370
OAM-402094-229483-19,fold_1,Myanmar,Myanmar Earthquake 2025 - Amarapura/Mandalay Buildings Mapping,0,True,0,Myanmar Earthquake 2025 - Amarapura/Mandalay Buildings Mapping|100523_57370
OAM-402095-229307-19,fold_1,Myanmar,Myanmar Earthquake 2025 - Mandalay City Buildings Mapping,0,True,0,Myanmar Earthquake 2025 - Mandalay City Buildings Mapping|100523_57326
OAM-402095-229308-19,fold_4,Myanmar,Myanmar Earthquake 2025 - Mandalay City Buildings Mapping,0,True,0,Myanmar Earthquake 2025 - Mandalay City Buildings Mapping|100523_57327
OAM-402095-229313-19,fold_3,Myanmar,Myanmar Earthquake 2025 - Mandalay City Buildings Mapping,0,True,0,Myanmar Earthquake 2025 - Mandalay City Buildings Mapping|100523_57328
OAM-402095-229349-19,fold_4,Myanmar,Myanmar Earthquake 2025 - Mandalay City Buildings Mapping,7,False,7,Myanmar Earthquake 2025 - Mandalay City Buildings Mapping|100523_57337
OAM-402095-229358-19,fold_1,Myanmar,Myanmar Earthquake 2025 - Mandalay City Buildings Mapping,5,False,5,Myanmar Earthquake 2025 - Mandalay City Buildings Mapping|100523_57339
OAM-402095-229368-19,fold_5,Myanmar,Myanmar Earthquake 2025 - Mandalay City Buildings Mapping,5,False,5,Myanmar Earthquake 2025 - Mandalay City Buildings Mapping|100523_57342
OAM-402095-229373-19,fold_2,Myanmar,Myanmar Earthquake 2025 - Mandalay City Buildings Mapping,0,True,0,Myanmar Earthquake 2025 - Mandalay City Buildings Mapping|100523_57343
OAM-402095-229375-19,fold_2,Myanmar,Myanmar Earthquake 2025 - Mandalay City Buildings Mapping,0,True,0,Myanmar Earthquake 2025 - Mandalay City Buildings Mapping|100523_57343
OAM-402095-229376-19,fold_6,Myanmar,Myanmar Earthquake 2025 - Mandalay City Buildings Mapping,0,True,0,Myanmar Earthquake 2025 - Mandalay City Buildings Mapping|100523_57344
OAM-402095-229378-19,fold_6,Myanmar,Myanmar Earthquake 2025 - Mandalay City Buildings Mapping,0,True,0,Myanmar Earthquake 2025 - Mandalay City Buildings Mapping|100523_57344
OAM-402095-229386-19,fold_5,Myanmar,Myanmar Earthquake 2025 - Mandalay City Buildings Mapping,5,False,5,Myanmar Earthquake 2025 - Mandalay City Buildings Mapping|100523_57346
OAM-402095-229442-19,fold_4,Myanmar,Myanmar Earthquake 2025 - Mandalay City Buildings Mapping,5,False,5,Myanmar Earthquake 2025 - Mandalay City Buildings Mapping|100523_57360
OAM-402095-229454-19,fold_2,Myanmar,Myanmar Earthquake 2025 - Mandalay City Buildings Mapping,5,False,5,Myanmar Earthquake 2025 - Mandalay City Buildings Mapping|100523_57363
OAM-402095-229460-19,fold_0,Myanmar,Myanmar Earthquake 2025 - Mandalay City Buildings Mapping,1,False,1,Myanmar Earthquake 2025 - Mandalay City Buildings Mapping|100523_57365
OAM-402095-229461-19,fold_0,Myanmar,Myanmar Earthquake 2025 - Mandalay City Buildings Mapping,1,False,1,Myanmar Earthquake 2025 - Mandalay City Buildings Mapping|100523_57365
OAM-402095-229464-19,fold_3,Myanmar,Myanmar Earthquake 2025 - Mandalay City Buildings Mapping,5,False,5,Myanmar Earthquake 2025 - Mandalay City Buildings Mapping|100523_57366
OAM-402095-229466-19,fold_3,Myanmar,Myanmar Earthquake 2025 - Mandalay City Buildings Mapping,8,False,8,Myanmar Earthquake 2025 - Mandalay City Buildings Mapping|100523_57366
OAM-402095-229473-19,fold_4,Myanmar,Myanmar Earthquake 2025 - Mandalay City Buildings Mapping,5,False,5,Myanmar Earthquake 2025 - Mandalay City Buildings Mapping|100523_57368
OAM-402095-229488-19,fold_4,Myanmar,Myanmar Earthquake 2025 - Amarapura/Mandalay Buildings Mapping,0,True,0,Myanmar Earthquake 2025 - Amarapura/Mandalay Buildings Mapping|100523_57372
OAM-402095-229502-19,fold_6,Myanmar,Myanmar Earthquake 2025 - Amarapura/Mandalay Buildings Mapping,10,False,10,Myanmar Earthquake 2025 - Amarapura/Mandalay Buildings Mapping|100523_57375
OAM-402095-229505-19,fold_0,Myanmar,Myanmar Earthquake 2025 - Amarapura/Mandalay Buildings Mapping,0,True,0,Myanmar Earthquake 2025 - Amarapura/Mandalay Buildings Mapping|100523_57376
OAM-402096-229308-19,fold_6,Myanmar,Myanmar Earthquake 2025 - Mandalay City Buildings Mapping,0,True,0,Myanmar Earthquake 2025 - Mandalay City Buildings Mapping|100524_57327
OAM-402096-229309-19,fold_6,Myanmar,Myanmar Earthquake 2025 - Mandalay City Buildings Mapping,0,True,0,Myanmar Earthquake 2025 - Mandalay City Buildings Mapping|100524_57327
OAM-402096-229315-19,fold_4,Myanmar,Myanmar Earthquake 2025 - Mandalay City Buildings Mapping,6,False,6,Myanmar Earthquake 2025 - Mandalay City Buildings Mapping|100524_57328
OAM-402096-229336-19,fold_1,Myanmar,Myanmar Earthquake 2025 - Mandalay City Buildings Mapping,5,False,5,Myanmar Earthquake 2025 - Mandalay City Buildings Mapping|100524_57334
OAM-402096-229337-19,fold_1,Myanmar,Myanmar Earthquake 2025 - Mandalay City Buildings Mapping,24,False,24,Myanmar Earthquake 2025 - Mandalay City Buildings Mapping|100524_57334
OAM-402096-229362-19,fold_3,Myanmar,Myanmar Earthquake 2025 - Mandalay City Buildings Mapping,0,True,0,Myanmar Earthquake 2025 - Mandalay City Buildings Mapping|100524_57340
OAM-402096-229433-19,fold_4,Myanmar,Myanmar Earthquake 2025 - Mandalay City Buildings Mapping,51,False,51,Myanmar Earthquake 2025 - Mandalay City Buildings Mapping|100524_57358
OAM-402096-229442-19,fold_0,Myanmar,Myanmar Earthquake 2025 - Mandalay City Buildings Mapping,5,False,5,Myanmar Earthquake 2025 - Mandalay City Buildings Mapping|100524_57360
OAM-402096-229445-19,fold_0,Myanmar,Myanmar Earthquake 2025 - Mandalay City Buildings Mapping,3,False,3,Myanmar Earthquake 2025 - Mandalay City Buildings Mapping|100524_57361
OAM-402096-229460-19,fold_2,Myanmar,Myanmar Earthquake 2025 - Mandalay City Buildings Mapping,5,False,5,Myanmar Earthquake 2025 - Mandalay City Buildings Mapping|100524_57365
OAM-402096-229471-19,fold_4,Myanmar,Myanmar Earthquake 2025 - Mandalay City Buildings Mapping,7,False,7,Myanmar Earthquake 2025 - Mandalay City Buildings Mapping|100524_57367
OAM-402096-229474-19,fold_5,Myanmar,Myanmar Earthquake 2025 - Mandalay City Buildings Mapping,5,False,5,Myanmar Earthquake 2025 - Mandalay City Buildings Mapping|100524_57368
OAM-402096-229481-19,fold_2,Myanmar,Myanmar Earthquake 2025 - Amarapura/Mandalay Buildings Mapping,0,True,0,Myanmar Earthquake 2025 - Amarapura/Mandalay Buildings Mapping|100524_57370
OAM-402096-229486-19,fold_0,Myanmar,Myanmar Earthquake 2025 - Amarapura/Mandalay Buildings Mapping,0,True,0,Myanmar Earthquake 2025 - Amarapura/Mandalay Buildings Mapping|100524_57371
OAM-402097-229316-19,fold_0,Myanmar,Myanmar Earthquake 2025 - Mandalay City Buildings Mapping,6,False,6,Myanmar Earthquake 2025 - Mandalay City Buildings Mapping|100524_57329
OAM-402097-229325-19,fold_6,Myanmar,Myanmar Earthquake 2025 - Mandalay City Buildings Mapping,6,False,6,Myanmar Earthquake 2025 - Mandalay City Buildings Mapping|100524_57331
OAM-402097-229337-19,fold_1,Myanmar,Myanmar Earthquake 2025 - Mandalay City Buildings Mapping,6,False,6,Myanmar Earthquake 2025 - Mandalay City Buildings Mapping|100524_57334
OAM-402097-229362-19,fold_3,Myanmar,Myanmar Earthquake 2025 - Mandalay City Buildings Mapping,1,False,1,Myanmar Earthquake 2025 - Mandalay City Buildings Mapping|100524_57340
OAM-402097-229369-19,fold_1,Myanmar,Myanmar Earthquake 2025 - Mandalay City Buildings Mapping,0,True,0,Myanmar Earthquake 2025 - Mandalay City Buildings Mapping|100524_57342
OAM-402097-229371-19,fold_1,Myanmar,Myanmar Earthquake 2025 - Mandalay City Buildings Mapping,2,False,2,Myanmar Earthquake 2025 - Mandalay City Buildings Mapping|100524_57342
OAM-402097-229374-19,fold_2,Myanmar,Myanmar Earthquake 2025 - Mandalay City Buildings Mapping,1,False,1,Myanmar Earthquake 2025 - Mandalay City Buildings Mapping|100524_57343
OAM-402097-229375-19,fold_2,Myanmar,Myanmar Earthquake 2025 - Mandalay City Buildings Mapping,1,False,1,Myanmar Earthquake 2025 - Mandalay City Buildings Mapping|100524_57343
OAM-402097-229378-19,fold_6,Myanmar,Myanmar Earthquake 2025 - Mandalay City Buildings Mapping,1,False,1,Myanmar Earthquake 2025 - Mandalay City Buildings Mapping|100524_57344
OAM-402097-229379-19,fold_6,Myanmar,Myanmar Earthquake 2025 - Mandalay City Buildings Mapping,2,False,2,Myanmar Earthquake 2025 - Mandalay City Buildings Mapping|100524_57344
OAM-402097-229381-19,fold_3,Myanmar,Myanmar Earthquake 2025 - Mandalay City Buildings Mapping,10,False,10,Myanmar Earthquake 2025 - Mandalay City Buildings Mapping|100524_57345
OAM-402097-229457-19,fold_5,Myanmar,Myanmar Earthquake 2025 - Mandalay City Buildings Mapping,9,False,9,Myanmar Earthquake 2025 - Mandalay City Buildings Mapping|100524_57364
OAM-402097-229462-19,fold_2,Myanmar,Myanmar Earthquake 2025 - Mandalay City Buildings Mapping,11,False,11,Myanmar Earthquake 2025 - Mandalay City Buildings Mapping|100524_57365
OAM-402097-229466-19,fold_4,Myanmar,Myanmar Earthquake 2025 - Mandalay City Buildings Mapping,8,False,8,Myanmar Earthquake 2025 - Mandalay City Buildings Mapping|100524_57366
OAM-402097-229469-19,fold_4,Myanmar,Myanmar Earthquake 2025 - Mandalay City Buildings Mapping,1,False,1,Myanmar Earthquake 2025 - Mandalay City Buildings Mapping|100524_57367
OAM-402097-229472-19,fold_5,Myanmar,Myanmar Earthquake 2025 - Mandalay City Buildings Mapping,8,False,8,Myanmar Earthquake 2025 - Mandalay City Buildings Mapping|100524_57368
OAM-402098-229307-19,fold_5,Myanmar,Myanmar Earthquake 2025 - Mandalay City Buildings Mapping,0,True,0,Myanmar Earthquake 2025 - Mandalay City Buildings Mapping|100524_57326
OAM-402098-229313-19,fold_4,Myanmar,Myanmar Earthquake 2025 - Mandalay City Buildings Mapping,0,True,0,Myanmar Earthquake 2025 - Mandalay City Buildings Mapping|100524_57328
OAM-402098-229321-19,fold_1,Myanmar,Myanmar Earthquake 2025 - Mandalay City Buildings Mapping,6,False,6,Myanmar Earthquake 2025 - Mandalay City Buildings Mapping|100524_57330
OAM-402098-229323-19,fold_1,Myanmar,Myanmar Earthquake 2025 - Mandalay City Buildings Mapping,3,False,3,Myanmar Earthquake 2025 - Mandalay City Buildings Mapping|100524_57330
OAM-402098-229368-19,fold_1,Myanmar,Myanmar Earthquake 2025 - Mandalay City Buildings Mapping,9,False,9,Myanmar Earthquake 2025 - Mandalay City Buildings Mapping|100524_57342
OAM-402098-229370-19,fold_1,Myanmar,Myanmar Earthquake 2025 - Mandalay City Buildings Mapping,6,False,6,Myanmar Earthquake 2025 - Mandalay City Buildings Mapping|100524_57342
OAM-402098-229371-19,fold_1,Myanmar,Myanmar Earthquake 2025 - Mandalay City Buildings Mapping,3,False,3,Myanmar Earthquake 2025 - Mandalay City Buildings Mapping|100524_57342
OAM-402098-229373-19,fold_2,Myanmar,Myanmar Earthquake 2025 - Mandalay City Buildings Mapping,1,False,1,Myanmar Earthquake 2025 - Mandalay City Buildings Mapping|100524_57343
OAM-402098-229378-19,fold_6,Myanmar,Myanmar Earthquake 2025 - Mandalay City Buildings Mapping,2,False,2,Myanmar Earthquake 2025 - Mandalay City Buildings Mapping|100524_57344
OAM-402098-229409-19,fold_4,Myanmar,Myanmar Earthquake 2025 - Mandalay City Buildings Mapping,20,False,20,Myanmar Earthquake 2025 - Mandalay City Buildings Mapping|100524_57352
OAM-402098-229410-19,fold_4,Myanmar,Myanmar Earthquake 2025 - Mandalay City Buildings Mapping,20,False,20,Myanmar Earthquake 2025 - Mandalay City Buildings Mapping|100524_57352
OAM-402098-229431-19,fold_0,Myanmar,Myanmar Earthquake 2025 - Mandalay City Buildings Mapping,50,False,50,Myanmar Earthquake 2025 - Mandalay City Buildings Mapping|100524_57357
OAM-402098-229435-19,fold_4,Myanmar,Myanmar Earthquake 2025 - Mandalay City Buildings Mapping,0,True,0,Myanmar Earthquake 2025 - Mandalay City Buildings Mapping|100524_57358
OAM-402098-229449-19,fold_3,Myanmar,Myanmar Earthquake 2025 - Mandalay City Buildings Mapping,9,False,9,Myanmar Earthquake 2025 - Mandalay City Buildings Mapping|100524_57362
OAM-402098-229461-19,fold_2,Myanmar,Myanmar Earthquake 2025 - Mandalay City Buildings Mapping,1,False,1,Myanmar Earthquake 2025 - Mandalay City Buildings Mapping|100524_57365
OAM-402098-229463-19,fold_2,Myanmar,Myanmar Earthquake 2025 - Mandalay City Buildings Mapping,9,False,9,Myanmar Earthquake 2025 - Mandalay City Buildings Mapping|100524_57365
OAM-402099-229307-19,fold_5,Myanmar,Myanmar Earthquake 2025 - Mandalay City Buildings Mapping,0,True,0,Myanmar Earthquake 2025 - Mandalay City Buildings Mapping|100524_57326
OAM-402099-229308-19,fold_6,Myanmar,Myanmar Earthquake 2025 - Mandalay City Buildings Mapping,0,True,0,Myanmar Earthquake 2025 - Mandalay City Buildings Mapping|100524_57327
OAM-402099-229311-19,fold_6,Myanmar,Myanmar Earthquake 2025 - Mandalay City Buildings Mapping,0,True,0,Myanmar Earthquake 2025 - Mandalay City Buildings Mapping|100524_57327
OAM-402099-229339-19,fold_1,Myanmar,Myanmar Earthquake 2025 - Mandalay City Buildings Mapping,51,False,51,Myanmar Earthquake 2025 - Mandalay City Buildings Mapping|100524_57334
OAM-402099-229362-19,fold_3,Myanmar,Myanmar Earthquake 2025 - Mandalay City Buildings Mapping,0,True,0,Myanmar Earthquake 2025 - Mandalay City Buildings Mapping|100524_57340
OAM-402099-229375-19,fold_2,Myanmar,Myanmar Earthquake 2025 - Mandalay City Buildings Mapping,1,False,1,Myanmar Earthquake 2025 - Mandalay City Buildings Mapping|100524_57343
OAM-402099-229378-19,fold_6,Myanmar,Myanmar Earthquake 2025 - Mandalay City Buildings Mapping,0,True,0,Myanmar Earthquake 2025 - Mandalay City Buildings Mapping|100524_57344
OAM-402099-229379-19,fold_6,Myanmar,Myanmar Earthquake 2025 - Mandalay City Buildings Mapping,1,False,1,Myanmar Earthquake 2025 - Mandalay City Buildings Mapping|100524_57344
OAM-402099-229403-19,fold_5,Myanmar,Myanmar Earthquake 2025 - Mandalay City Buildings Mapping,14,False,14,Myanmar Earthquake 2025 - Mandalay City Buildings Mapping|100524_57350
OAM-402099-229427-19,fold_3,Myanmar,Myanmar Earthquake 2025 - Mandalay City Buildings Mapping,22,False,22,Myanmar Earthquake 2025 - Mandalay City Buildings Mapping|100524_57356
OAM-402099-229431-19,fold_0,Myanmar,Myanmar Earthquake 2025 - Mandalay City Buildings Mapping,20,False,20,Myanmar Earthquake 2025 - Mandalay City Buildings Mapping|100524_57357
OAM-402099-229435-19,fold_4,Myanmar,Myanmar Earthquake 2025 - Mandalay City Buildings Mapping,2,False,2,Myanmar Earthquake 2025 - Mandalay City Buildings Mapping|100524_57358
OAM-402099-229442-19,fold_0,Myanmar,Myanmar Earthquake 2025 - Mandalay City Buildings Mapping,6,False,6,Myanmar Earthquake 2025 - Mandalay City Buildings Mapping|100524_57360
OAM-402099-229448-19,fold_3,Myanmar,Myanmar Earthquake 2025 - Mandalay City Buildings Mapping,7,False,7,Myanmar Earthquake 2025 - Mandalay City Buildings Mapping|100524_57362
OAM-402099-229457-19,fold_5,Myanmar,Myanmar Earthquake 2025 - Mandalay City Buildings Mapping,5,False,5,Myanmar Earthquake 2025 - Mandalay City Buildings Mapping|100524_57364
OAM-402099-229458-19,fold_5,Myanmar,Myanmar Earthquake 2025 - Mandalay City Buildings Mapping,8,False,8,Myanmar Earthquake 2025 - Mandalay City Buildings Mapping|100524_57364
OAM-402099-229462-19,fold_2,Myanmar,Myanmar Earthquake 2025 - Mandalay City Buildings Mapping,5,False,5,Myanmar Earthquake 2025 - Mandalay City Buildings Mapping|100524_57365
OAM-402099-229467-19,fold_4,Myanmar,Myanmar Earthquake 2025 - Mandalay City Buildings Mapping,5,False,5,Myanmar Earthquake 2025 - Mandalay City Buildings Mapping|100524_57366
OAM-402099-229477-19,fold_3,Myanmar,Myanmar Earthquake 2025 - Mandalay City Buildings Mapping,0,True,0,Myanmar Earthquake 2025 - Mandalay City Buildings Mapping|100524_57369
OAM-402099-229483-19,fold_2,Myanmar,Myanmar Earthquake 2025 - Amarapura/Mandalay Buildings Mapping,4,False,4,Myanmar Earthquake 2025 - Amarapura/Mandalay Buildings Mapping|100524_57370
OAM-402099-229491-19,fold_6,Myanmar,Myanmar Earthquake 2025 - Amarapura/Mandalay Buildings Mapping,5,False,5,Myanmar Earthquake 2025 - Amarapura/Mandalay Buildings Mapping|100524_57372
OAM-402100-229307-19,fold_4,Myanmar,Myanmar Earthquake 2025 - Mandalay City Buildings Mapping,0,True,0,Myanmar Earthquake 2025 - Mandalay City Buildings Mapping|100525_57326
OAM-402100-229308-19,fold_3,Myanmar,Myanmar Earthquake 2025 - Mandalay City Buildings Mapping,0,True,0,Myanmar Earthquake 2025 - Mandalay City Buildings Mapping|100525_57327
OAM-402100-229312-19,fold_4,Myanmar,Myanmar Earthquake 2025 - Mandalay City Buildings Mapping,1,False,1,Myanmar Earthquake 2025 - Mandalay City Buildings Mapping|100525_57328
OAM-402100-229318-19,fold_5,Myanmar,Myanmar Earthquake 2025 - Mandalay City Buildings Mapping,5,False,5,Myanmar Earthquake 2025 - Mandalay City Buildings Mapping|100525_57329
OAM-402100-229337-19,fold_6,Myanmar,Myanmar Earthquake 2025 - Mandalay City Buildings Mapping,48,False,48,Myanmar Earthquake 2025 - Mandalay City Buildings Mapping|100525_57334
OAM-402100-229373-19,fold_2,Myanmar,Myanmar Earthquake 2025 - Mandalay City Buildings Mapping,0,True,0,Myanmar Earthquake 2025 - Mandalay City Buildings Mapping|100525_57343
OAM-402100-229379-19,fold_6,Myanmar,Myanmar Earthquake 2025 - Mandalay City Buildings Mapping,3,False,3,Myanmar Earthquake 2025 - Mandalay City Buildings Mapping|100525_57344
OAM-402100-229439-19,fold_1,Myanmar,Myanmar Earthquake 2025 - Mandalay City Buildings Mapping,1,False,1,Myanmar Earthquake 2025 - Mandalay City Buildings Mapping|100525_57359
OAM-402100-229445-19,fold_6,Myanmar,Myanmar Earthquake 2025 - Mandalay City Buildings Mapping,2,False,2,Myanmar Earthquake 2025 - Mandalay City Buildings Mapping|100525_57361
OAM-402100-229466-19,fold_1,Myanmar,Myanmar Earthquake 2025 - Mandalay City Buildings Mapping,6,False,6,Myanmar Earthquake 2025 - Mandalay City Buildings Mapping|100525_57366
OAM-402100-229483-19,fold_0,Myanmar,Myanmar Earthquake 2025 - Amarapura/Mandalay Buildings Mapping,5,False,5,Myanmar Earthquake 2025 - Amarapura/Mandalay Buildings Mapping|100525_57370
OAM-402100-229495-19,fold_1,Myanmar,Myanmar Earthquake 2025 - Amarapura/Mandalay Buildings Mapping,10,False,10,Myanmar Earthquake 2025 - Amarapura/Mandalay Buildings Mapping|100525_57373
OAM-402100-229496-19,fold_1,Myanmar,Myanmar Earthquake 2025 - Amarapura/Mandalay Buildings Mapping,11,False,11,Myanmar Earthquake 2025 - Amarapura/Mandalay Buildings Mapping|100525_57374
OAM-402100-229498-19,fold_1,Myanmar,Myanmar Earthquake 2025 - Amarapura/Mandalay Buildings Mapping,20,False,20,Myanmar Earthquake 2025 - Amarapura/Mandalay Buildings Mapping|100525_57374
OAM-402100-229501-19,fold_0,Myanmar,Myanmar Earthquake 2025 - Amarapura/Mandalay Buildings Mapping,57,False,57,Myanmar Earthquake 2025 - Amarapura/Mandalay Buildings Mapping|100525_57375
OAM-402101-229372-19,fold_2,Myanmar,Myanmar Earthquake 2025 - Mandalay City Buildings Mapping,1,False,1,Myanmar Earthquake 2025 - Mandalay City Buildings Mapping|100525_57343
OAM-402101-229376-19,fold_6,Myanmar,Myanmar Earthquake 2025 - Mandalay City Buildings Mapping,0,True,0,Myanmar Earthquake 2025 - Mandalay City Buildings Mapping|100525_57344
OAM-402101-229445-19,fold_6,Myanmar,Myanmar Earthquake 2025 - Mandalay City Buildings Mapping,5,False,5,Myanmar Earthquake 2025 - Mandalay City Buildings Mapping|100525_57361
OAM-402101-229449-19,fold_6,Myanmar,Myanmar Earthquake 2025 - Mandalay City Buildings Mapping,48,False,48,Myanmar Earthquake 2025 - Mandalay City Buildings Mapping|100525_57362
OAM-402101-229450-19,fold_6,Myanmar,Myanmar Earthquake 2025 - Mandalay City Buildings Mapping,72,False,72,Myanmar Earthquake 2025 - Mandalay City Buildings Mapping|100525_57362
OAM-402101-229485-19,fold_6,Myanmar,Myanmar Earthquake 2025 - Amarapura/Mandalay Buildings Mapping,7,False,7,Myanmar Earthquake 2025 - Amarapura/Mandalay Buildings Mapping|100525_57371
OAM-402101-229487-19,fold_6,Myanmar,Myanmar Earthquake 2025 - Amarapura/Mandalay Buildings Mapping,47,False,47,Myanmar Earthquake 2025 - Amarapura/Mandalay Buildings Mapping|100525_57371
OAM-402101-229501-19,fold_0,Myanmar,Myanmar Earthquake 2025 - Amarapura/Mandalay Buildings Mapping,49,False,49,Myanmar Earthquake 2025 - Amarapura/Mandalay Buildings Mapping|100525_57375
OAM-402102-229316-19,fold_5,Myanmar,Myanmar Earthquake 2025 - Mandalay City Buildings Mapping,5,False,5,Myanmar Earthquake 2025 - Mandalay City Buildings Mapping|100525_57329
OAM-402102-229377-19,fold_6,Myanmar,Myanmar Earthquake 2025 - Mandalay City Buildings Mapping,2,False,2,Myanmar Earthquake 2025 - Mandalay City Buildings Mapping|100525_57344
OAM-402102-229409-19,fold_5,Myanmar,Myanmar Earthquake 2025 - Mandalay City Buildings Mapping,11,False,11,Myanmar Earthquake 2025 - Mandalay City Buildings Mapping|100525_57352
OAM-402102-229410-19,fold_5,Myanmar,Myanmar Earthquake 2025 - Mandalay City Buildings Mapping,9,False,9,Myanmar Earthquake 2025 - Mandalay City Buildings Mapping|100525_57352
OAM-402102-229466-19,fold_1,Myanmar,Myanmar Earthquake 2025 - Mandalay City Buildings Mapping,6,False,6,Myanmar Earthquake 2025 - Mandalay City Buildings Mapping|100525_57366
OAM-402103-229311-19,fold_3,Myanmar,Myanmar Earthquake 2025 - Mandalay City Buildings Mapping,8,False,8,Myanmar Earthquake 2025 - Mandalay City Buildings Mapping|100525_57327
OAM-402103-229313-19,fold_4,Myanmar,Myanmar Earthquake 2025 - Mandalay City Buildings Mapping,0,True,0,Myanmar Earthquake 2025 - Mandalay City Buildings Mapping|100525_57328
OAM-402103-229326-19,fold_6,Myanmar,Myanmar Earthquake 2025 - Mandalay City Buildings Mapping,5,False,5,Myanmar Earthquake 2025 - Mandalay City Buildings Mapping|100525_57331
OAM-402103-229427-19,fold_5,Myanmar,Myanmar Earthquake 2025 - Mandalay City Buildings Mapping,5,False,5,Myanmar Earthquake 2025 - Mandalay City Buildings Mapping|100525_57356
OAM-402103-229428-19,fold_3,Myanmar,Myanmar Earthquake 2025 - Mandalay City Buildings Mapping,8,False,8,Myanmar Earthquake 2025 - Mandalay City Buildings Mapping|100525_57357
OAM-402103-229464-19,fold_1,Myanmar,Myanmar Earthquake 2025 - Mandalay City Buildings Mapping,20,False,20,Myanmar Earthquake 2025 - Mandalay City Buildings Mapping|100525_57366
OAM-402103-229471-19,fold_2,Myanmar,Myanmar Earthquake 2025 - Mandalay City Buildings Mapping,5,False,5,Myanmar Earthquake 2025 - Mandalay City Buildings Mapping|100525_57367
OAM-402103-229500-19,fold_0,Myanmar,Myanmar Earthquake 2025 - Amarapura/Mandalay Buildings Mapping,2,False,2,Myanmar Earthquake 2025 - Amarapura/Mandalay Buildings Mapping|100525_57375
OAM-402103-229504-19,fold_4,Myanmar,Myanmar Earthquake 2025 - Amarapura/Mandalay Buildings Mapping,0,True,0,Myanmar Earthquake 2025 - Amarapura/Mandalay Buildings Mapping|100525_57376
OAM-402103-229505-19,fold_4,Myanmar,Myanmar Earthquake 2025 - Amarapura/Mandalay Buildings Mapping,0,True,0,Myanmar Earthquake 2025 - Amarapura/Mandalay Buildings Mapping|100525_57376
OAM-402103-229508-19,fold_1,Myanmar,Myanmar Earthquake 2025 - Amarapura/Mandalay Buildings Mapping,0,True,0,Myanmar Earthquake 2025 - Amarapura/Mandalay Buildings Mapping|100525_57377
OAM-402104-229333-19,fold_3,Myanmar,Myanmar Earthquake 2025 - Mandalay City Buildings Mapping,6,False,6,Myanmar Earthquake 2025 - Mandalay City Buildings Mapping|100526_57333
OAM-402104-229393-19,fold_6,Myanmar,Myanmar Earthquake 2025 - Mandalay City Buildings Mapping,20,False,20,Myanmar Earthquake 2025 - Mandalay City Buildings Mapping|100526_57348
OAM-402104-229434-19,fold_2,Myanmar,Myanmar Earthquake 2025 - Mandalay City Buildings Mapping,5,False,5,Myanmar Earthquake 2025 - Mandalay City Buildings Mapping|100526_57358
OAM-402104-229448-19,fold_4,Myanmar,Myanmar Earthquake 2025 - Mandalay City Buildings Mapping,52,False,52,Myanmar Earthquake 2025 - Mandalay City Buildings Mapping|100526_57362
OAM-402104-229466-19,fold_0,Myanmar,Myanmar Earthquake 2025 - Mandalay City Buildings Mapping,4,False,4,Myanmar Earthquake 2025 - Mandalay City Buildings Mapping|100526_57366
OAM-402104-229469-19,fold_5,Myanmar,Myanmar Earthquake 2025 - Mandalay City Buildings Mapping,3,False,3,Myanmar Earthquake 2025 - Mandalay City Buildings Mapping|100526_57367
OAM-402104-229499-19,fold_1,Myanmar,Myanmar Earthquake 2025 - Amarapura/Mandalay Buildings Mapping,2,False,2,Myanmar Earthquake 2025 - Amarapura/Mandalay Buildings Mapping|100526_57374
OAM-402104-229500-19,fold_4,Myanmar,Myanmar Earthquake 2025 - Amarapura/Mandalay Buildings Mapping,2,False,2,Myanmar Earthquake 2025 - Amarapura/Mandalay Buildings Mapping|100526_57375
OAM-402104-229502-19,fold_4,Myanmar,Myanmar Earthquake 2025 - Amarapura/Mandalay Buildings Mapping,0,True,0,Myanmar Earthquake 2025 - Amarapura/Mandalay Buildings Mapping|100526_57375
OAM-402104-229503-19,fold_4,Myanmar,Myanmar Earthquake 2025 - Amarapura/Mandalay Buildings Mapping,0,True,0,Myanmar Earthquake 2025 - Amarapura/Mandalay Buildings Mapping|100526_57375
OAM-402104-229506-19,fold_3,Myanmar,Myanmar Earthquake 2025 - Amarapura/Mandalay Buildings Mapping,0,True,0,Myanmar Earthquake 2025 - Amarapura/Mandalay Buildings Mapping|100526_57376
OAM-402104-229507-19,fold_3,Myanmar,Myanmar Earthquake 2025 - Amarapura/Mandalay Buildings Mapping,0,True,0,Myanmar Earthquake 2025 - Amarapura/Mandalay Buildings Mapping|100526_57376
OAM-402105-229309-19,fold_4,Myanmar,Myanmar Earthquake 2025 - Mandalay City Buildings Mapping,5,False,5,Myanmar Earthquake 2025 - Mandalay City Buildings Mapping|100526_57327
OAM-402105-229393-19,fold_6,Myanmar,Myanmar Earthquake 2025 - Mandalay City Buildings Mapping,20,False,20,Myanmar Earthquake 2025 - Mandalay City Buildings Mapping|100526_57348
OAM-402105-229493-19,fold_4,Myanmar,Myanmar Earthquake 2025 - Amarapura/Mandalay Buildings Mapping,2,False,2,Myanmar Earthquake 2025 - Amarapura/Mandalay Buildings Mapping|100526_57373
OAM-402105-229496-19,fold_1,Myanmar,Myanmar Earthquake 2025 - Amarapura/Mandalay Buildings Mapping,0,True,0,Myanmar Earthquake 2025 - Amarapura/Mandalay Buildings Mapping|100526_57374
OAM-402105-229505-19,fold_3,Myanmar,Myanmar Earthquake 2025 - Amarapura/Mandalay Buildings Mapping,0,True,0,Myanmar Earthquake 2025 - Amarapura/Mandalay Buildings Mapping|100526_57376
OAM-402105-229506-19,fold_3,Myanmar,Myanmar Earthquake 2025 - Amarapura/Mandalay Buildings Mapping,0,True,0,Myanmar Earthquake 2025 - Amarapura/Mandalay Buildings Mapping|100526_57376
OAM-402105-229508-19,fold_0,Myanmar,Myanmar Earthquake 2025 - Amarapura/Mandalay Buildings Mapping,0,True,0,Myanmar Earthquake 2025 - Amarapura/Mandalay Buildings Mapping|100526_57377
OAM-402106-229445-19,fold_3,Myanmar,Myanmar Earthquake 2025 - Mandalay City Buildings Mapping,4,False,4,Myanmar Earthquake 2025 - Mandalay City Buildings Mapping|100526_57361
OAM-402106-229446-19,fold_3,Myanmar,Myanmar Earthquake 2025 - Mandalay City Buildings Mapping,20,False,20,Myanmar Earthquake 2025 - Mandalay City Buildings Mapping|100526_57361
OAM-402106-229450-19,fold_4,Myanmar,Myanmar Earthquake 2025 - Mandalay City Buildings Mapping,76,False,76,Myanmar Earthquake 2025 - Mandalay City Buildings Mapping|100526_57362
OAM-402106-229466-19,fold_0,Myanmar,Myanmar Earthquake 2025 - Mandalay City Buildings Mapping,3,False,3,Myanmar Earthquake 2025 - Mandalay City Buildings Mapping|100526_57366
OAM-402106-229482-19,fold_2,Myanmar,Myanmar Earthquake 2025 - Mandalay City Buildings Mapping,5,False,5,Myanmar Earthquake 2025 - Mandalay City Buildings Mapping|100526_57370
OAM-402106-229492-19,fold_4,Myanmar,Myanmar Earthquake 2025 - Amarapura/Mandalay Buildings Mapping,3,False,3,Myanmar Earthquake 2025 - Amarapura/Mandalay Buildings Mapping|100526_57373
OAM-402106-229507-19,fold_3,Myanmar,Myanmar Earthquake 2025 - Amarapura/Mandalay Buildings Mapping,0,True,0,Myanmar Earthquake 2025 - Amarapura/Mandalay Buildings Mapping|100526_57376
OAM-402106-229508-19,fold_0,Myanmar,Myanmar Earthquake 2025 - Amarapura/Mandalay Buildings Mapping,0,True,0,Myanmar Earthquake 2025 - Amarapura/Mandalay Buildings Mapping|100526_57377
OAM-402107-229332-19,fold_3,Myanmar,Myanmar Earthquake 2025 - Mandalay City Buildings Mapping,3,False,3,Myanmar Earthquake 2025 - Mandalay City Buildings Mapping|100526_57333
OAM-402107-229388-19,fold_4,Myanmar,Myanmar Earthquake 2025 - Mandalay City Buildings Mapping,20,False,20,Myanmar Earthquake 2025 - Mandalay City Buildings Mapping|100526_57347
OAM-402107-229465-19,fold_0,Myanmar,Myanmar Earthquake 2025 - Mandalay City Buildings Mapping,21,False,21,Myanmar Earthquake 2025 - Mandalay City Buildings Mapping|100526_57366
OAM-402107-229492-19,fold_4,Myanmar,Myanmar Earthquake 2025 - Amarapura/Mandalay Buildings Mapping,2,False,2,Myanmar Earthquake 2025 - Amarapura/Mandalay Buildings Mapping|100526_57373
OAM-402107-229495-19,fold_4,Myanmar,Myanmar Earthquake 2025 - Amarapura/Mandalay Buildings Mapping,1,False,1,Myanmar Earthquake 2025 - Amarapura/Mandalay Buildings Mapping|100526_57373
OAM-402107-229503-19,fold_4,Myanmar,Myanmar Earthquake 2025 - Amarapura/Mandalay Buildings Mapping,0,True,0,Myanmar Earthquake 2025 - Amarapura/Mandalay Buildings Mapping|100526_57375
OAM-402107-229504-19,fold_3,Myanmar,Myanmar Earthquake 2025 - Amarapura/Mandalay Buildings Mapping,0,True,0,Myanmar Earthquake 2025 - Amarapura/Mandalay Buildings Mapping|100526_57376
OAM-402107-229508-19,fold_0,Myanmar,Myanmar Earthquake 2025 - Amarapura/Mandalay Buildings Mapping,0,True,0,Myanmar Earthquake 2025 - Amarapura/Mandalay Buildings Mapping|100526_57377
OAM-402108-229307-19,fold_1,Myanmar,Myanmar Earthquake 2025 - Mandalay City Buildings Mapping,0,True,0,Myanmar Earthquake 2025 - Mandalay City Buildings Mapping|100527_57326
OAM-402108-229314-19,fold_3,Myanmar,Myanmar Earthquake 2025 - Mandalay City Buildings Mapping,0,True,0,Myanmar Earthquake 2025 - Mandalay City Buildings Mapping|100527_57328
OAM-402108-229316-19,fold_3,Myanmar,Myanmar Earthquake 2025 - Mandalay City Buildings Mapping,2,False,2,Myanmar Earthquake 2025 - Mandalay City Buildings Mapping|100527_57329
OAM-402108-229355-19,fold_0,Myanmar,Myanmar Earthquake 2025 - Mandalay City Buildings Mapping,20,False,20,Myanmar Earthquake 2025 - Mandalay City Buildings Mapping|100527_57338
OAM-402108-229492-19,fold_4,Myanmar,Myanmar Earthquake 2025 - Amarapura/Mandalay Buildings Mapping,7,False,7,Myanmar Earthquake 2025 - Amarapura/Mandalay Buildings Mapping|100527_57373
OAM-402108-229496-19,fold_4,Myanmar,Myanmar Earthquake 2025 - Amarapura/Mandalay Buildings Mapping,2,False,2,Myanmar Earthquake 2025 - Amarapura/Mandalay Buildings Mapping|100527_57374
OAM-402108-229498-19,fold_4,Myanmar,Myanmar Earthquake 2025 - Amarapura/Mandalay Buildings Mapping,0,True,0,Myanmar Earthquake 2025 - Amarapura/Mandalay Buildings Mapping|100527_57374
OAM-402108-229502-19,fold_0,Myanmar,Myanmar Earthquake 2025 - Amarapura/Mandalay Buildings Mapping,0,True,0,Myanmar Earthquake 2025 - Amarapura/Mandalay Buildings Mapping|100527_57375
OAM-402108-229503-19,fold_0,Myanmar,Myanmar Earthquake 2025 - Amarapura/Mandalay Buildings Mapping,0,True,0,Myanmar Earthquake 2025 - Amarapura/Mandalay Buildings Mapping|100527_57375
OAM-402108-229506-19,fold_3,Myanmar,Myanmar Earthquake 2025 - Amarapura/Mandalay Buildings Mapping,0,True,0,Myanmar Earthquake 2025 - Amarapura/Mandalay Buildings Mapping|100527_57376
OAM-402109-229422-19,fold_2,Myanmar,Myanmar Earthquake 2025 - Mandalay City Buildings Mapping,12,False,12,Myanmar Earthquake 2025 - Mandalay City Buildings Mapping|100527_57355
OAM-402109-229445-19,fold_6,Myanmar,Myanmar Earthquake 2025 - Mandalay City Buildings Mapping,8,False,8,Myanmar Earthquake 2025 - Mandalay City Buildings Mapping|100527_57361
OAM-402109-229484-19,fold_2,Myanmar,Myanmar Earthquake 2025 - Amarapura/Mandalay Buildings Mapping,3,False,3,Myanmar Earthquake 2025 - Amarapura/Mandalay Buildings Mapping|100527_57371
OAM-402109-229485-19,fold_2,Myanmar,Myanmar Earthquake 2025 - Amarapura/Mandalay Buildings Mapping,5,False,5,Myanmar Earthquake 2025 - Amarapura/Mandalay Buildings Mapping|100527_57371
OAM-402109-229488-19,fold_6,Myanmar,Myanmar Earthquake 2025 - Amarapura/Mandalay Buildings Mapping,4,False,4,Myanmar Earthquake 2025 - Amarapura/Mandalay Buildings Mapping|100527_57372
OAM-402109-229495-19,fold_4,Myanmar,Myanmar Earthquake 2025 - Amarapura/Mandalay Buildings Mapping,1,False,1,Myanmar Earthquake 2025 - Amarapura/Mandalay Buildings Mapping|100527_57373
OAM-402109-229502-19,fold_0,Myanmar,Myanmar Earthquake 2025 - Amarapura/Mandalay Buildings Mapping,0,True,0,Myanmar Earthquake 2025 - Amarapura/Mandalay Buildings Mapping|100527_57375
OAM-402109-229505-19,fold_3,Myanmar,Myanmar Earthquake 2025 - Amarapura/Mandalay Buildings Mapping,0,True,0,Myanmar Earthquake 2025 - Amarapura/Mandalay Buildings Mapping|100527_57376
OAM-402110-229323-19,fold_0,Myanmar,Myanmar Earthquake 2025 - Mandalay City Buildings Mapping,13,False,13,Myanmar Earthquake 2025 - Mandalay City Buildings Mapping|100527_57330
OAM-402110-229400-19,fold_3,Myanmar,Myanmar Earthquake 2025 - Mandalay City Buildings Mapping,52,False,52,Myanmar Earthquake 2025 - Mandalay City Buildings Mapping|100527_57350
OAM-402110-229423-19,fold_2,Myanmar,Myanmar Earthquake 2025 - Mandalay City Buildings Mapping,9,False,9,Myanmar Earthquake 2025 - Mandalay City Buildings Mapping|100527_57355
OAM-402110-229467-19,fold_0,Myanmar,Myanmar Earthquake 2025 - Mandalay City Buildings Mapping,4,False,4,Myanmar Earthquake 2025 - Mandalay City Buildings Mapping|100527_57366
OAM-402110-229484-19,fold_2,Myanmar,Myanmar Earthquake 2025 - Amarapura/Mandalay Buildings Mapping,2,False,2,Myanmar Earthquake 2025 - Amarapura/Mandalay Buildings Mapping|100527_57371
OAM-402110-229487-19,fold_2,Myanmar,Myanmar Earthquake 2025 - Amarapura/Mandalay Buildings Mapping,5,False,5,Myanmar Earthquake 2025 - Amarapura/Mandalay Buildings Mapping|100527_57371
OAM-402110-229495-19,fold_4,Myanmar,Myanmar Earthquake 2025 - Amarapura/Mandalay Buildings Mapping,1,False,1,Myanmar Earthquake 2025 - Amarapura/Mandalay Buildings Mapping|100527_57373
OAM-402110-229499-19,fold_4,Myanmar,Myanmar Earthquake 2025 - Amarapura/Mandalay Buildings Mapping,1,False,1,Myanmar Earthquake 2025 - Amarapura/Mandalay Buildings Mapping|100527_57374
OAM-402110-229503-19,fold_0,Myanmar,Myanmar Earthquake 2025 - Amarapura/Mandalay Buildings Mapping,0,True,0,Myanmar Earthquake 2025 - Amarapura/Mandalay Buildings Mapping|100527_57375
OAM-402110-229506-19,fold_3,Myanmar,Myanmar Earthquake 2025 - Amarapura/Mandalay Buildings Mapping,0,True,0,Myanmar Earthquake 2025 - Amarapura/Mandalay Buildings Mapping|100527_57376
OAM-402110-229508-19,fold_0,Myanmar,Myanmar Earthquake 2025 - Amarapura/Mandalay Buildings Mapping,0,True,0,Myanmar Earthquake 2025 - Amarapura/Mandalay Buildings Mapping|100527_57377
OAM-402111-229382-19,fold_0,Myanmar,Myanmar Earthquake 2025 - Mandalay City Buildings Mapping,20,False,20,Myanmar Earthquake 2025 - Mandalay City Buildings Mapping|100527_57345
OAM-402111-229407-19,fold_1,Myanmar,Myanmar Earthquake 2025 - Mandalay City Buildings Mapping,20,False,20,Myanmar Earthquake 2025 - Mandalay City Buildings Mapping|100527_57351
OAM-402111-229441-19,fold_2,Myanmar,Myanmar Earthquake 2025 - Mandalay City Buildings Mapping,20,False,20,Myanmar Earthquake 2025 - Mandalay City Buildings Mapping|100527_57360
OAM-402111-229442-19,fold_2,Myanmar,Myanmar Earthquake 2025 - Mandalay City Buildings Mapping,19,False,19,Myanmar Earthquake 2025 - Mandalay City Buildings Mapping|100527_57360
OAM-402111-229445-19,fold_6,Myanmar,Myanmar Earthquake 2025 - Mandalay City Buildings Mapping,20,False,20,Myanmar Earthquake 2025 - Mandalay City Buildings Mapping|100527_57361
OAM-402111-229456-19,fold_6,Myanmar,Myanmar Earthquake 2025 - Mandalay City Buildings Mapping,20,False,20,Myanmar Earthquake 2025 - Mandalay City Buildings Mapping|100527_57364
OAM-402111-229465-19,fold_0,Myanmar,Myanmar Earthquake 2025 - Mandalay City Buildings Mapping,20,False,20,Myanmar Earthquake 2025 - Mandalay City Buildings Mapping|100527_57366
OAM-402111-229467-19,fold_0,Myanmar,Myanmar Earthquake 2025 - Mandalay City Buildings Mapping,3,False,3,Myanmar Earthquake 2025 - Mandalay City Buildings Mapping|100527_57366
OAM-402111-229486-19,fold_2,Myanmar,Myanmar Earthquake 2025 - Amarapura/Mandalay Buildings Mapping,1,False,1,Myanmar Earthquake 2025 - Amarapura/Mandalay Buildings Mapping|100527_57371
OAM-402111-229490-19,fold_6,Myanmar,Myanmar Earthquake 2025 - Amarapura/Mandalay Buildings Mapping,2,False,2,Myanmar Earthquake 2025 - Amarapura/Mandalay Buildings Mapping|100527_57372
OAM-402111-229491-19,fold_6,Myanmar,Myanmar Earthquake 2025 - Amarapura/Mandalay Buildings Mapping,5,False,5,Myanmar Earthquake 2025 - Amarapura/Mandalay Buildings Mapping|100527_57372
OAM-402111-229496-19,fold_4,Myanmar,Myanmar Earthquake 2025 - Amarapura/Mandalay Buildings Mapping,0,True,0,Myanmar Earthquake 2025 - Amarapura/Mandalay Buildings Mapping|100527_57374
OAM-402111-229504-19,fold_3,Myanmar,Myanmar Earthquake 2025 - Amarapura/Mandalay Buildings Mapping,0,True,0,Myanmar Earthquake 2025 - Amarapura/Mandalay Buildings Mapping|100527_57376
OAM-402111-229506-19,fold_3,Myanmar,Myanmar Earthquake 2025 - Amarapura/Mandalay Buildings Mapping,0,True,0,Myanmar Earthquake 2025 - Amarapura/Mandalay Buildings Mapping|100527_57376
OAM-402112-229330-19,fold_0,Myanmar,Myanmar Earthquake 2025 - Mandalay City Buildings Mapping,47,False,47,Myanmar Earthquake 2025 - Mandalay City Buildings Mapping|100528_57332
OAM-402112-229366-19,fold_2,Myanmar,Myanmar Earthquake 2025 - Mandalay City Buildings Mapping,21,False,21,Myanmar Earthquake 2025 - Mandalay City Buildings Mapping|100528_57341
OAM-402112-229448-19,fold_1,Myanmar,Myanmar Earthquake 2025 - Mandalay City Buildings Mapping,29,False,29,Myanmar Earthquake 2025 - Mandalay City Buildings Mapping|100528_57362
OAM-402112-229452-19,fold_4,Myanmar,Myanmar Earthquake 2025 - Mandalay City Buildings Mapping,47,False,47,Myanmar Earthquake 2025 - Mandalay City Buildings Mapping|100528_57363
OAM-402112-229467-19,fold_2,Myanmar,Myanmar Earthquake 2025 - Mandalay City Buildings Mapping,4,False,4,Myanmar Earthquake 2025 - Mandalay City Buildings Mapping|100528_57366
OAM-402112-229468-19,fold_5,Myanmar,Myanmar Earthquake 2025 - Mandalay City Buildings Mapping,3,False,3,Myanmar Earthquake 2025 - Mandalay City Buildings Mapping|100528_57367
OAM-402112-229469-19,fold_5,Myanmar,Myanmar Earthquake 2025 - Mandalay City Buildings Mapping,7,False,7,Myanmar Earthquake 2025 - Mandalay City Buildings Mapping|100528_57367
OAM-402112-229470-19,fold_5,Myanmar,Myanmar Earthquake 2025 - Mandalay City Buildings Mapping,9,False,9,Myanmar Earthquake 2025 - Mandalay City Buildings Mapping|100528_57367
OAM-402112-229491-19,fold_4,Myanmar,Myanmar Earthquake 2025 - Amarapura/Mandalay Buildings Mapping,0,True,0,Myanmar Earthquake 2025 - Amarapura/Mandalay Buildings Mapping|100528_57372
OAM-402112-229493-19,fold_5,Myanmar,Myanmar Earthquake 2025 - Amarapura/Mandalay Buildings Mapping,3,False,3,Myanmar Earthquake 2025 - Amarapura/Mandalay Buildings Mapping|100528_57373
OAM-402112-229495-19,fold_5,Myanmar,Myanmar Earthquake 2025 - Amarapura/Mandalay Buildings Mapping,0,True,0,Myanmar Earthquake 2025 - Amarapura/Mandalay Buildings Mapping|100528_57373
OAM-402112-229499-19,fold_5,Myanmar,Myanmar Earthquake 2025 - Amarapura/Mandalay Buildings Mapping,0,True,0,Myanmar Earthquake 2025 - Amarapura/Mandalay Buildings Mapping|100528_57374
OAM-402112-229500-19,fold_0,Myanmar,Myanmar Earthquake 2025 - Amarapura/Mandalay Buildings Mapping,0,True,0,Myanmar Earthquake 2025 - Amarapura/Mandalay Buildings Mapping|100528_57375
OAM-402112-229501-19,fold_0,Myanmar,Myanmar Earthquake 2025 - Amarapura/Mandalay Buildings Mapping,0,True,0,Myanmar Earthquake 2025 - Amarapura/Mandalay Buildings Mapping|100528_57375
OAM-402112-229502-19,fold_0,Myanmar,Myanmar Earthquake 2025 - Amarapura/Mandalay Buildings Mapping,1,False,1,Myanmar Earthquake 2025 - Amarapura/Mandalay Buildings Mapping|100528_57375
OAM-402112-229504-19,fold_1,Myanmar,Myanmar Earthquake 2025 - Amarapura/Mandalay Buildings Mapping,0,True,0,Myanmar Earthquake 2025 - Amarapura/Mandalay Buildings Mapping|100528_57376
OAM-402113-229417-19,fold_1,Myanmar,Myanmar Earthquake 2025 - Mandalay City Buildings Mapping,8,False,8,Myanmar Earthquake 2025 - Mandalay City Buildings Mapping|100528_57354
OAM-402113-229472-19,fold_3,Myanmar,Myanmar Earthquake 2025 - Mandalay City Buildings Mapping,3,False,3,Myanmar Earthquake 2025 - Mandalay City Buildings Mapping|100528_57368
OAM-402113-229490-19,fold_4,Myanmar,Myanmar Earthquake 2025 - Amarapura/Mandalay Buildings Mapping,1,False,1,Myanmar Earthquake 2025 - Amarapura/Mandalay Buildings Mapping|100528_57372
OAM-402113-229491-19,fold_4,Myanmar,Myanmar Earthquake 2025 - Amarapura/Mandalay Buildings Mapping,1,False,1,Myanmar Earthquake 2025 - Amarapura/Mandalay Buildings Mapping|100528_57372
OAM-402113-229503-19,fold_0,Myanmar,Myanmar Earthquake 2025 - Amarapura/Mandalay Buildings Mapping,3,False,3,Myanmar Earthquake 2025 - Amarapura/Mandalay Buildings Mapping|100528_57375
OAM-402113-229504-19,fold_1,Myanmar,Myanmar Earthquake 2025 - Amarapura/Mandalay Buildings Mapping,2,False,2,Myanmar Earthquake 2025 - Amarapura/Mandalay Buildings Mapping|100528_57376
OAM-402113-229505-19,fold_1,Myanmar,Myanmar Earthquake 2025 - Amarapura/Mandalay Buildings Mapping,7,False,7,Myanmar Earthquake 2025 - Amarapura/Mandalay Buildings Mapping|100528_57376
OAM-402114-229346-19,fold_6,Myanmar,Myanmar Earthquake 2025 - Mandalay City Buildings Mapping,29,False,29,Myanmar Earthquake 2025 - Mandalay City Buildings Mapping|100528_57336
OAM-402114-229361-19,fold_0,Myanmar,Myanmar Earthquake 2025 - Mandalay City Buildings Mapping,2,False,2,Myanmar Earthquake 2025 - Mandalay City Buildings Mapping|100528_57340
OAM-402114-229454-19,fold_4,Myanmar,Myanmar Earthquake 2025 - Mandalay City Buildings Mapping,22,False,22,Myanmar Earthquake 2025 - Mandalay City Buildings Mapping|100528_57363
OAM-402114-229455-19,fold_4,Myanmar,Myanmar Earthquake 2025 - Mandalay City Buildings Mapping,20,False,20,Myanmar Earthquake 2025 - Mandalay City Buildings Mapping|100528_57363
OAM-402114-229466-19,fold_2,Myanmar,Myanmar Earthquake 2025 - Mandalay City Buildings Mapping,3,False,3,Myanmar Earthquake 2025 - Mandalay City Buildings Mapping|100528_57366
OAM-402114-229467-19,fold_2,Myanmar,Myanmar Earthquake 2025 - Mandalay City Buildings Mapping,6,False,6,Myanmar Earthquake 2025 - Mandalay City Buildings Mapping|100528_57366
OAM-402114-229472-19,fold_3,Myanmar,Myanmar Earthquake 2025 - Mandalay City Buildings Mapping,3,False,3,Myanmar Earthquake 2025 - Mandalay City Buildings Mapping|100528_57368
OAM-402114-229485-19,fold_1,Myanmar,Myanmar Earthquake 2025 - Amarapura/Mandalay Buildings Mapping,2,False,2,Myanmar Earthquake 2025 - Amarapura/Mandalay Buildings Mapping|100528_57371
OAM-402114-229488-19,fold_4,Myanmar,Myanmar Earthquake 2025 - Amarapura/Mandalay Buildings Mapping,2,False,2,Myanmar Earthquake 2025 - Amarapura/Mandalay Buildings Mapping|100528_57372
OAM-402114-229491-19,fold_4,Myanmar,Myanmar Earthquake 2025 - Amarapura/Mandalay Buildings Mapping,0,True,0,Myanmar Earthquake 2025 - Amarapura/Mandalay Buildings Mapping|100528_57372
OAM-402114-229492-19,fold_5,Myanmar,Myanmar Earthquake 2025 - Amarapura/Mandalay Buildings Mapping,0,True,0,Myanmar Earthquake 2025 - Amarapura/Mandalay Buildings Mapping|100528_57373
OAM-402114-229496-19,fold_5,Myanmar,Myanmar Earthquake 2025 - Amarapura/Mandalay Buildings Mapping,1,False,1,Myanmar Earthquake 2025 - Amarapura/Mandalay Buildings Mapping|100528_57374
OAM-402114-229498-19,fold_5,Myanmar,Myanmar Earthquake 2025 - Amarapura/Mandalay Buildings Mapping,0,True,0,Myanmar Earthquake 2025 - Amarapura/Mandalay Buildings Mapping|100528_57374
OAM-402114-229506-19,fold_1,Myanmar,Myanmar Earthquake 2025 - Amarapura/Mandalay Buildings Mapping,4,False,4,Myanmar Earthquake 2025 - Amarapura/Mandalay Buildings Mapping|100528_57376
OAM-402115-229342-19,fold_2,Myanmar,Myanmar Earthquake 2025 - Mandalay City Buildings Mapping,20,False,20,Myanmar Earthquake 2025 - Mandalay City Buildings Mapping|100528_57335
OAM-402115-229358-19,fold_0,Myanmar,Myanmar Earthquake 2025 - Mandalay City Buildings Mapping,25,False,25,Myanmar Earthquake 2025 - Mandalay City Buildings Mapping|100528_57339
OAM-402115-229361-19,fold_0,Myanmar,Myanmar Earthquake 2025 - Mandalay City Buildings Mapping,9,False,9,Myanmar Earthquake 2025 - Mandalay City Buildings Mapping|100528_57340
OAM-402115-229363-19,fold_0,Myanmar,Myanmar Earthquake 2025 - Mandalay City Buildings Mapping,3,False,3,Myanmar Earthquake 2025 - Mandalay City Buildings Mapping|100528_57340
OAM-402115-229390-19,fold_4,Myanmar,Myanmar Earthquake 2025 - Mandalay City Buildings Mapping,2,False,2,Myanmar Earthquake 2025 - Mandalay City Buildings Mapping|100528_57347
OAM-402115-229417-19,fold_1,Myanmar,Myanmar Earthquake 2025 - Mandalay City Buildings Mapping,20,False,20,Myanmar Earthquake 2025 - Mandalay City Buildings Mapping|100528_57354
OAM-402115-229422-19,fold_6,Myanmar,Myanmar Earthquake 2025 - Mandalay City Buildings Mapping,8,False,8,Myanmar Earthquake 2025 - Mandalay City Buildings Mapping|100528_57355
OAM-402115-229466-19,fold_2,Myanmar,Myanmar Earthquake 2025 - Mandalay City Buildings Mapping,8,False,8,Myanmar Earthquake 2025 - Mandalay City Buildings Mapping|100528_57366
OAM-402115-229467-19,fold_2,Myanmar,Myanmar Earthquake 2025 - Mandalay City Buildings Mapping,6,False,6,Myanmar Earthquake 2025 - Mandalay City Buildings Mapping|100528_57366
OAM-402115-229491-19,fold_4,Myanmar,Myanmar Earthquake 2025 - Amarapura/Mandalay Buildings Mapping,0,True,0,Myanmar Earthquake 2025 - Amarapura/Mandalay Buildings Mapping|100528_57372
OAM-402115-229494-19,fold_5,Myanmar,Myanmar Earthquake 2025 - Amarapura/Mandalay Buildings Mapping,0,True,0,Myanmar Earthquake 2025 - Amarapura/Mandalay Buildings Mapping|100528_57373
OAM-402116-229333-19,fold_1,Myanmar,Myanmar Earthquake 2025 - Mandalay City Buildings Mapping,48,False,48,Myanmar Earthquake 2025 - Mandalay City Buildings Mapping|100529_57333
OAM-402116-229334-19,fold_1,Myanmar,Myanmar Earthquake 2025 - Mandalay City Buildings Mapping,49,False,49,Myanmar Earthquake 2025 - Mandalay City Buildings Mapping|100529_57333
OAM-402116-229337-19,fold_4,Myanmar,Myanmar Earthquake 2025 - Mandalay City Buildings Mapping,15,False,15,Myanmar Earthquake 2025 - Mandalay City Buildings Mapping|100529_57334
OAM-402116-229341-19,fold_3,Myanmar,Myanmar Earthquake 2025 - Mandalay City Buildings Mapping,20,False,20,Myanmar Earthquake 2025 - Mandalay City Buildings Mapping|100529_57335
OAM-402116-229422-19,fold_6,Myanmar,Myanmar Earthquake 2025 - Mandalay City Buildings Mapping,3,False,3,Myanmar Earthquake 2025 - Mandalay City Buildings Mapping|100529_57355
OAM-402116-229466-19,fold_3,Myanmar,Myanmar Earthquake 2025 - Mandalay City Buildings Mapping,8,False,8,Myanmar Earthquake 2025 - Mandalay City Buildings Mapping|100529_57366
OAM-402116-229467-19,fold_3,Myanmar,Myanmar Earthquake 2025 - Mandalay City Buildings Mapping,5,False,5,Myanmar Earthquake 2025 - Mandalay City Buildings Mapping|100529_57366
OAM-402116-229486-19,fold_1,Myanmar,Myanmar Earthquake 2025 - Amarapura/Mandalay Buildings Mapping,18,False,18,Myanmar Earthquake 2025 - Amarapura/Mandalay Buildings Mapping|100529_57371
OAM-402116-229488-19,fold_6,Myanmar,Myanmar Earthquake 2025 - Amarapura/Mandalay Buildings Mapping,4,False,4,Myanmar Earthquake 2025 - Amarapura/Mandalay Buildings Mapping|100529_57372
OAM-402116-229489-19,fold_6,Myanmar,Myanmar Earthquake 2025 - Amarapura/Mandalay Buildings Mapping,1,False,1,Myanmar Earthquake 2025 - Amarapura/Mandalay Buildings Mapping|100529_57372
OAM-402116-229492-19,fold_3,Myanmar,Myanmar Earthquake 2025 - Amarapura/Mandalay Buildings Mapping,0,True,0,Myanmar Earthquake 2025 - Amarapura/Mandalay Buildings Mapping|100529_57373
OAM-402116-229508-19,fold_0,Myanmar,Myanmar Earthquake 2025 - Amarapura/Mandalay Buildings Mapping,7,False,7,Myanmar Earthquake 2025 - Amarapura/Mandalay Buildings Mapping|100529_57377
OAM-402117-229324-19,fold_6,Myanmar,Myanmar Earthquake 2025 - Mandalay City Buildings Mapping,20,False,20,Myanmar Earthquake 2025 - Mandalay City Buildings Mapping|100529_57331
OAM-402117-229325-19,fold_6,Myanmar,Myanmar Earthquake 2025 - Mandalay City Buildings Mapping,21,False,21,Myanmar Earthquake 2025 - Mandalay City Buildings Mapping|100529_57331
OAM-402117-229329-19,fold_2,Myanmar,Myanmar Earthquake 2025 - Mandalay City Buildings Mapping,52,False,52,Myanmar Earthquake 2025 - Mandalay City Buildings Mapping|100529_57332
OAM-402117-229372-19,fold_0,Myanmar,Myanmar Earthquake 2025 - Mandalay City Buildings Mapping,3,False,3,Myanmar Earthquake 2025 - Mandalay City Buildings Mapping|100529_57343
OAM-402117-229373-19,fold_0,Myanmar,Myanmar Earthquake 2025 - Mandalay City Buildings Mapping,1,False,1,Myanmar Earthquake 2025 - Mandalay City Buildings Mapping|100529_57343
OAM-402117-229374-19,fold_0,Myanmar,Myanmar Earthquake 2025 - Mandalay City Buildings Mapping,7,False,7,Myanmar Earthquake 2025 - Mandalay City Buildings Mapping|100529_57343
OAM-402117-229418-19,fold_1,Myanmar,Myanmar Earthquake 2025 - Mandalay City Buildings Mapping,2,False,2,Myanmar Earthquake 2025 - Mandalay City Buildings Mapping|100529_57354
OAM-402117-229445-19,fold_6,Myanmar,Myanmar Earthquake 2025 - Mandalay City Buildings Mapping,72,False,72,Myanmar Earthquake 2025 - Mandalay City Buildings Mapping|100529_57361
OAM-402117-229450-19,fold_1,Myanmar,Myanmar Earthquake 2025 - Mandalay City Buildings Mapping,52,False,52,Myanmar Earthquake 2025 - Mandalay City Buildings Mapping|100529_57362
OAM-402117-229453-19,fold_4,Myanmar,Myanmar Earthquake 2025 - Mandalay City Buildings Mapping,49,False,49,Myanmar Earthquake 2025 - Mandalay City Buildings Mapping|100529_57363
OAM-402117-229466-19,fold_3,Myanmar,Myanmar Earthquake 2025 - Mandalay City Buildings Mapping,3,False,3,Myanmar Earthquake 2025 - Mandalay City Buildings Mapping|100529_57366
OAM-402117-229467-19,fold_3,Myanmar,Myanmar Earthquake 2025 - Mandalay City Buildings Mapping,6,False,6,Myanmar Earthquake 2025 - Mandalay City Buildings Mapping|100529_57366
OAM-402117-229485-19,fold_1,Myanmar,Myanmar Earthquake 2025 - Amarapura/Mandalay Buildings Mapping,75,False,75,Myanmar Earthquake 2025 - Amarapura/Mandalay Buildings Mapping|100529_57371
OAM-402117-229486-19,fold_1,Myanmar,Myanmar Earthquake 2025 - Amarapura/Mandalay Buildings Mapping,72,False,72,Myanmar Earthquake 2025 - Amarapura/Mandalay Buildings Mapping|100529_57371
OAM-402117-229490-19,fold_6,Myanmar,Myanmar Earthquake 2025 - Amarapura/Mandalay Buildings Mapping,2,False,2,Myanmar Earthquake 2025 - Amarapura/Mandalay Buildings Mapping|100529_57372
OAM-402117-229491-19,fold_6,Myanmar,Myanmar Earthquake 2025 - Amarapura/Mandalay Buildings Mapping,2,False,2,Myanmar Earthquake 2025 - Amarapura/Mandalay Buildings Mapping|100529_57372
OAM-402117-229496-19,fold_1,Myanmar,Myanmar Earthquake 2025 - Amarapura/Mandalay Buildings Mapping,0,True,0,Myanmar Earthquake 2025 - Amarapura/Mandalay Buildings Mapping|100529_57374
OAM-402118-229345-19,fold_5,Myanmar,Myanmar Earthquake 2025 - Mandalay City Buildings Mapping,74,False,74,Myanmar Earthquake 2025 - Mandalay City Buildings Mapping|100529_57336
OAM-402118-229348-19,fold_4,Myanmar,Myanmar Earthquake 2025 - Mandalay City Buildings Mapping,1,False,1,Myanmar Earthquake 2025 - Mandalay City Buildings Mapping|100529_57337
OAM-402118-229361-19,fold_5,Myanmar,Myanmar Earthquake 2025 - Mandalay City Buildings Mapping,8,False,8,Myanmar Earthquake 2025 - Mandalay City Buildings Mapping|100529_57340
OAM-402118-229363-19,fold_5,Myanmar,Myanmar Earthquake 2025 - Mandalay City Buildings Mapping,6,False,6,Myanmar Earthquake 2025 - Mandalay City Buildings Mapping|100529_57340
OAM-402118-229415-19,fold_2,Myanmar,Myanmar Earthquake 2025 - Mandalay City Buildings Mapping,53,False,53,Myanmar Earthquake 2025 - Mandalay City Buildings Mapping|100529_57353
OAM-402118-229469-19,fold_2,Myanmar,Myanmar Earthquake 2025 - Mandalay City Buildings Mapping,3,False,3,Myanmar Earthquake 2025 - Mandalay City Buildings Mapping|100529_57367
OAM-402118-229471-19,fold_2,Myanmar,Myanmar Earthquake 2025 - Mandalay City Buildings Mapping,5,False,5,Myanmar Earthquake 2025 - Mandalay City Buildings Mapping|100529_57367
OAM-402118-229489-19,fold_6,Myanmar,Myanmar Earthquake 2025 - Amarapura/Mandalay Buildings Mapping,0,True,0,Myanmar Earthquake 2025 - Amarapura/Mandalay Buildings Mapping|100529_57372
OAM-402118-229490-19,fold_6,Myanmar,Myanmar Earthquake 2025 - Amarapura/Mandalay Buildings Mapping,1,False,1,Myanmar Earthquake 2025 - Amarapura/Mandalay Buildings Mapping|100529_57372
OAM-402119-229320-19,fold_3,Myanmar,Myanmar Earthquake 2025 - Mandalay City Buildings Mapping,21,False,21,Myanmar Earthquake 2025 - Mandalay City Buildings Mapping|100529_57330
OAM-402119-229369-19,fold_4,Myanmar,Myanmar Earthquake 2025 - Mandalay City Buildings Mapping,2,False,2,Myanmar Earthquake 2025 - Mandalay City Buildings Mapping|100529_57342
OAM-402119-229496-19,fold_1,Myanmar,Myanmar Earthquake 2025 - Amarapura/Mandalay Buildings Mapping,0,True,0,Myanmar Earthquake 2025 - Amarapura/Mandalay Buildings Mapping|100529_57374
OAM-402120-229432-19,fold_4,Myanmar,Myanmar Earthquake 2025 - Mandalay City Buildings Mapping,20,False,20,Myanmar Earthquake 2025 - Mandalay City Buildings Mapping|100530_57358
OAM-402120-229464-19,fold_0,Myanmar,Myanmar Earthquake 2025 - Mandalay City Buildings Mapping,1,False,1,Myanmar Earthquake 2025 - Mandalay City Buildings Mapping|100530_57366
OAM-402120-229470-19,fold_5,Myanmar,Myanmar Earthquake 2025 - Mandalay City Buildings Mapping,2,False,2,Myanmar Earthquake 2025 - Mandalay City Buildings Mapping|100530_57367
OAM-402120-229508-19,fold_6,Myanmar,Myanmar Earthquake 2025 - Amarapura/Mandalay Buildings Mapping,0,True,0,Myanmar Earthquake 2025 - Amarapura/Mandalay Buildings Mapping|100530_57377
OAM-402121-229345-19,fold_6,Myanmar,Myanmar Earthquake 2025 - Mandalay City Buildings Mapping,4,False,4,Myanmar Earthquake 2025 - Mandalay City Buildings Mapping|100530_57336
OAM-402121-229413-19,fold_4,Myanmar,Myanmar Earthquake 2025 - Mandalay City Buildings Mapping,50,False,50,Myanmar Earthquake 2025 - Mandalay City Buildings Mapping|100530_57353
OAM-402121-229439-19,fold_1,Myanmar,Myanmar Earthquake 2025 - Mandalay City Buildings Mapping,52,False,52,Myanmar Earthquake 2025 - Mandalay City Buildings Mapping|100530_57359
OAM-402121-229442-19,fold_4,Myanmar,Myanmar Earthquake 2025 - Mandalay City Buildings Mapping,49,False,49,Myanmar Earthquake 2025 - Mandalay City Buildings Mapping|100530_57360
OAM-402121-229504-19,fold_6,Myanmar,Myanmar Earthquake 2025 - Amarapura/Mandalay Buildings Mapping,11,False,11,Myanmar Earthquake 2025 - Amarapura/Mandalay Buildings Mapping|100530_57376
OAM-402122-229325-19,fold_3,Myanmar,Myanmar Earthquake 2025 - Mandalay City Buildings Mapping,3,False,3,Myanmar Earthquake 2025 - Mandalay City Buildings Mapping|100530_57331
OAM-402122-229357-19,fold_3,Myanmar,Myanmar Earthquake 2025 - Mandalay City Buildings Mapping,5,False,5,Myanmar Earthquake 2025 - Mandalay City Buildings Mapping|100530_57339
OAM-402122-229371-19,fold_0,Myanmar,Myanmar Earthquake 2025 - Mandalay City Buildings Mapping,24,False,24,Myanmar Earthquake 2025 - Mandalay City Buildings Mapping|100530_57342
OAM-402122-229431-19,fold_5,Myanmar,Myanmar Earthquake 2025 - Mandalay City Buildings Mapping,20,False,20,Myanmar Earthquake 2025 - Mandalay City Buildings Mapping|100530_57357
OAM-402122-229436-19,fold_1,Myanmar,Myanmar Earthquake 2025 - Mandalay City Buildings Mapping,10,False,10,Myanmar Earthquake 2025 - Mandalay City Buildings Mapping|100530_57359
OAM-402122-229437-19,fold_1,Myanmar,Myanmar Earthquake 2025 - Mandalay City Buildings Mapping,18,False,18,Myanmar Earthquake 2025 - Mandalay City Buildings Mapping|100530_57359
OAM-402122-229482-19,fold_4,Myanmar,Myanmar Earthquake 2025 - Amarapura/Mandalay Buildings Mapping,4,False,4,Myanmar Earthquake 2025 - Amarapura/Mandalay Buildings Mapping|100530_57370
OAM-402122-229483-19,fold_4,Myanmar,Myanmar Earthquake 2025 - Amarapura/Mandalay Buildings Mapping,3,False,3,Myanmar Earthquake 2025 - Amarapura/Mandalay Buildings Mapping|100530_57370
OAM-402122-229503-19,fold_2,Myanmar,Myanmar Earthquake 2025 - Amarapura/Mandalay Buildings Mapping,0,True,0,Myanmar Earthquake 2025 - Amarapura/Mandalay Buildings Mapping|100530_57375
OAM-402123-229362-19,fold_6,Myanmar,Myanmar Earthquake 2025 - Mandalay City Buildings Mapping,2,False,2,Myanmar Earthquake 2025 - Mandalay City Buildings Mapping|100530_57340
OAM-402123-229394-19,fold_4,Myanmar,Myanmar Earthquake 2025 - Mandalay City Buildings Mapping,20,False,20,Myanmar Earthquake 2025 - Mandalay City Buildings Mapping|100530_57348
OAM-402123-229413-19,fold_4,Myanmar,Myanmar Earthquake 2025 - Mandalay City Buildings Mapping,52,False,52,Myanmar Earthquake 2025 - Mandalay City Buildings Mapping|100530_57353
OAM-402123-229420-19,fold_1,Myanmar,Myanmar Earthquake 2025 - Mandalay City Buildings Mapping,48,False,48,Myanmar Earthquake 2025 - Mandalay City Buildings Mapping|100530_57355
OAM-402123-229438-19,fold_1,Myanmar,Myanmar Earthquake 2025 - Mandalay City Buildings Mapping,14,False,14,Myanmar Earthquake 2025 - Mandalay City Buildings Mapping|100530_57359
OAM-402123-229460-19,fold_5,Myanmar,Myanmar Earthquake 2025 - Mandalay City Buildings Mapping,5,False,5,Myanmar Earthquake 2025 - Mandalay City Buildings Mapping|100530_57365
OAM-402123-229483-19,fold_4,Myanmar,Myanmar Earthquake 2025 - Amarapura/Mandalay Buildings Mapping,4,False,4,Myanmar Earthquake 2025 - Amarapura/Mandalay Buildings Mapping|100530_57370
OAM-402123-229485-19,fold_2,Myanmar,Myanmar Earthquake 2025 - Amarapura/Mandalay Buildings Mapping,2,False,2,Myanmar Earthquake 2025 - Amarapura/Mandalay Buildings Mapping|100530_57371
OAM-402123-229496-19,fold_0,Myanmar,Myanmar Earthquake 2025 - Amarapura/Mandalay Buildings Mapping,0,True,0,Myanmar Earthquake 2025 - Amarapura/Mandalay Buildings Mapping|100530_57374
OAM-402123-229505-19,fold_6,Myanmar,Myanmar Earthquake 2025 - Amarapura/Mandalay Buildings Mapping,0,True,0,Myanmar Earthquake 2025 - Amarapura/Mandalay Buildings Mapping|100530_57376
OAM-402124-229309-19,fold_0,Myanmar,Myanmar Earthquake 2025 - Mandalay City Buildings Mapping,1,False,1,Myanmar Earthquake 2025 - Mandalay City Buildings Mapping|100531_57327
OAM-402124-229386-19,fold_1,Myanmar,Myanmar Earthquake 2025 - Mandalay City Buildings Mapping,7,False,7,Myanmar Earthquake 2025 - Mandalay City Buildings Mapping|100531_57346
OAM-402124-229489-19,fold_3,Myanmar,Myanmar Earthquake 2025 - Amarapura/Mandalay Buildings Mapping,0,True,0,Myanmar Earthquake 2025 - Amarapura/Mandalay Buildings Mapping|100531_57372
OAM-402124-229499-19,fold_2,Myanmar,Myanmar Earthquake 2025 - Amarapura/Mandalay Buildings Mapping,0,True,0,Myanmar Earthquake 2025 - Amarapura/Mandalay Buildings Mapping|100531_57374
OAM-402124-229501-19,fold_1,Myanmar,Myanmar Earthquake 2025 - Amarapura/Mandalay Buildings Mapping,0,True,0,Myanmar Earthquake 2025 - Amarapura/Mandalay Buildings Mapping|100531_57375
OAM-402124-229502-19,fold_1,Myanmar,Myanmar Earthquake 2025 - Amarapura/Mandalay Buildings Mapping,0,True,0,Myanmar Earthquake 2025 - Amarapura/Mandalay Buildings Mapping|100531_57375
OAM-402124-229503-19,fold_1,Myanmar,Myanmar Earthquake 2025 - Amarapura/Mandalay Buildings Mapping,0,True,0,Myanmar Earthquake 2025 - Amarapura/Mandalay Buildings Mapping|100531_57375
OAM-402124-229505-19,fold_5,Myanmar,Myanmar Earthquake 2025 - Amarapura/Mandalay Buildings Mapping,0,True,0,Myanmar Earthquake 2025 - Amarapura/Mandalay Buildings Mapping|100531_57376
OAM-402124-229507-19,fold_5,Myanmar,Myanmar Earthquake 2025 - Amarapura/Mandalay Buildings Mapping,0,True,0,Myanmar Earthquake 2025 - Amarapura/Mandalay Buildings Mapping|100531_57376
OAM-402125-229351-19,fold_1,Myanmar,Myanmar Earthquake 2025 - Mandalay City Buildings Mapping,21,False,21,Myanmar Earthquake 2025 - Mandalay City Buildings Mapping|100531_57337
OAM-402125-229455-19,fold_5,Myanmar,Myanmar Earthquake 2025 - Mandalay City Buildings Mapping,8,False,8,Myanmar Earthquake 2025 - Mandalay City Buildings Mapping|100531_57363
OAM-402125-229494-19,fold_0,Myanmar,Myanmar Earthquake 2025 - Amarapura/Mandalay Buildings Mapping,0,True,0,Myanmar Earthquake 2025 - Amarapura/Mandalay Buildings Mapping|100531_57373
OAM-402125-229500-19,fold_1,Myanmar,Myanmar Earthquake 2025 - Amarapura/Mandalay Buildings Mapping,0,True,0,Myanmar Earthquake 2025 - Amarapura/Mandalay Buildings Mapping|100531_57375
OAM-402126-229443-19,fold_0,Myanmar,Myanmar Earthquake 2025 - Mandalay City Buildings Mapping,13,False,13,Myanmar Earthquake 2025 - Mandalay City Buildings Mapping|100531_57360
OAM-402126-229462-19,fold_3,Myanmar,Myanmar Earthquake 2025 - Mandalay City Buildings Mapping,20,False,20,Myanmar Earthquake 2025 - Mandalay City Buildings Mapping|100531_57365
OAM-402126-229488-19,fold_3,Myanmar,Myanmar Earthquake 2025 - Amarapura/Mandalay Buildings Mapping,0,True,0,Myanmar Earthquake 2025 - Amarapura/Mandalay Buildings Mapping|100531_57372
OAM-402126-229496-19,fold_2,Myanmar,Myanmar Earthquake 2025 - Amarapura/Mandalay Buildings Mapping,0,True,0,Myanmar Earthquake 2025 - Amarapura/Mandalay Buildings Mapping|100531_57374
OAM-402126-229504-19,fold_5,Myanmar,Myanmar Earthquake 2025 - Amarapura/Mandalay Buildings Mapping,0,True,0,Myanmar Earthquake 2025 - Amarapura/Mandalay Buildings Mapping|100531_57376
OAM-402126-229505-19,fold_5,Myanmar,Myanmar Earthquake 2025 - Amarapura/Mandalay Buildings Mapping,0,True,0,Myanmar Earthquake 2025 - Amarapura/Mandalay Buildings Mapping|100531_57376
OAM-402126-229508-19,fold_6,Myanmar,Myanmar Earthquake 2025 - Amarapura/Mandalay Buildings Mapping,0,True,0,Myanmar Earthquake 2025 - Amarapura/Mandalay Buildings Mapping|100531_57377
OAM-402127-229360-19,fold_1,Myanmar,Myanmar Earthquake 2025 - Mandalay City Buildings Mapping,9,False,9,Myanmar Earthquake 2025 - Mandalay City Buildings Mapping|100531_57340
OAM-402127-229375-19,fold_4,Myanmar,Myanmar Earthquake 2025 - Mandalay City Buildings Mapping,3,False,3,Myanmar Earthquake 2025 - Mandalay City Buildings Mapping|100531_57343
OAM-402127-229419-19,fold_0,Myanmar,Myanmar Earthquake 2025 - Mandalay City Buildings Mapping,48,False,48,Myanmar Earthquake 2025 - Mandalay City Buildings Mapping|100531_57354
OAM-402127-229424-19,fold_2,Myanmar,Myanmar Earthquake 2025 - Mandalay City Buildings Mapping,54,False,54,Myanmar Earthquake 2025 - Mandalay City Buildings Mapping|100531_57356
OAM-402127-229440-19,fold_0,Myanmar,Myanmar Earthquake 2025 - Mandalay City Buildings Mapping,1,False,1,Myanmar Earthquake 2025 - Mandalay City Buildings Mapping|100531_57360
OAM-402127-229453-19,fold_5,Myanmar,Myanmar Earthquake 2025 - Mandalay City Buildings Mapping,2,False,2,Myanmar Earthquake 2025 - Mandalay City Buildings Mapping|100531_57363
OAM-402127-229491-19,fold_3,Myanmar,Myanmar Earthquake 2025 - Amarapura/Mandalay Buildings Mapping,0,True,0,Myanmar Earthquake 2025 - Amarapura/Mandalay Buildings Mapping|100531_57372
OAM-402127-229497-19,fold_2,Myanmar,Myanmar Earthquake 2025 - Amarapura/Mandalay Buildings Mapping,0,True,0,Myanmar Earthquake 2025 - Amarapura/Mandalay Buildings Mapping|100531_57374
OAM-402127-229501-19,fold_1,Myanmar,Myanmar Earthquake 2025 - Amarapura/Mandalay Buildings Mapping,0,True,0,Myanmar Earthquake 2025 - Amarapura/Mandalay Buildings Mapping|100531_57375
OAM-402127-229504-19,fold_5,Myanmar,Myanmar Earthquake 2025 - Amarapura/Mandalay Buildings Mapping,0,True,0,Myanmar Earthquake 2025 - Amarapura/Mandalay Buildings Mapping|100531_57376
OAM-402128-229326-19,fold_1,Myanmar,Myanmar Earthquake 2025 - Mandalay City Buildings Mapping,50,False,50,Myanmar Earthquake 2025 - Mandalay City Buildings Mapping|100532_57331
OAM-402128-229358-19,fold_3,Myanmar,Myanmar Earthquake 2025 - Mandalay City Buildings Mapping,4,False,4,Myanmar Earthquake 2025 - Mandalay City Buildings Mapping|100532_57339
OAM-402128-229408-19,fold_2,Myanmar,Myanmar Earthquake 2025 - Mandalay City Buildings Mapping,77,False,77,Myanmar Earthquake 2025 - Mandalay City Buildings Mapping|100532_57352
OAM-402128-229410-19,fold_2,Myanmar,Myanmar Earthquake 2025 - Mandalay City Buildings Mapping,80,False,80,Myanmar Earthquake 2025 - Mandalay City Buildings Mapping|100532_57352
OAM-402128-229411-19,fold_2,Myanmar,Myanmar Earthquake 2025 - Mandalay City Buildings Mapping,122,False,122,Myanmar Earthquake 2025 - Mandalay City Buildings Mapping|100532_57352
OAM-402128-229443-19,fold_0,Myanmar,Myanmar Earthquake 2025 - Mandalay City Buildings Mapping,9,False,9,Myanmar Earthquake 2025 - Mandalay City Buildings Mapping|100532_57360
OAM-402128-229452-19,fold_3,Myanmar,Myanmar Earthquake 2025 - Mandalay City Buildings Mapping,20,False,20,Myanmar Earthquake 2025 - Mandalay City Buildings Mapping|100532_57363
OAM-402128-229493-19,fold_4,Myanmar,Myanmar Earthquake 2025 - Amarapura/Mandalay Buildings Mapping,0,True,0,Myanmar Earthquake 2025 - Amarapura/Mandalay Buildings Mapping|100532_57373
OAM-402129-229318-19,fold_4,Myanmar,Myanmar Earthquake 2025 - Mandalay City Buildings Mapping,20,False,20,Myanmar Earthquake 2025 - Mandalay City Buildings Mapping|100532_57329
OAM-402129-229328-19,fold_6,Myanmar,Myanmar Earthquake 2025 - Mandalay City Buildings Mapping,19,False,19,Myanmar Earthquake 2025 - Mandalay City Buildings Mapping|100532_57332
OAM-402129-229329-19,fold_6,Myanmar,Myanmar Earthquake 2025 - Mandalay City Buildings Mapping,50,False,50,Myanmar Earthquake 2025 - Mandalay City Buildings Mapping|100532_57332
OAM-402129-229332-19,fold_6,Myanmar,Myanmar Earthquake 2025 - Mandalay City Buildings Mapping,50,False,50,Myanmar Earthquake 2025 - Mandalay City Buildings Mapping|100532_57333
OAM-402129-229361-19,fold_3,Myanmar,Myanmar Earthquake 2025 - Mandalay City Buildings Mapping,8,False,8,Myanmar Earthquake 2025 - Mandalay City Buildings Mapping|100532_57340
OAM-402129-229371-19,fold_4,Myanmar,Myanmar Earthquake 2025 - Mandalay City Buildings Mapping,20,False,20,Myanmar Earthquake 2025 - Mandalay City Buildings Mapping|100532_57342
OAM-402129-229411-19,fold_2,Myanmar,Myanmar Earthquake 2025 - Mandalay City Buildings Mapping,77,False,77,Myanmar Earthquake 2025 - Mandalay City Buildings Mapping|100532_57352
OAM-402129-229434-19,fold_5,Myanmar,Myanmar Earthquake 2025 - Mandalay City Buildings Mapping,22,False,22,Myanmar Earthquake 2025 - Mandalay City Buildings Mapping|100532_57358
OAM-402129-229463-19,fold_3,Myanmar,Myanmar Earthquake 2025 - Mandalay City Buildings Mapping,22,False,22,Myanmar Earthquake 2025 - Mandalay City Buildings Mapping|100532_57365
OAM-402129-229495-19,fold_4,Myanmar,Myanmar Earthquake 2025 - Amarapura/Mandalay Buildings Mapping,0,True,0,Myanmar Earthquake 2025 - Amarapura/Mandalay Buildings Mapping|100532_57373
OAM-402129-229497-19,fold_4,Myanmar,Myanmar Earthquake 2025 - Amarapura/Mandalay Buildings Mapping,0,True,0,Myanmar Earthquake 2025 - Amarapura/Mandalay Buildings Mapping|100532_57374
OAM-402130-229336-19,fold_5,Myanmar,Myanmar Earthquake 2025 - Mandalay City Buildings Mapping,2,False,2,Myanmar Earthquake 2025 - Mandalay City Buildings Mapping|100532_57334
OAM-402130-229403-19,fold_2,Myanmar,Myanmar Earthquake 2025 - Mandalay City Buildings Mapping,72,False,72,Myanmar Earthquake 2025 - Mandalay City Buildings Mapping|100532_57350
OAM-402130-229405-19,fold_0,Myanmar,Myanmar Earthquake 2025 - Mandalay City Buildings Mapping,78,False,78,Myanmar Earthquake 2025 - Mandalay City Buildings Mapping|100532_57351
OAM-402130-229410-19,fold_2,Myanmar,Myanmar Earthquake 2025 - Mandalay City Buildings Mapping,79,False,79,Myanmar Earthquake 2025 - Mandalay City Buildings Mapping|100532_57352
OAM-402130-229411-19,fold_2,Myanmar,Myanmar Earthquake 2025 - Mandalay City Buildings Mapping,76,False,76,Myanmar Earthquake 2025 - Mandalay City Buildings Mapping|100532_57352
OAM-402130-229412-19,fold_6,Myanmar,Myanmar Earthquake 2025 - Mandalay City Buildings Mapping,90,False,90,Myanmar Earthquake 2025 - Mandalay City Buildings Mapping|100532_57353
OAM-402130-229416-19,fold_4,Myanmar,Myanmar Earthquake 2025 - Mandalay City Buildings Mapping,51,False,51,Myanmar Earthquake 2025 - Mandalay City Buildings Mapping|100532_57354
OAM-402130-229488-19,fold_3,Myanmar,Myanmar Earthquake 2025 - Amarapura/Mandalay Buildings Mapping,0,True,0,Myanmar Earthquake 2025 - Amarapura/Mandalay Buildings Mapping|100532_57372
OAM-402130-229499-19,fold_4,Myanmar,Myanmar Earthquake 2025 - Amarapura/Mandalay Buildings Mapping,0,True,0,Myanmar Earthquake 2025 - Amarapura/Mandalay Buildings Mapping|100532_57374
OAM-402130-229502-19,fold_6,Myanmar,Myanmar Earthquake 2025 - Amarapura/Mandalay Buildings Mapping,0,True,0,Myanmar Earthquake 2025 - Amarapura/Mandalay Buildings Mapping|100532_57375
OAM-402130-229507-19,fold_1,Myanmar,Myanmar Earthquake 2025 - Amarapura/Mandalay Buildings Mapping,0,True,0,Myanmar Earthquake 2025 - Amarapura/Mandalay Buildings Mapping|100532_57376
OAM-402131-229323-19,fold_6,Myanmar,Myanmar Earthquake 2025 - Mandalay City Buildings Mapping,49,False,49,Myanmar Earthquake 2025 - Mandalay City Buildings Mapping|100532_57330
OAM-402131-229330-19,fold_6,Myanmar,Myanmar Earthquake 2025 - Mandalay City Buildings Mapping,20,False,20,Myanmar Earthquake 2025 - Mandalay City Buildings Mapping|100532_57332
OAM-402131-229335-19,fold_6,Myanmar,Myanmar Earthquake 2025 - Mandalay City Buildings Mapping,51,False,51,Myanmar Earthquake 2025 - Mandalay City Buildings Mapping|100532_57333
OAM-402131-229340-19,fold_4,Myanmar,Myanmar Earthquake 2025 - Mandalay City Buildings Mapping,32,False,32,Myanmar Earthquake 2025 - Mandalay City Buildings Mapping|100532_57335
OAM-402131-229364-19,fold_0,Myanmar,Myanmar Earthquake 2025 - Mandalay City Buildings Mapping,23,False,23,Myanmar Earthquake 2025 - Mandalay City Buildings Mapping|100532_57341
OAM-402131-229375-19,fold_2,Myanmar,Myanmar Earthquake 2025 - Mandalay City Buildings Mapping,72,False,72,Myanmar Earthquake 2025 - Mandalay City Buildings Mapping|100532_57343
OAM-402131-229383-19,fold_2,Myanmar,Myanmar Earthquake 2025 - Mandalay City Buildings Mapping,7,False,7,Myanmar Earthquake 2025 - Mandalay City Buildings Mapping|100532_57345
OAM-402131-229403-19,fold_2,Myanmar,Myanmar Earthquake 2025 - Mandalay City Buildings Mapping,47,False,47,Myanmar Earthquake 2025 - Mandalay City Buildings Mapping|100532_57350
OAM-402131-229456-19,fold_0,Myanmar,Myanmar Earthquake 2025 - Mandalay City Buildings Mapping,52,False,52,Myanmar Earthquake 2025 - Mandalay City Buildings Mapping|100532_57364
OAM-402131-229492-19,fold_4,Myanmar,Myanmar Earthquake 2025 - Amarapura/Mandalay Buildings Mapping,0,True,0,Myanmar Earthquake 2025 - Amarapura/Mandalay Buildings Mapping|100532_57373
OAM-402131-229493-19,fold_4,Myanmar,Myanmar Earthquake 2025 - Amarapura/Mandalay Buildings Mapping,0,True,0,Myanmar Earthquake 2025 - Amarapura/Mandalay Buildings Mapping|100532_57373
OAM-402132-229312-19,fold_6,Myanmar,Myanmar Earthquake 2025 - Mandalay City Buildings Mapping,5,False,5,Myanmar Earthquake 2025 - Mandalay City Buildings Mapping|100533_57328
OAM-402132-229364-19,fold_6,Myanmar,Myanmar Earthquake 2025 - Mandalay City Buildings Mapping,9,False,9,Myanmar Earthquake 2025 - Mandalay City Buildings Mapping|100533_57341
OAM-402132-229407-19,fold_3,Myanmar,Myanmar Earthquake 2025 - Mandalay City Buildings Mapping,83,False,83,Myanmar Earthquake 2025 - Mandalay City Buildings Mapping|100533_57351
OAM-402132-229412-19,fold_1,Myanmar,Myanmar Earthquake 2025 - Mandalay City Buildings Mapping,75,False,75,Myanmar Earthquake 2025 - Mandalay City Buildings Mapping|100533_57353
OAM-402132-229418-19,fold_3,Myanmar,Myanmar Earthquake 2025 - Mandalay City Buildings Mapping,0,True,0,Myanmar Earthquake 2025 - Mandalay City Buildings Mapping|100533_57354
OAM-402132-229422-19,fold_2,Myanmar,Myanmar Earthquake 2025 - Mandalay City Buildings Mapping,7,False,7,Myanmar Earthquake 2025 - Mandalay City Buildings Mapping|100533_57355
OAM-402132-229428-19,fold_1,Myanmar,Myanmar Earthquake 2025 - Mandalay City Buildings Mapping,48,False,48,Myanmar Earthquake 2025 - Mandalay City Buildings Mapping|100533_57357
OAM-402132-229496-19,fold_4,Myanmar,Myanmar Earthquake 2025 - Amarapura/Mandalay Buildings Mapping,0,True,0,Myanmar Earthquake 2025 - Amarapura/Mandalay Buildings Mapping|100533_57374
OAM-402133-229312-19,fold_6,Myanmar,Myanmar Earthquake 2025 - Mandalay City Buildings Mapping,20,False,20,Myanmar Earthquake 2025 - Mandalay City Buildings Mapping|100533_57328
OAM-402133-229318-19,fold_6,Myanmar,Myanmar Earthquake 2025 - Mandalay City Buildings Mapping,51,False,51,Myanmar Earthquake 2025 - Mandalay City Buildings Mapping|100533_57329
OAM-402133-229320-19,fold_5,Myanmar,Myanmar Earthquake 2025 - Mandalay City Buildings Mapping,72,False,72,Myanmar Earthquake 2025 - Mandalay City Buildings Mapping|100533_57330
OAM-402133-229326-19,fold_5,Myanmar,Myanmar Earthquake 2025 - Mandalay City Buildings Mapping,0,True,0,Myanmar Earthquake 2025 - Mandalay City Buildings Mapping|100533_57331
OAM-402133-229358-19,fold_5,Myanmar,Myanmar Earthquake 2025 - Mandalay City Buildings Mapping,6,False,6,Myanmar Earthquake 2025 - Mandalay City Buildings Mapping|100533_57339
OAM-402133-229360-19,fold_6,Myanmar,Myanmar Earthquake 2025 - Mandalay City Buildings Mapping,7,False,7,Myanmar Earthquake 2025 - Mandalay City Buildings Mapping|100533_57340
OAM-402133-229383-19,fold_5,Myanmar,Myanmar Earthquake 2025 - Mandalay City Buildings Mapping,28,False,28,Myanmar Earthquake 2025 - Mandalay City Buildings Mapping|100533_57345
OAM-402133-229448-19,fold_1,Myanmar,Myanmar Earthquake 2025 - Mandalay City Buildings Mapping,0,True,0,Myanmar Earthquake 2025 - Mandalay City Buildings Mapping|100533_57362
OAM-402133-229456-19,fold_2,Myanmar,Myanmar Earthquake 2025 - Mandalay City Buildings Mapping,74,False,74,Myanmar Earthquake 2025 - Mandalay City Buildings Mapping|100533_57364
OAM-402133-229498-19,fold_4,Myanmar,Myanmar Earthquake 2025 - Amarapura/Mandalay Buildings Mapping,0,True,0,Myanmar Earthquake 2025 - Amarapura/Mandalay Buildings Mapping|100533_57374
OAM-402133-229504-19,fold_5,Myanmar,Myanmar Earthquake 2025 - Amarapura/Mandalay Buildings Mapping,0,True,0,Myanmar Earthquake 2025 - Amarapura/Mandalay Buildings Mapping|100533_57376
OAM-402134-229320-19,fold_5,Myanmar,Myanmar Earthquake 2025 - Mandalay City Buildings Mapping,71,False,71,Myanmar Earthquake 2025 - Mandalay City Buildings Mapping|100533_57330
OAM-402134-229324-19,fold_5,Myanmar,Myanmar Earthquake 2025 - Mandalay City Buildings Mapping,0,True,0,Myanmar Earthquake 2025 - Mandalay City Buildings Mapping|100533_57331
OAM-402134-229334-19,fold_3,Myanmar,Myanmar Earthquake 2025 - Mandalay City Buildings Mapping,49,False,49,Myanmar Earthquake 2025 - Mandalay City Buildings Mapping|100533_57333
OAM-402134-229363-19,fold_6,Myanmar,Myanmar Earthquake 2025 - Mandalay City Buildings Mapping,3,False,3,Myanmar Earthquake 2025 - Mandalay City Buildings Mapping|100533_57340
OAM-402134-229380-19,fold_5,Myanmar,Myanmar Earthquake 2025 - Mandalay City Buildings Mapping,57,False,57,Myanmar Earthquake 2025 - Mandalay City Buildings Mapping|100533_57345
OAM-402134-229389-19,fold_0,Myanmar,Myanmar Earthquake 2025 - Mandalay City Buildings Mapping,22,False,22,Myanmar Earthquake 2025 - Mandalay City Buildings Mapping|100533_57347
OAM-402134-229412-19,fold_1,Myanmar,Myanmar Earthquake 2025 - Mandalay City Buildings Mapping,48,False,48,Myanmar Earthquake 2025 - Mandalay City Buildings Mapping|100533_57353
OAM-402134-229459-19,fold_2,Myanmar,Myanmar Earthquake 2025 - Mandalay City Buildings Mapping,49,False,49,Myanmar Earthquake 2025 - Mandalay City Buildings Mapping|100533_57364
OAM-402134-229492-19,fold_3,Myanmar,Myanmar Earthquake 2025 - Amarapura/Mandalay Buildings Mapping,0,True,0,Myanmar Earthquake 2025 - Amarapura/Mandalay Buildings Mapping|100533_57373
OAM-402134-229508-19,fold_4,Myanmar,Myanmar Earthquake 2025 - Amarapura/Mandalay Buildings Mapping,0,True,0,Myanmar Earthquake 2025 - Amarapura/Mandalay Buildings Mapping|100533_57377
OAM-402135-229309-19,fold_0,Myanmar,Myanmar Earthquake 2025 - Mandalay City Buildings Mapping,0,True,0,Myanmar Earthquake 2025 - Mandalay City Buildings Mapping|100533_57327
OAM-402135-229319-19,fold_6,Myanmar,Myanmar Earthquake 2025 - Mandalay City Buildings Mapping,47,False,47,Myanmar Earthquake 2025 - Mandalay City Buildings Mapping|100533_57329
OAM-402135-229324-19,fold_5,Myanmar,Myanmar Earthquake 2025 - Mandalay City Buildings Mapping,4,False,4,Myanmar Earthquake 2025 - Mandalay City Buildings Mapping|100533_57331
OAM-402135-229342-19,fold_0,Myanmar,Myanmar Earthquake 2025 - Mandalay City Buildings Mapping,8,False,8,Myanmar Earthquake 2025 - Mandalay City Buildings Mapping|100533_57335
OAM-402135-229344-19,fold_4,Myanmar,Myanmar Earthquake 2025 - Mandalay City Buildings Mapping,7,False,7,Myanmar Earthquake 2025 - Mandalay City Buildings Mapping|100533_57336
OAM-402135-229361-19,fold_6,Myanmar,Myanmar Earthquake 2025 - Mandalay City Buildings Mapping,6,False,6,Myanmar Earthquake 2025 - Mandalay City Buildings Mapping|100533_57340
OAM-402135-229363-19,fold_6,Myanmar,Myanmar Earthquake 2025 - Mandalay City Buildings Mapping,2,False,2,Myanmar Earthquake 2025 - Mandalay City Buildings Mapping|100533_57340
OAM-402135-229381-19,fold_5,Myanmar,Myanmar Earthquake 2025 - Mandalay City Buildings Mapping,61,False,61,Myanmar Earthquake 2025 - Mandalay City Buildings Mapping|100533_57345
OAM-402135-229383-19,fold_5,Myanmar,Myanmar Earthquake 2025 - Mandalay City Buildings Mapping,60,False,60,Myanmar Earthquake 2025 - Mandalay City Buildings Mapping|100533_57345
OAM-402135-229458-19,fold_2,Myanmar,Myanmar Earthquake 2025 - Mandalay City Buildings Mapping,51,False,51,Myanmar Earthquake 2025 - Mandalay City Buildings Mapping|100533_57364
OAM-402135-229493-19,fold_3,Myanmar,Myanmar Earthquake 2025 - Amarapura/Mandalay Buildings Mapping,4,False,4,Myanmar Earthquake 2025 - Amarapura/Mandalay Buildings Mapping|100533_57373
OAM-402136-229307-19,fold_4,Myanmar,Myanmar Earthquake 2025 - Mandalay City Buildings Mapping,0,True,0,Myanmar Earthquake 2025 - Mandalay City Buildings Mapping|100534_57326
OAM-402136-229324-19,fold_4,Myanmar,Myanmar Earthquake 2025 - Mandalay City Buildings Mapping,5,False,5,Myanmar Earthquake 2025 - Mandalay City Buildings Mapping|100534_57331
OAM-402136-229325-19,fold_4,Myanmar,Myanmar Earthquake 2025 - Mandalay City Buildings Mapping,4,False,4,Myanmar Earthquake 2025 - Mandalay City Buildings Mapping|100534_57331
OAM-402136-229330-19,fold_2,Myanmar,Myanmar Earthquake 2025 - Mandalay City Buildings Mapping,6,False,6,Myanmar Earthquake 2025 - Mandalay City Buildings Mapping|100534_57332
OAM-402136-229362-19,fold_6,Myanmar,Myanmar Earthquake 2025 - Mandalay City Buildings Mapping,5,False,5,Myanmar Earthquake 2025 - Mandalay City Buildings Mapping|100534_57340
OAM-402136-229375-19,fold_3,Myanmar,Myanmar Earthquake 2025 - Mandalay City Buildings Mapping,48,False,48,Myanmar Earthquake 2025 - Mandalay City Buildings Mapping|100534_57343
OAM-402136-229451-19,fold_0,Myanmar,Myanmar Earthquake 2025 - Mandalay City Buildings Mapping,54,False,54,Myanmar Earthquake 2025 - Mandalay City Buildings Mapping|100534_57362
OAM-402136-229452-19,fold_5,Myanmar,Myanmar Earthquake 2025 - Mandalay City Buildings Mapping,28,False,28,Myanmar Earthquake 2025 - Mandalay City Buildings Mapping|100534_57363
OAM-402136-229493-19,fold_0,Myanmar,Myanmar Earthquake 2025 - Amarapura/Mandalay Buildings Mapping,0,True,0,Myanmar Earthquake 2025 - Amarapura/Mandalay Buildings Mapping|100534_57373
OAM-402136-229506-19,fold_5,Myanmar,Myanmar Earthquake 2025 - Amarapura/Mandalay Buildings Mapping,0,True,0,Myanmar Earthquake 2025 - Amarapura/Mandalay Buildings Mapping|100534_57376
OAM-402137-229309-19,fold_2,Myanmar,Myanmar Earthquake 2025 - Mandalay City Buildings Mapping,0,True,0,Myanmar Earthquake 2025 - Mandalay City Buildings Mapping|100534_57327
OAM-402137-229321-19,fold_2,Myanmar,Myanmar Earthquake 2025 - Mandalay City Buildings Mapping,3,False,3,Myanmar Earthquake 2025 - Mandalay City Buildings Mapping|100534_57330
OAM-402137-229340-19,fold_3,Myanmar,Myanmar Earthquake 2025 - Mandalay City Buildings Mapping,4,False,4,Myanmar Earthquake 2025 - Mandalay City Buildings Mapping|100534_57335
OAM-402137-229409-19,fold_3,Myanmar,Myanmar Earthquake 2025 - Mandalay City Buildings Mapping,8,False,8,Myanmar Earthquake 2025 - Mandalay City Buildings Mapping|100534_57352
OAM-402137-229445-19,fold_1,Myanmar,Myanmar Earthquake 2025 - Mandalay City Buildings Mapping,55,False,55,Myanmar Earthquake 2025 - Mandalay City Buildings Mapping|100534_57361
OAM-402137-229494-19,fold_0,Myanmar,Myanmar Earthquake 2025 - Amarapura/Mandalay Buildings Mapping,0,True,0,Myanmar Earthquake 2025 - Amarapura/Mandalay Buildings Mapping|100534_57373
OAM-402137-229499-19,fold_4,Myanmar,Myanmar Earthquake 2025 - Amarapura/Mandalay Buildings Mapping,0,True,0,Myanmar Earthquake 2025 - Amarapura/Mandalay Buildings Mapping|100534_57374
OAM-402137-229508-19,fold_2,Myanmar,Myanmar Earthquake 2025 - Amarapura/Mandalay Buildings Mapping,0,True,0,Myanmar Earthquake 2025 - Amarapura/Mandalay Buildings Mapping|100534_57377
OAM-402138-229310-19,fold_2,Myanmar,Myanmar Earthquake 2025 - Mandalay City Buildings Mapping,0,True,0,Myanmar Earthquake 2025 - Mandalay City Buildings Mapping|100534_57327
OAM-402138-229311-19,fold_2,Myanmar,Myanmar Earthquake 2025 - Mandalay City Buildings Mapping,0,True,0,Myanmar Earthquake 2025 - Mandalay City Buildings Mapping|100534_57327
OAM-402138-229323-19,fold_2,Myanmar,Myanmar Earthquake 2025 - Mandalay City Buildings Mapping,7,False,7,Myanmar Earthquake 2025 - Mandalay City Buildings Mapping|100534_57330
OAM-402138-229324-19,fold_4,Myanmar,Myanmar Earthquake 2025 - Mandalay City Buildings Mapping,2,False,2,Myanmar Earthquake 2025 - Mandalay City Buildings Mapping|100534_57331
OAM-402138-229327-19,fold_4,Myanmar,Myanmar Earthquake 2025 - Mandalay City Buildings Mapping,12,False,12,Myanmar Earthquake 2025 - Mandalay City Buildings Mapping|100534_57331
OAM-402138-229342-19,fold_3,Myanmar,Myanmar Earthquake 2025 - Mandalay City Buildings Mapping,5,False,5,Myanmar Earthquake 2025 - Mandalay City Buildings Mapping|100534_57335
OAM-402138-229441-19,fold_4,Myanmar,Myanmar Earthquake 2025 - Mandalay City Buildings Mapping,4,False,4,Myanmar Earthquake 2025 - Mandalay City Buildings Mapping|100534_57360
OAM-402138-229442-19,fold_4,Myanmar,Myanmar Earthquake 2025 - Mandalay City Buildings Mapping,50,False,50,Myanmar Earthquake 2025 - Mandalay City Buildings Mapping|100534_57360
OAM-402138-229498-19,fold_4,Myanmar,Myanmar Earthquake 2025 - Amarapura/Mandalay Buildings Mapping,0,True,0,Myanmar Earthquake 2025 - Amarapura/Mandalay Buildings Mapping|100534_57374
OAM-402138-229499-19,fold_4,Myanmar,Myanmar Earthquake 2025 - Amarapura/Mandalay Buildings Mapping,0,True,0,Myanmar Earthquake 2025 - Amarapura/Mandalay Buildings Mapping|100534_57374
OAM-402138-229501-19,fold_4,Myanmar,Myanmar Earthquake 2025 - Amarapura/Mandalay Buildings Mapping,0,True,0,Myanmar Earthquake 2025 - Amarapura/Mandalay Buildings Mapping|100534_57375
OAM-402138-229508-19,fold_2,Myanmar,Myanmar Earthquake 2025 - Amarapura/Mandalay Buildings Mapping,0,True,0,Myanmar Earthquake 2025 - Amarapura/Mandalay Buildings Mapping|100534_57377
OAM-402139-229312-19,fold_3,Myanmar,Myanmar Earthquake 2025 - Mandalay City Buildings Mapping,18,False,18,Myanmar Earthquake 2025 - Mandalay City Buildings Mapping|100534_57328
OAM-402139-229315-19,fold_3,Myanmar,Myanmar Earthquake 2025 - Mandalay City Buildings Mapping,15,False,15,Myanmar Earthquake 2025 - Mandalay City Buildings Mapping|100534_57328
OAM-402139-229350-19,fold_3,Myanmar,Myanmar Earthquake 2025 - Mandalay City Buildings Mapping,6,False,6,Myanmar Earthquake 2025 - Mandalay City Buildings Mapping|100534_57337
OAM-402139-229441-19,fold_4,Myanmar,Myanmar Earthquake 2025 - Mandalay City Buildings Mapping,1,False,1,Myanmar Earthquake 2025 - Mandalay City Buildings Mapping|100534_57360
OAM-402139-229497-19,fold_4,Myanmar,Myanmar Earthquake 2025 - Amarapura/Mandalay Buildings Mapping,1,False,1,Myanmar Earthquake 2025 - Amarapura/Mandalay Buildings Mapping|100534_57374
OAM-402139-229498-19,fold_4,Myanmar,Myanmar Earthquake 2025 - Amarapura/Mandalay Buildings Mapping,0,True,0,Myanmar Earthquake 2025 - Amarapura/Mandalay Buildings Mapping|100534_57374
OAM-402139-229499-19,fold_4,Myanmar,Myanmar Earthquake 2025 - Amarapura/Mandalay Buildings Mapping,0,True,0,Myanmar Earthquake 2025 - Amarapura/Mandalay Buildings Mapping|100534_57374
OAM-402139-229505-19,fold_5,Myanmar,Myanmar Earthquake 2025 - Amarapura/Mandalay Buildings Mapping,0,True,0,Myanmar Earthquake 2025 - Amarapura/Mandalay Buildings Mapping|100534_57376
OAM-402140-229327-19,fold_2,Myanmar,Myanmar Earthquake 2025 - Mandalay City Buildings Mapping,5,False,5,Myanmar Earthquake 2025 - Mandalay City Buildings Mapping|100535_57331
OAM-402140-229329-19,fold_1,Myanmar,Myanmar Earthquake 2025 - Mandalay City Buildings Mapping,4,False,4,Myanmar Earthquake 2025 - Mandalay City Buildings Mapping|100535_57332
OAM-402140-229340-19,fold_1,Myanmar,Myanmar Earthquake 2025 - Mandalay City Buildings Mapping,1,False,1,Myanmar Earthquake 2025 - Mandalay City Buildings Mapping|100535_57335
OAM-402140-229420-19,fold_1,Myanmar,Myanmar Earthquake 2025 - Mandalay City Buildings Mapping,48,False,48,Myanmar Earthquake 2025 - Mandalay City Buildings Mapping|100535_57355
OAM-402140-229431-19,fold_1,Myanmar,Myanmar Earthquake 2025 - Mandalay City Buildings Mapping,0,True,0,Myanmar Earthquake 2025 - Mandalay City Buildings Mapping|100535_57357
OAM-402140-229500-19,fold_3,Myanmar,Myanmar Earthquake 2025 - Amarapura/Mandalay Buildings Mapping,0,True,0,Myanmar Earthquake 2025 - Amarapura/Mandalay Buildings Mapping|100535_57375
OAM-402140-229501-19,fold_3,Myanmar,Myanmar Earthquake 2025 - Amarapura/Mandalay Buildings Mapping,0,True,0,Myanmar Earthquake 2025 - Amarapura/Mandalay Buildings Mapping|100535_57375
OAM-402140-229503-19,fold_3,Myanmar,Myanmar Earthquake 2025 - Amarapura/Mandalay Buildings Mapping,0,True,0,Myanmar Earthquake 2025 - Amarapura/Mandalay Buildings Mapping|100535_57375
OAM-402140-229505-19,fold_3,Myanmar,Myanmar Earthquake 2025 - Amarapura/Mandalay Buildings Mapping,0,True,0,Myanmar Earthquake 2025 - Amarapura/Mandalay Buildings Mapping|100535_57376
OAM-402140-229506-19,fold_3,Myanmar,Myanmar Earthquake 2025 - Amarapura/Mandalay Buildings Mapping,2,False,2,Myanmar Earthquake 2025 - Amarapura/Mandalay Buildings Mapping|100535_57376
OAM-402141-229310-19,fold_4,Myanmar,Myanmar Earthquake 2025 - Mandalay City Buildings Mapping,1,False,1,Myanmar Earthquake 2025 - Mandalay City Buildings Mapping|100535_57327
OAM-402141-229328-19,fold_1,Myanmar,Myanmar Earthquake 2025 - Mandalay City Buildings Mapping,2,False,2,Myanmar Earthquake 2025 - Mandalay City Buildings Mapping|100535_57332
OAM-402141-229347-19,fold_6,Myanmar,Myanmar Earthquake 2025 - Mandalay City Buildings Mapping,2,False,2,Myanmar Earthquake 2025 - Mandalay City Buildings Mapping|100535_57336
OAM-402141-229360-19,fold_0,Myanmar,Myanmar Earthquake 2025 - Mandalay City Buildings Mapping,6,False,6,Myanmar Earthquake 2025 - Mandalay City Buildings Mapping|100535_57340
OAM-402141-229370-19,fold_0,Myanmar,Myanmar Earthquake 2025 - Mandalay City Buildings Mapping,20,False,20,Myanmar Earthquake 2025 - Mandalay City Buildings Mapping|100535_57342
OAM-402141-229412-19,fold_2,Myanmar,Myanmar Earthquake 2025 - Mandalay City Buildings Mapping,46,False,46,Myanmar Earthquake 2025 - Mandalay City Buildings Mapping|100535_57353
OAM-402141-229414-19,fold_2,Myanmar,Myanmar Earthquake 2025 - Mandalay City Buildings Mapping,24,False,24,Myanmar Earthquake 2025 - Mandalay City Buildings Mapping|100535_57353
OAM-402141-229420-19,fold_1,Myanmar,Myanmar Earthquake 2025 - Mandalay City Buildings Mapping,54,False,54,Myanmar Earthquake 2025 - Mandalay City Buildings Mapping|100535_57355
OAM-402141-229432-19,fold_3,Myanmar,Myanmar Earthquake 2025 - Mandalay City Buildings Mapping,5,False,5,Myanmar Earthquake 2025 - Mandalay City Buildings Mapping|100535_57358
OAM-402141-229434-19,fold_3,Myanmar,Myanmar Earthquake 2025 - Mandalay City Buildings Mapping,48,False,48,Myanmar Earthquake 2025 - Mandalay City Buildings Mapping|100535_57358
OAM-402141-229498-19,fold_3,Myanmar,Myanmar Earthquake 2025 - Amarapura/Mandalay Buildings Mapping,4,False,4,Myanmar Earthquake 2025 - Amarapura/Mandalay Buildings Mapping|100535_57374
OAM-402141-229502-19,fold_3,Myanmar,Myanmar Earthquake 2025 - Amarapura/Mandalay Buildings Mapping,0,True,0,Myanmar Earthquake 2025 - Amarapura/Mandalay Buildings Mapping|100535_57375
OAM-402142-229321-19,fold_0,Myanmar,Myanmar Earthquake 2025 - Mandalay City Buildings Mapping,0,True,0,Myanmar Earthquake 2025 - Mandalay City Buildings Mapping|100535_57330
OAM-402142-229360-19,fold_0,Myanmar,Myanmar Earthquake 2025 - Mandalay City Buildings Mapping,2,False,2,Myanmar Earthquake 2025 - Mandalay City Buildings Mapping|100535_57340
OAM-402142-229364-19,fold_5,Myanmar,Myanmar Earthquake 2025 - Mandalay City Buildings Mapping,1,False,1,Myanmar Earthquake 2025 - Mandalay City Buildings Mapping|100535_57341
OAM-402142-229380-19,fold_1,Myanmar,Myanmar Earthquake 2025 - Mandalay City Buildings Mapping,1,False,1,Myanmar Earthquake 2025 - Mandalay City Buildings Mapping|100535_57345
OAM-402142-229382-19,fold_1,Myanmar,Myanmar Earthquake 2025 - Mandalay City Buildings Mapping,0,True,0,Myanmar Earthquake 2025 - Mandalay City Buildings Mapping|100535_57345
OAM-402142-229434-19,fold_3,Myanmar,Myanmar Earthquake 2025 - Mandalay City Buildings Mapping,68,False,68,Myanmar Earthquake 2025 - Mandalay City Buildings Mapping|100535_57358
OAM-402142-229435-19,fold_3,Myanmar,Myanmar Earthquake 2025 - Mandalay City Buildings Mapping,102,False,102,Myanmar Earthquake 2025 - Mandalay City Buildings Mapping|100535_57358
OAM-402142-229502-19,fold_3,Myanmar,Myanmar Earthquake 2025 - Amarapura/Mandalay Buildings Mapping,0,True,0,Myanmar Earthquake 2025 - Amarapura/Mandalay Buildings Mapping|100535_57375
OAM-402143-229337-19,fold_5,Myanmar,Myanmar Earthquake 2025 - Mandalay City Buildings Mapping,0,True,0,Myanmar Earthquake 2025 - Mandalay City Buildings Mapping|100535_57334
OAM-402143-229340-19,fold_1,Myanmar,Myanmar Earthquake 2025 - Mandalay City Buildings Mapping,10,False,10,Myanmar Earthquake 2025 - Mandalay City Buildings Mapping|100535_57335
OAM-402143-229343-19,fold_1,Myanmar,Myanmar Earthquake 2025 - Mandalay City Buildings Mapping,10,False,10,Myanmar Earthquake 2025 - Mandalay City Buildings Mapping|100535_57335
OAM-402143-229363-19,fold_0,Myanmar,Myanmar Earthquake 2025 - Mandalay City Buildings Mapping,1,False,1,Myanmar Earthquake 2025 - Mandalay City Buildings Mapping|100535_57340
OAM-402143-229364-19,fold_5,Myanmar,Myanmar Earthquake 2025 - Mandalay City Buildings Mapping,2,False,2,Myanmar Earthquake 2025 - Mandalay City Buildings Mapping|100535_57341
OAM-402143-229407-19,fold_4,Myanmar,Myanmar Earthquake 2025 - Mandalay City Buildings Mapping,20,False,20,Myanmar Earthquake 2025 - Mandalay City Buildings Mapping|100535_57351
OAM-402143-229493-19,fold_4,Myanmar,Myanmar Earthquake 2025 - Amarapura/Mandalay Buildings Mapping,24,False,24,Myanmar Earthquake 2025 - Amarapura/Mandalay Buildings Mapping|100535_57373
OAM-402143-229499-19,fold_3,Myanmar,Myanmar Earthquake 2025 - Amarapura/Mandalay Buildings Mapping,1,False,1,Myanmar Earthquake 2025 - Amarapura/Mandalay Buildings Mapping|100535_57374
OAM-402143-229501-19,fold_3,Myanmar,Myanmar Earthquake 2025 - Amarapura/Mandalay Buildings Mapping,0,True,0,Myanmar Earthquake 2025 - Amarapura/Mandalay Buildings Mapping|100535_57375
OAM-402143-229502-19,fold_3,Myanmar,Myanmar Earthquake 2025 - Amarapura/Mandalay Buildings Mapping,0,True,0,Myanmar Earthquake 2025 - Amarapura/Mandalay Buildings Mapping|100535_57375
OAM-402144-229327-19,fold_5,Myanmar,Myanmar Earthquake 2025 - Mandalay City Buildings Mapping,4,False,4,Myanmar Earthquake 2025 - Mandalay City Buildings Mapping|100536_57331
OAM-402144-229338-19,fold_6,Myanmar,Myanmar Earthquake 2025 - Mandalay City Buildings Mapping,2,False,2,Myanmar Earthquake 2025 - Mandalay City Buildings Mapping|100536_57334
OAM-402144-229339-19,fold_6,Myanmar,Myanmar Earthquake 2025 - Mandalay City Buildings Mapping,5,False,5,Myanmar Earthquake 2025 - Mandalay City Buildings Mapping|100536_57334
OAM-402144-229340-19,fold_3,Myanmar,Myanmar Earthquake 2025 - Mandalay City Buildings Mapping,5,False,5,Myanmar Earthquake 2025 - Mandalay City Buildings Mapping|100536_57335
OAM-402144-229491-19,fold_6,Myanmar,Myanmar Earthquake 2025 - Amarapura/Mandalay Buildings Mapping,20,False,20,Myanmar Earthquake 2025 - Amarapura/Mandalay Buildings Mapping|100536_57372
OAM-402144-229499-19,fold_3,Myanmar,Myanmar Earthquake 2025 - Amarapura/Mandalay Buildings Mapping,0,True,0,Myanmar Earthquake 2025 - Amarapura/Mandalay Buildings Mapping|100536_57374
OAM-402144-229506-19,fold_5,Myanmar,Myanmar Earthquake 2025 - Amarapura/Mandalay Buildings Mapping,0,True,0,Myanmar Earthquake 2025 - Amarapura/Mandalay Buildings Mapping|100536_57376
OAM-402145-229414-19,fold_6,Myanmar,Myanmar Earthquake 2025 - Mandalay City Buildings Mapping,3,False,3,Myanmar Earthquake 2025 - Mandalay City Buildings Mapping|100536_57353
OAM-402145-229428-19,fold_4,Myanmar,Myanmar Earthquake 2025 - Mandalay City Buildings Mapping,46,False,46,Myanmar Earthquake 2025 - Mandalay City Buildings Mapping|100536_57357
OAM-402145-229497-19,fold_3,Myanmar,Myanmar Earthquake 2025 - Amarapura/Mandalay Buildings Mapping,0,True,0,Myanmar Earthquake 2025 - Amarapura/Mandalay Buildings Mapping|100536_57374
OAM-402145-229498-19,fold_3,Myanmar,Myanmar Earthquake 2025 - Amarapura/Mandalay Buildings Mapping,0,True,0,Myanmar Earthquake 2025 - Amarapura/Mandalay Buildings Mapping|100536_57374
OAM-402145-229502-19,fold_6,Myanmar,Myanmar Earthquake 2025 - Amarapura/Mandalay Buildings Mapping,0,True,0,Myanmar Earthquake 2025 - Amarapura/Mandalay Buildings Mapping|100536_57375
OAM-402145-229506-19,fold_5,Myanmar,Myanmar Earthquake 2025 - Amarapura/Mandalay Buildings Mapping,0,True,0,Myanmar Earthquake 2025 - Amarapura/Mandalay Buildings Mapping|100536_57376
OAM-402145-229507-19,fold_5,Myanmar,Myanmar Earthquake 2025 - Amarapura/Mandalay Buildings Mapping,0,True,0,Myanmar Earthquake 2025 - Amarapura/Mandalay Buildings Mapping|100536_57376
OAM-402146-229378-19,fold_5,Myanmar,Myanmar Earthquake 2025 - Mandalay City Buildings Mapping,9,False,9,Myanmar Earthquake 2025 - Mandalay City Buildings Mapping|100536_57344
OAM-402146-229432-19,fold_1,Myanmar,Myanmar Earthquake 2025 - Mandalay City Buildings Mapping,10,False,10,Myanmar Earthquake 2025 - Mandalay City Buildings Mapping|100536_57358
OAM-402146-229502-19,fold_6,Myanmar,Myanmar Earthquake 2025 - Amarapura/Mandalay Buildings Mapping,0,True,0,Myanmar Earthquake 2025 - Amarapura/Mandalay Buildings Mapping|100536_57375
OAM-402146-229506-19,fold_5,Myanmar,Myanmar Earthquake 2025 - Amarapura/Mandalay Buildings Mapping,0,True,0,Myanmar Earthquake 2025 - Amarapura/Mandalay Buildings Mapping|100536_57376
OAM-402147-229434-19,fold_1,Myanmar,Myanmar Earthquake 2025 - Mandalay City Buildings Mapping,7,False,7,Myanmar Earthquake 2025 - Mandalay City Buildings Mapping|100536_57358
OAM-402147-229497-19,fold_3,Myanmar,Myanmar Earthquake 2025 - Amarapura/Mandalay Buildings Mapping,0,True,0,Myanmar Earthquake 2025 - Amarapura/Mandalay Buildings Mapping|100536_57374
OAM-402147-229500-19,fold_6,Myanmar,Myanmar Earthquake 2025 - Amarapura/Mandalay Buildings Mapping,0,True,0,Myanmar Earthquake 2025 - Amarapura/Mandalay Buildings Mapping|100536_57375
OAM-402147-229501-19,fold_6,Myanmar,Myanmar Earthquake 2025 - Amarapura/Mandalay Buildings Mapping,0,True,0,Myanmar Earthquake 2025 - Amarapura/Mandalay Buildings Mapping|100536_57375
OAM-402148-229380-19,fold_3,Myanmar,Myanmar Earthquake 2025 - Mandalay City Buildings Mapping,6,False,6,Myanmar Earthquake 2025 - Mandalay City Buildings Mapping|100537_57345
OAM-402148-229386-19,fold_1,Myanmar,Myanmar Earthquake 2025 - Mandalay City Buildings Mapping,20,False,20,Myanmar Earthquake 2025 - Mandalay City Buildings Mapping|100537_57346
OAM-402148-229405-19,fold_6,Myanmar,Myanmar Earthquake 2025 - Mandalay City Buildings Mapping,3,False,3,Myanmar Earthquake 2025 - Mandalay City Buildings Mapping|100537_57351
OAM-402148-229406-19,fold_6,Myanmar,Myanmar Earthquake 2025 - Mandalay City Buildings Mapping,0,True,0,Myanmar Earthquake 2025 - Mandalay City Buildings Mapping|100537_57351
OAM-402148-229410-19,fold_3,Myanmar,Myanmar Earthquake 2025 - Mandalay City Buildings Mapping,20,False,20,Myanmar Earthquake 2025 - Mandalay City Buildings Mapping|100537_57352
OAM-402148-229433-19,fold_3,Myanmar,Myanmar Earthquake 2025 - Mandalay City Buildings Mapping,19,False,19,Myanmar Earthquake 2025 - Mandalay City Buildings Mapping|100537_57358
OAM-402148-229437-19,fold_6,Myanmar,Myanmar Earthquake 2025 - Mandalay City Buildings Mapping,11,False,11,Myanmar Earthquake 2025 - Mandalay City Buildings Mapping|100537_57359
OAM-402148-229491-19,fold_5,Myanmar,Myanmar Earthquake 2025 - Amarapura/Mandalay Buildings Mapping,1,False,1,Myanmar Earthquake 2025 - Amarapura/Mandalay Buildings Mapping|100537_57372
OAM-402148-229492-19,fold_4,Myanmar,Myanmar Earthquake 2025 - Amarapura/Mandalay Buildings Mapping,0,True,0,Myanmar Earthquake 2025 - Amarapura/Mandalay Buildings Mapping|100537_57373
OAM-402148-229496-19,fold_6,Myanmar,Myanmar Earthquake 2025 - Amarapura/Mandalay Buildings Mapping,0,True,0,Myanmar Earthquake 2025 - Amarapura/Mandalay Buildings Mapping|100537_57374
OAM-402148-229499-19,fold_6,Myanmar,Myanmar Earthquake 2025 - Amarapura/Mandalay Buildings Mapping,0,True,0,Myanmar Earthquake 2025 - Amarapura/Mandalay Buildings Mapping|100537_57374
OAM-402148-229503-19,fold_1,Myanmar,Myanmar Earthquake 2025 - Amarapura/Mandalay Buildings Mapping,0,True,0,Myanmar Earthquake 2025 - Amarapura/Mandalay Buildings Mapping|100537_57375
OAM-402148-229505-19,fold_6,Myanmar,Myanmar Earthquake 2025 - Amarapura/Mandalay Buildings Mapping,0,True,0,Myanmar Earthquake 2025 - Amarapura/Mandalay Buildings Mapping|100537_57376
OAM-402148-229507-19,fold_6,Myanmar,Myanmar Earthquake 2025 - Amarapura/Mandalay Buildings Mapping,0,True,0,Myanmar Earthquake 2025 - Amarapura/Mandalay Buildings Mapping|100537_57376
OAM-402149-229413-19,fold_3,Myanmar,Myanmar Earthquake 2025 - Mandalay City Buildings Mapping,3,False,3,Myanmar Earthquake 2025 - Mandalay City Buildings Mapping|100537_57353
OAM-402149-229437-19,fold_6,Myanmar,Myanmar Earthquake 2025 - Mandalay City Buildings Mapping,4,False,4,Myanmar Earthquake 2025 - Mandalay City Buildings Mapping|100537_57359
OAM-402149-229438-19,fold_6,Myanmar,Myanmar Earthquake 2025 - Mandalay City Buildings Mapping,0,True,0,Myanmar Earthquake 2025 - Mandalay City Buildings Mapping|100537_57359
OAM-402149-229492-19,fold_4,Myanmar,Myanmar Earthquake 2025 - Amarapura/Mandalay Buildings Mapping,0,True,0,Myanmar Earthquake 2025 - Amarapura/Mandalay Buildings Mapping|100537_57373
OAM-402149-229496-19,fold_6,Myanmar,Myanmar Earthquake 2025 - Amarapura/Mandalay Buildings Mapping,0,True,0,Myanmar Earthquake 2025 - Amarapura/Mandalay Buildings Mapping|100537_57374
OAM-402149-229499-19,fold_6,Myanmar,Myanmar Earthquake 2025 - Amarapura/Mandalay Buildings Mapping,0,True,0,Myanmar Earthquake 2025 - Amarapura/Mandalay Buildings Mapping|100537_57374
OAM-402149-229502-19,fold_1,Myanmar,Myanmar Earthquake 2025 - Amarapura/Mandalay Buildings Mapping,0,True,0,Myanmar Earthquake 2025 - Amarapura/Mandalay Buildings Mapping|100537_57375
OAM-402149-229507-19,fold_6,Myanmar,Myanmar Earthquake 2025 - Amarapura/Mandalay Buildings Mapping,0,True,0,Myanmar Earthquake 2025 - Amarapura/Mandalay Buildings Mapping|100537_57376
OAM-402150-229416-19,fold_3,Myanmar,Myanmar Earthquake 2025 - Mandalay City Buildings Mapping,16,False,16,Myanmar Earthquake 2025 - Mandalay City Buildings Mapping|100537_57354
OAM-402150-229495-19,fold_4,Myanmar,Myanmar Earthquake 2025 - Amarapura/Mandalay Buildings Mapping,0,True,0,Myanmar Earthquake 2025 - Amarapura/Mandalay Buildings Mapping|100537_57373
OAM-402150-229499-19,fold_6,Myanmar,Myanmar Earthquake 2025 - Amarapura/Mandalay Buildings Mapping,0,True,0,Myanmar Earthquake 2025 - Amarapura/Mandalay Buildings Mapping|100537_57374
OAM-402150-229505-19,fold_6,Myanmar,Myanmar Earthquake 2025 - Amarapura/Mandalay Buildings Mapping,0,True,0,Myanmar Earthquake 2025 - Amarapura/Mandalay Buildings Mapping|100537_57376
OAM-402150-229508-19,fold_3,Myanmar,Myanmar Earthquake 2025 - Amarapura/Mandalay Buildings Mapping,0,True,0,Myanmar Earthquake 2025 - Amarapura/Mandalay Buildings Mapping|100537_57377
OAM-402151-229493-19,fold_4,Myanmar,Myanmar Earthquake 2025 - Amarapura/Mandalay Buildings Mapping,0,True,0,Myanmar Earthquake 2025 - Amarapura/Mandalay Buildings Mapping|100537_57373
OAM-402151-229499-19,fold_6,Myanmar,Myanmar Earthquake 2025 - Amarapura/Mandalay Buildings Mapping,0,True,0,Myanmar Earthquake 2025 - Amarapura/Mandalay Buildings Mapping|100537_57374
OAM-402152-229390-19,fold_6,Myanmar,Myanmar Earthquake 2025 - Mandalay City Buildings Mapping,7,False,7,Myanmar Earthquake 2025 - Mandalay City Buildings Mapping|100538_57347
OAM-402152-229391-19,fold_6,Myanmar,Myanmar Earthquake 2025 - Mandalay City Buildings Mapping,78,False,78,Myanmar Earthquake 2025 - Mandalay City Buildings Mapping|100538_57347
OAM-402152-229419-19,fold_2,Myanmar,Myanmar Earthquake 2025 - Mandalay City Buildings Mapping,9,False,9,Myanmar Earthquake 2025 - Mandalay City Buildings Mapping|100538_57354
OAM-402152-229493-19,fold_4,Myanmar,Myanmar Earthquake 2025 - Amarapura/Mandalay Buildings Mapping,0,True,0,Myanmar Earthquake 2025 - Amarapura/Mandalay Buildings Mapping|100538_57373
OAM-402152-229494-19,fold_4,Myanmar,Myanmar Earthquake 2025 - Amarapura/Mandalay Buildings Mapping,0,True,0,Myanmar Earthquake 2025 - Amarapura/Mandalay Buildings Mapping|100538_57373
OAM-402152-229499-19,fold_4,Myanmar,Myanmar Earthquake 2025 - Amarapura/Mandalay Buildings Mapping,0,True,0,Myanmar Earthquake 2025 - Amarapura/Mandalay Buildings Mapping|100538_57374
OAM-402152-229506-19,fold_0,Myanmar,Myanmar Earthquake 2025 - Amarapura/Mandalay Buildings Mapping,0,True,0,Myanmar Earthquake 2025 - Amarapura/Mandalay Buildings Mapping|100538_57376
OAM-402152-229508-19,fold_1,Myanmar,Myanmar Earthquake 2025 - Amarapura/Mandalay Buildings Mapping,0,True,0,Myanmar Earthquake 2025 - Amarapura/Mandalay Buildings Mapping|100538_57377
OAM-402153-229378-19,fold_6,Myanmar,Myanmar Earthquake 2025 - Mandalay City Buildings Mapping,10,False,10,Myanmar Earthquake 2025 - Mandalay City Buildings Mapping|100538_57344
OAM-402153-229379-19,fold_6,Myanmar,Myanmar Earthquake 2025 - Mandalay City Buildings Mapping,7,False,7,Myanmar Earthquake 2025 - Mandalay City Buildings Mapping|100538_57344
OAM-402153-229494-19,fold_4,Myanmar,Myanmar Earthquake 2025 - Amarapura/Mandalay Buildings Mapping,0,True,0,Myanmar Earthquake 2025 - Amarapura/Mandalay Buildings Mapping|100538_57373
OAM-402153-229502-19,fold_6,Myanmar,Myanmar Earthquake 2025 - Amarapura/Mandalay Buildings Mapping,0,True,0,Myanmar Earthquake 2025 - Amarapura/Mandalay Buildings Mapping|100538_57375
OAM-402153-229504-19,fold_0,Myanmar,Myanmar Earthquake 2025 - Amarapura/Mandalay Buildings Mapping,0,True,0,Myanmar Earthquake 2025 - Amarapura/Mandalay Buildings Mapping|100538_57376
OAM-402154-229414-19,fold_5,Myanmar,Myanmar Earthquake 2025 - Mandalay City Buildings Mapping,1,False,1,Myanmar Earthquake 2025 - Mandalay City Buildings Mapping|100538_57353
OAM-402154-229426-19,fold_5,Myanmar,Myanmar Earthquake 2025 - Mandalay City Buildings Mapping,4,False,4,Myanmar Earthquake 2025 - Mandalay City Buildings Mapping|100538_57356
OAM-402154-229427-19,fold_5,Myanmar,Myanmar Earthquake 2025 - Mandalay City Buildings Mapping,1,False,1,Myanmar Earthquake 2025 - Mandalay City Buildings Mapping|100538_57356
OAM-402154-229435-19,fold_6,Myanmar,Myanmar Earthquake 2025 - Mandalay City Buildings Mapping,0,True,0,Myanmar Earthquake 2025 - Mandalay City Buildings Mapping|100538_57358
OAM-402154-229495-19,fold_4,Myanmar,Myanmar Earthquake 2025 - Amarapura/Mandalay Buildings Mapping,0,True,0,Myanmar Earthquake 2025 - Amarapura/Mandalay Buildings Mapping|100538_57373
OAM-402154-229497-19,fold_4,Myanmar,Myanmar Earthquake 2025 - Amarapura/Mandalay Buildings Mapping,0,True,0,Myanmar Earthquake 2025 - Amarapura/Mandalay Buildings Mapping|100538_57374
OAM-402154-229500-19,fold_6,Myanmar,Myanmar Earthquake 2025 - Amarapura/Mandalay Buildings Mapping,0,True,0,Myanmar Earthquake 2025 - Amarapura/Mandalay Buildings Mapping|100538_57375
OAM-402154-229502-19,fold_6,Myanmar,Myanmar Earthquake 2025 - Amarapura/Mandalay Buildings Mapping,0,True,0,Myanmar Earthquake 2025 - Amarapura/Mandalay Buildings Mapping|100538_57375
OAM-402155-229382-19,fold_6,Myanmar,Myanmar Earthquake 2025 - Mandalay City Buildings Mapping,0,True,0,Myanmar Earthquake 2025 - Mandalay City Buildings Mapping|100538_57345
OAM-402155-229384-19,fold_0,Myanmar,Myanmar Earthquake 2025 - Mandalay City Buildings Mapping,81,False,81,Myanmar Earthquake 2025 - Mandalay City Buildings Mapping|100538_57346
OAM-402155-229397-19,fold_3,Myanmar,Myanmar Earthquake 2025 - Mandalay City Buildings Mapping,21,False,21,Myanmar Earthquake 2025 - Mandalay City Buildings Mapping|100538_57349
OAM-402155-229399-19,fold_3,Myanmar,Myanmar Earthquake 2025 - Mandalay City Buildings Mapping,39,False,39,Myanmar Earthquake 2025 - Mandalay City Buildings Mapping|100538_57349
OAM-402155-229424-19,fold_5,Myanmar,Myanmar Earthquake 2025 - Mandalay City Buildings Mapping,0,True,0,Myanmar Earthquake 2025 - Mandalay City Buildings Mapping|100538_57356
OAM-402155-229425-19,fold_5,Myanmar,Myanmar Earthquake 2025 - Mandalay City Buildings Mapping,2,False,2,Myanmar Earthquake 2025 - Mandalay City Buildings Mapping|100538_57356
OAM-402155-229488-19,fold_3,Myanmar,Myanmar Earthquake 2025 - Amarapura/Mandalay Buildings Mapping,0,True,0,Myanmar Earthquake 2025 - Amarapura/Mandalay Buildings Mapping|100538_57372
OAM-402155-229493-19,fold_4,Myanmar,Myanmar Earthquake 2025 - Amarapura/Mandalay Buildings Mapping,3,False,3,Myanmar Earthquake 2025 - Amarapura/Mandalay Buildings Mapping|100538_57373
OAM-402155-229499-19,fold_4,Myanmar,Myanmar Earthquake 2025 - Amarapura/Mandalay Buildings Mapping,2,False,2,Myanmar Earthquake 2025 - Amarapura/Mandalay Buildings Mapping|100538_57374
OAM-402155-229503-19,fold_6,Myanmar,Myanmar Earthquake 2025 - Amarapura/Mandalay Buildings Mapping,0,True,0,Myanmar Earthquake 2025 - Amarapura/Mandalay Buildings Mapping|100538_57375
OAM-402156-229486-19,fold_2,Myanmar,Myanmar Earthquake 2025 - Amarapura/Mandalay Buildings Mapping,0,True,0,Myanmar Earthquake 2025 - Amarapura/Mandalay Buildings Mapping|100539_57371
OAM-402156-229493-19,fold_2,Myanmar,Myanmar Earthquake 2025 - Amarapura/Mandalay Buildings Mapping,0,True,0,Myanmar Earthquake 2025 - Amarapura/Mandalay Buildings Mapping|100539_57373
OAM-402156-229501-19,fold_6,Myanmar,Myanmar Earthquake 2025 - Amarapura/Mandalay Buildings Mapping,0,True,0,Myanmar Earthquake 2025 - Amarapura/Mandalay Buildings Mapping|100539_57375
OAM-402156-229508-19,fold_6,Myanmar,Myanmar Earthquake 2025 - Amarapura/Mandalay Buildings Mapping,0,True,0,Myanmar Earthquake 2025 - Amarapura/Mandalay Buildings Mapping|100539_57377
OAM-402157-229486-19,fold_2,Myanmar,Myanmar Earthquake 2025 - Amarapura/Mandalay Buildings Mapping,0,True,0,Myanmar Earthquake 2025 - Amarapura/Mandalay Buildings Mapping|100539_57371
OAM-402157-229497-19,fold_5,Myanmar,Myanmar Earthquake 2025 - Amarapura/Mandalay Buildings Mapping,0,True,0,Myanmar Earthquake 2025 - Amarapura/Mandalay Buildings Mapping|100539_57374
OAM-402157-229502-19,fold_6,Myanmar,Myanmar Earthquake 2025 - Amarapura/Mandalay Buildings Mapping,0,True,0,Myanmar Earthquake 2025 - Amarapura/Mandalay Buildings Mapping|100539_57375
OAM-402158-229485-19,fold_2,Myanmar,Myanmar Earthquake 2025 - Amarapura/Mandalay Buildings Mapping,0,True,0,Myanmar Earthquake 2025 - Amarapura/Mandalay Buildings Mapping|100539_57371
OAM-402158-229486-19,fold_2,Myanmar,Myanmar Earthquake 2025 - Amarapura/Mandalay Buildings Mapping,0,True,0,Myanmar Earthquake 2025 - Amarapura/Mandalay Buildings Mapping|100539_57371
OAM-402158-229490-19,fold_3,Myanmar,Myanmar Earthquake 2025 - Amarapura/Mandalay Buildings Mapping,0,True,0,Myanmar Earthquake 2025 - Amarapura/Mandalay Buildings Mapping|100539_57372
OAM-402158-229492-19,fold_2,Myanmar,Myanmar Earthquake 2025 - Amarapura/Mandalay Buildings Mapping,1,False,1,Myanmar Earthquake 2025 - Amarapura/Mandalay Buildings Mapping|100539_57373
OAM-402158-229499-19,fold_5,Myanmar,Myanmar Earthquake 2025 - Amarapura/Mandalay Buildings Mapping,0,True,0,Myanmar Earthquake 2025 - Amarapura/Mandalay Buildings Mapping|100539_57374
OAM-402158-229501-19,fold_6,Myanmar,Myanmar Earthquake 2025 - Amarapura/Mandalay Buildings Mapping,0,True,0,Myanmar Earthquake 2025 - Amarapura/Mandalay Buildings Mapping|100539_57375
OAM-402158-229503-19,fold_6,Myanmar,Myanmar Earthquake 2025 - Amarapura/Mandalay Buildings Mapping,0,True,0,Myanmar Earthquake 2025 - Amarapura/Mandalay Buildings Mapping|100539_57375
OAM-402159-229494-19,fold_2,Myanmar,Myanmar Earthquake 2025 - Amarapura/Mandalay Buildings Mapping,0,True,0,Myanmar Earthquake 2025 - Amarapura/Mandalay Buildings Mapping|100539_57373
OAM-402159-229498-19,fold_5,Myanmar,Myanmar Earthquake 2025 - Amarapura/Mandalay Buildings Mapping,0,True,0,Myanmar Earthquake 2025 - Amarapura/Mandalay Buildings Mapping|100539_57374
OAM-402159-229501-19,fold_6,Myanmar,Myanmar Earthquake 2025 - Amarapura/Mandalay Buildings Mapping,0,True,0,Myanmar Earthquake 2025 - Amarapura/Mandalay Buildings Mapping|100539_57375
OAM-402159-229507-19,fold_3,Myanmar,Myanmar Earthquake 2025 - Amarapura/Mandalay Buildings Mapping,0,True,0,Myanmar Earthquake 2025 - Amarapura/Mandalay Buildings Mapping|100539_57376
OAM-402160-229484-19,fold_1,Myanmar,Myanmar Earthquake 2025 - Amarapura/Mandalay Buildings Mapping,0,True,0,Myanmar Earthquake 2025 - Amarapura/Mandalay Buildings Mapping|100540_57371
OAM-402160-229488-19,fold_6,Myanmar,Myanmar Earthquake 2025 - Amarapura/Mandalay Buildings Mapping,0,True,0,Myanmar Earthquake 2025 - Amarapura/Mandalay Buildings Mapping|100540_57372
OAM-402160-229489-19,fold_6,Myanmar,Myanmar Earthquake 2025 - Amarapura/Mandalay Buildings Mapping,0,True,0,Myanmar Earthquake 2025 - Amarapura/Mandalay Buildings Mapping|100540_57372
OAM-402160-229496-19,fold_1,Myanmar,Myanmar Earthquake 2025 - Amarapura/Mandalay Buildings Mapping,0,True,0,Myanmar Earthquake 2025 - Amarapura/Mandalay Buildings Mapping|100540_57374
OAM-402160-229497-19,fold_1,Myanmar,Myanmar Earthquake 2025 - Amarapura/Mandalay Buildings Mapping,0,True,0,Myanmar Earthquake 2025 - Amarapura/Mandalay Buildings Mapping|100540_57374
OAM-402160-229501-19,fold_2,Myanmar,Myanmar Earthquake 2025 - Amarapura/Mandalay Buildings Mapping,0,True,0,Myanmar Earthquake 2025 - Amarapura/Mandalay Buildings Mapping|100540_57375
OAM-402160-229507-19,fold_5,Myanmar,Myanmar Earthquake 2025 - Amarapura/Mandalay Buildings Mapping,0,True,0,Myanmar Earthquake 2025 - Amarapura/Mandalay Buildings Mapping|100540_57376
OAM-402161-229486-19,fold_1,Myanmar,Myanmar Earthquake 2025 - Amarapura/Mandalay Buildings Mapping,0,True,0,Myanmar Earthquake 2025 - Amarapura/Mandalay Buildings Mapping|100540_57371
OAM-402161-229498-19,fold_1,Myanmar,Myanmar Earthquake 2025 - Amarapura/Mandalay Buildings Mapping,0,True,0,Myanmar Earthquake 2025 - Amarapura/Mandalay Buildings Mapping|100540_57374
OAM-402161-229504-19,fold_5,Myanmar,Myanmar Earthquake 2025 - Amarapura/Mandalay Buildings Mapping,1,False,1,Myanmar Earthquake 2025 - Amarapura/Mandalay Buildings Mapping|100540_57376
OAM-402161-229505-19,fold_5,Myanmar,Myanmar Earthquake 2025 - Amarapura/Mandalay Buildings Mapping,1,False,1,Myanmar Earthquake 2025 - Amarapura/Mandalay Buildings Mapping|100540_57376
OAM-402162-229487-19,fold_1,Myanmar,Myanmar Earthquake 2025 - Amarapura/Mandalay Buildings Mapping,0,True,0,Myanmar Earthquake 2025 - Amarapura/Mandalay Buildings Mapping|100540_57371
OAM-402162-229491-19,fold_6,Myanmar,Myanmar Earthquake 2025 - Amarapura/Mandalay Buildings Mapping,0,True,0,Myanmar Earthquake 2025 - Amarapura/Mandalay Buildings Mapping|100540_57372
OAM-402162-229507-19,fold_5,Myanmar,Myanmar Earthquake 2025 - Amarapura/Mandalay Buildings Mapping,1,False,1,Myanmar Earthquake 2025 - Amarapura/Mandalay Buildings Mapping|100540_57376
OAM-402163-229486-19,fold_1,Myanmar,Myanmar Earthquake 2025 - Amarapura/Mandalay Buildings Mapping,0,True,0,Myanmar Earthquake 2025 - Amarapura/Mandalay Buildings Mapping|100540_57371
OAM-402163-229495-19,fold_4,Myanmar,Myanmar Earthquake 2025 - Amarapura/Mandalay Buildings Mapping,0,True,0,Myanmar Earthquake 2025 - Amarapura/Mandalay Buildings Mapping|100540_57373
OAM-402163-229504-19,fold_5,Myanmar,Myanmar Earthquake 2025 - Amarapura/Mandalay Buildings Mapping,0,True,0,Myanmar Earthquake 2025 - Amarapura/Mandalay Buildings Mapping|100540_57376
OAM-402163-229506-19,fold_5,Myanmar,Myanmar Earthquake 2025 - Amarapura/Mandalay Buildings Mapping,3,False,3,Myanmar Earthquake 2025 - Amarapura/Mandalay Buildings Mapping|100540_57376
OAM-402164-229494-19,fold_5,Myanmar,Myanmar Earthquake 2025 - Amarapura/Mandalay Buildings Mapping,2,False,2,Myanmar Earthquake 2025 - Amarapura/Mandalay Buildings Mapping|100541_57373
OAM-402164-229495-19,fold_5,Myanmar,Myanmar Earthquake 2025 - Amarapura/Mandalay Buildings Mapping,0,True,0,Myanmar Earthquake 2025 - Amarapura/Mandalay Buildings Mapping|100541_57373
OAM-439708-246865-19,fold_6,Philippines,"Mapping Buildings – Poblacion and Sagua Coastal Area, Anini-y, Antique",5,False,5,"Mapping Buildings – Poblacion and Sagua Coastal Area, Anini-y, Antique|109927_61716"
OAM-439710-246861-19,fold_0,Philippines,"Mapping Buildings – Poblacion and Sagua Coastal Area, Anini-y, Antique",0,True,0,"Mapping Buildings – Poblacion and Sagua Coastal Area, Anini-y, Antique|109927_61715"
OAM-439710-246863-19,fold_0,Philippines,"Mapping Buildings – Poblacion and Sagua Coastal Area, Anini-y, Antique",0,True,0,"Mapping Buildings – Poblacion and Sagua Coastal Area, Anini-y, Antique|109927_61715"
OAM-439710-246867-19,fold_6,Philippines,"Mapping Buildings – Poblacion and Sagua Coastal Area, Anini-y, Antique",5,False,5,"Mapping Buildings – Poblacion and Sagua Coastal Area, Anini-y, Antique|109927_61716"
OAM-439760-246901-19,fold_5,Philippines,"Mapping Buildings – Juraojurao Island, Anini-y, Antique",0,True,0,"Mapping Buildings – Juraojurao Island, Anini-y, Antique|109940_61725"
OAM-439761-246899-19,fold_5,Philippines,"Mapping Buildings – Juraojurao Island, Anini-y, Antique",2,False,2,"Mapping Buildings – Juraojurao Island, Anini-y, Antique|109940_61724"
OAM-439762-246900-19,fold_5,Philippines,"Mapping Buildings – Juraojurao Island, Anini-y, Antique",4,False,4,"Mapping Buildings – Juraojurao Island, Anini-y, Antique|109940_61725"
OAM-439765-246901-19,fold_2,Philippines,"Mapping Buildings – Juraojurao Island, Anini-y, Antique",1,False,1,"Mapping Buildings – Juraojurao Island, Anini-y, Antique|109941_61725"
OAM-439767-246897-19,fold_1,Philippines,"Mapping Buildings – Juraojurao Island, Anini-y, Antique",5,False,5,"Mapping Buildings – Juraojurao Island, Anini-y, Antique|109941_61724"
OAM-439767-246899-19,fold_1,Philippines,"Mapping Buildings – Juraojurao Island, Anini-y, Antique",6,False,6,"Mapping Buildings – Juraojurao Island, Anini-y, Antique|109941_61724"
OAM-443009-241424-19,fold_2,Philippines,"Mapping Buildings - Hiyop, Catanduanes - DroneDeploy, Help.NGO and CatSu",0,True,0,"Mapping Buildings - Hiyop, Catanduanes - DroneDeploy, Help.NGO and CatSu|110752_60356"
OAM-443010-241421-19,fold_6,Philippines,"Mapping Buildings - Hiyop, Catanduanes - DroneDeploy, Help.NGO and CatSu",0,True,0,"Mapping Buildings - Hiyop, Catanduanes - DroneDeploy, Help.NGO and CatSu|110752_60355"
OAM-443011-241433-19,fold_5,Philippines,"Mapping Buildings - Hiyop, Catanduanes - DroneDeploy, Help.NGO and CatSu",8,False,8,"Mapping Buildings - Hiyop, Catanduanes - DroneDeploy, Help.NGO and CatSu|110752_60358"
OAM-443011-241434-19,fold_5,Philippines,"Mapping Buildings - Hiyop, Catanduanes - DroneDeploy, Help.NGO and CatSu",0,True,0,"Mapping Buildings - Hiyop, Catanduanes - DroneDeploy, Help.NGO and CatSu|110752_60358"
OAM-443012-241422-19,fold_4,Philippines,"Mapping Buildings - Hiyop, Catanduanes - DroneDeploy, Help.NGO and CatSu",3,False,3,"Mapping Buildings - Hiyop, Catanduanes - DroneDeploy, Help.NGO and CatSu|110753_60355"
OAM-443012-241431-19,fold_6,Philippines,"Mapping Buildings - Hiyop, Catanduanes - DroneDeploy, Help.NGO and CatSu",0,True,0,"Mapping Buildings - Hiyop, Catanduanes - DroneDeploy, Help.NGO and CatSu|110753_60357"
OAM-443014-241418-19,fold_5,Philippines,"Mapping Buildings - Hiyop, Catanduanes - DroneDeploy, Help.NGO and CatSu",0,True,0,"Mapping Buildings - Hiyop, Catanduanes - DroneDeploy, Help.NGO and CatSu|110753_60354"
OAM-443014-241431-19,fold_6,Philippines,"Mapping Buildings - Hiyop, Catanduanes - DroneDeploy, Help.NGO and CatSu",0,True,0,"Mapping Buildings - Hiyop, Catanduanes - DroneDeploy, Help.NGO and CatSu|110753_60357"
OAM-443015-241419-19,fold_5,Philippines,"Mapping Buildings - Hiyop, Catanduanes - DroneDeploy, Help.NGO and CatSu",0,True,0,"Mapping Buildings - Hiyop, Catanduanes - DroneDeploy, Help.NGO and CatSu|110753_60354"
OAM-443015-241431-19,fold_6,Philippines,"Mapping Buildings - Hiyop, Catanduanes - DroneDeploy, Help.NGO and CatSu",0,True,0,"Mapping Buildings - Hiyop, Catanduanes - DroneDeploy, Help.NGO and CatSu|110753_60357"
OAM-443017-241420-19,fold_6,Philippines,"Mapping Buildings - Hiyop, Catanduanes - DroneDeploy, Help.NGO and CatSu",0,True,0,"Mapping Buildings - Hiyop, Catanduanes - DroneDeploy, Help.NGO and CatSu|110754_60355"
OAM-443017-241424-19,fold_3,Philippines,"Mapping Buildings - Hiyop, Catanduanes - DroneDeploy, Help.NGO and CatSu",0,True,0,"Mapping Buildings - Hiyop, Catanduanes - DroneDeploy, Help.NGO and CatSu|110754_60356"
OAM-443017-241426-19,fold_3,Philippines,"Mapping Buildings - Hiyop, Catanduanes - DroneDeploy, Help.NGO and CatSu",0,True,0,"Mapping Buildings - Hiyop, Catanduanes - DroneDeploy, Help.NGO and CatSu|110754_60356"
OAM-443129-241546-19,fold_2,Philippines,"Mapping Buildings - San Isidro and Bugao, Catanduanes - DroneDeploy, Help.NGO and CatSu",0,True,0,"Mapping Buildings - San Isidro and Bugao, Catanduanes - DroneDeploy, Help.NGO and CatSu|110782_60386"
OAM-443129-241547-19,fold_2,Philippines,"Mapping Buildings - San Isidro and Bugao, Catanduanes - DroneDeploy, Help.NGO and CatSu",0,True,0,"Mapping Buildings - San Isidro and Bugao, Catanduanes - DroneDeploy, Help.NGO and CatSu|110782_60386"
OAM-443131-241550-19,fold_1,Philippines,"Mapping Buildings - San Isidro and Bugao, Catanduanes - DroneDeploy, Help.NGO and CatSu",0,True,0,"Mapping Buildings - San Isidro and Bugao, Catanduanes - DroneDeploy, Help.NGO and CatSu|110782_60387"
OAM-443133-241554-19,fold_1,Philippines,"Mapping Buildings - San Isidro and Bugao, Catanduanes - DroneDeploy, Help.NGO and CatSu",1,False,1,"Mapping Buildings - San Isidro and Bugao, Catanduanes - DroneDeploy, Help.NGO and CatSu|110783_60388"
OAM-443135-241544-19,fold_5,Philippines,"Mapping Buildings - San Isidro and Bugao, Catanduanes - DroneDeploy, Help.NGO and CatSu",0,True,0,"Mapping Buildings - San Isidro and Bugao, Catanduanes - DroneDeploy, Help.NGO and CatSu|110783_60386"
OAM-443144-242157-19,fold_2,Philippines,"Mapping Buildings - Bato River, Catanduanes - DroneDeploy, Help.NGO and CatSu",0,True,0,"Mapping Buildings - Bato River, Catanduanes - DroneDeploy, Help.NGO and CatSu|110786_60539"
OAM-443147-242155-19,fold_6,Philippines,"Mapping Buildings - Bato River, Catanduanes - DroneDeploy, Help.NGO and CatSu",0,True,0,"Mapping Buildings - Bato River, Catanduanes - DroneDeploy, Help.NGO and CatSu|110786_60538"
OAM-443147-242157-19,fold_2,Philippines,"Mapping Buildings - Bato River, Catanduanes - DroneDeploy, Help.NGO and CatSu",0,True,0,"Mapping Buildings - Bato River, Catanduanes - DroneDeploy, Help.NGO and CatSu|110786_60539"
OAM-443148-242154-19,fold_2,Philippines,"Mapping Buildings - Bato River, Catanduanes - DroneDeploy, Help.NGO and CatSu",0,True,0,"Mapping Buildings - Bato River, Catanduanes - DroneDeploy, Help.NGO and CatSu|110787_60538"
OAM-443150-242154-19,fold_2,Philippines,"Mapping Buildings - Bato River, Catanduanes - DroneDeploy, Help.NGO and CatSu",0,True,0,"Mapping Buildings - Bato River, Catanduanes - DroneDeploy, Help.NGO and CatSu|110787_60538"
OAM-443150-242157-19,fold_0,Philippines,"Mapping Buildings - Bato River, Catanduanes - DroneDeploy, Help.NGO and CatSu",0,True,0,"Mapping Buildings - Bato River, Catanduanes - DroneDeploy, Help.NGO and CatSu|110787_60539"
OAM-443152-242150-19,fold_3,Philippines,"Mapping Buildings - Bato River, Catanduanes - DroneDeploy, Help.NGO and CatSu",6,False,6,"Mapping Buildings - Bato River, Catanduanes - DroneDeploy, Help.NGO and CatSu|110788_60537"
OAM-443153-242152-19,fold_3,Philippines,"Mapping Buildings - Bato River, Catanduanes - DroneDeploy, Help.NGO and CatSu",0,True,0,"Mapping Buildings - Bato River, Catanduanes - DroneDeploy, Help.NGO and CatSu|110788_60538"
OAM-443154-242151-19,fold_3,Philippines,"Mapping Buildings - Bato River, Catanduanes - DroneDeploy, Help.NGO and CatSu",0,True,0,"Mapping Buildings - Bato River, Catanduanes - DroneDeploy, Help.NGO and CatSu|110788_60537"
OAM-443154-242153-19,fold_3,Philippines,"Mapping Buildings - Bato River, Catanduanes - DroneDeploy, Help.NGO and CatSu",0,True,0,"Mapping Buildings - Bato River, Catanduanes - DroneDeploy, Help.NGO and CatSu|110788_60538"
OAM-443154-242154-19,fold_3,Philippines,"Mapping Buildings - Bato River, Catanduanes - DroneDeploy, Help.NGO and CatSu",0,True,0,"Mapping Buildings - Bato River, Catanduanes - DroneDeploy, Help.NGO and CatSu|110788_60538"
OAM-443154-242155-19,fold_3,Philippines,"Mapping Buildings - Bato River, Catanduanes - DroneDeploy, Help.NGO and CatSu",0,True,0,"Mapping Buildings - Bato River, Catanduanes - DroneDeploy, Help.NGO and CatSu|110788_60538"
OAM-443154-242157-19,fold_6,Philippines,"Mapping Buildings - Bato River, Catanduanes - DroneDeploy, Help.NGO and CatSu",0,True,0,"Mapping Buildings - Bato River, Catanduanes - DroneDeploy, Help.NGO and CatSu|110788_60539"
OAM-443155-242152-19,fold_3,Philippines,"Mapping Buildings - Bato River, Catanduanes - DroneDeploy, Help.NGO and CatSu",0,True,0,"Mapping Buildings - Bato River, Catanduanes - DroneDeploy, Help.NGO and CatSu|110788_60538"
OAM-443155-242155-19,fold_3,Philippines,"Mapping Buildings - Bato River, Catanduanes - DroneDeploy, Help.NGO and CatSu",0,True,0,"Mapping Buildings - Bato River, Catanduanes - DroneDeploy, Help.NGO and CatSu|110788_60538"
OAM-443156-242153-19,fold_3,Philippines,"Mapping Buildings - Bato River, Catanduanes - DroneDeploy, Help.NGO and CatSu",0,True,0,"Mapping Buildings - Bato River, Catanduanes - DroneDeploy, Help.NGO and CatSu|110789_60538"
OAM-443158-242151-19,fold_4,Philippines,"Mapping Buildings - Bato River, Catanduanes - DroneDeploy, Help.NGO and CatSu",0,True,0,"Mapping Buildings - Bato River, Catanduanes - DroneDeploy, Help.NGO and CatSu|110789_60537"
OAM-443158-242152-19,fold_3,Philippines,"Mapping Buildings - Bato River, Catanduanes - DroneDeploy, Help.NGO and CatSu",0,True,0,"Mapping Buildings - Bato River, Catanduanes - DroneDeploy, Help.NGO and CatSu|110789_60538"
OAM-443161-242126-19,fold_6,Philippines,"Mapping Buildings - Bato River, Catanduanes - DroneDeploy, Help.NGO and CatSu",2,False,2,"Mapping Buildings - Bato River, Catanduanes - DroneDeploy, Help.NGO and CatSu|110790_60531"
OAM-443161-242140-19,fold_3,Philippines,"Mapping Buildings - Bato River, Catanduanes - DroneDeploy, Help.NGO and CatSu",2,False,2,"Mapping Buildings - Bato River, Catanduanes - DroneDeploy, Help.NGO and CatSu|110790_60535"
OAM-443161-242145-19,fold_2,Philippines,"Mapping Buildings - Bato River, Catanduanes - DroneDeploy, Help.NGO and CatSu",0,True,0,"Mapping Buildings - Bato River, Catanduanes - DroneDeploy, Help.NGO and CatSu|110790_60536"
OAM-443161-242148-19,fold_2,Philippines,"Mapping Buildings - Bato River, Catanduanes - DroneDeploy, Help.NGO and CatSu",0,True,0,"Mapping Buildings - Bato River, Catanduanes - DroneDeploy, Help.NGO and CatSu|110790_60537"
OAM-443162-242121-19,fold_0,Philippines,"Mapping Buildings - Bato River, Catanduanes - DroneDeploy, Help.NGO and CatSu",0,True,0,"Mapping Buildings - Bato River, Catanduanes - DroneDeploy, Help.NGO and CatSu|110790_60530"
OAM-443162-242127-19,fold_6,Philippines,"Mapping Buildings - Bato River, Catanduanes - DroneDeploy, Help.NGO and CatSu",0,True,0,"Mapping Buildings - Bato River, Catanduanes - DroneDeploy, Help.NGO and CatSu|110790_60531"
OAM-443162-242128-19,fold_5,Philippines,"Mapping Buildings - Bato River, Catanduanes - DroneDeploy, Help.NGO and CatSu",0,True,0,"Mapping Buildings - Bato River, Catanduanes - DroneDeploy, Help.NGO and CatSu|110790_60532"
OAM-443162-242129-19,fold_5,Philippines,"Mapping Buildings - Bato River, Catanduanes - DroneDeploy, Help.NGO and CatSu",0,True,0,"Mapping Buildings - Bato River, Catanduanes - DroneDeploy, Help.NGO and CatSu|110790_60532"
OAM-443162-242145-19,fold_2,Philippines,"Mapping Buildings - Bato River, Catanduanes - DroneDeploy, Help.NGO and CatSu",0,True,0,"Mapping Buildings - Bato River, Catanduanes - DroneDeploy, Help.NGO and CatSu|110790_60536"
OAM-443163-242121-19,fold_0,Philippines,"Mapping Buildings - Bato River, Catanduanes - DroneDeploy, Help.NGO and CatSu",5,False,5,"Mapping Buildings - Bato River, Catanduanes - DroneDeploy, Help.NGO and CatSu|110790_60530"
OAM-443163-242140-19,fold_3,Philippines,"Mapping Buildings - Bato River, Catanduanes - DroneDeploy, Help.NGO and CatSu",0,True,0,"Mapping Buildings - Bato River, Catanduanes - DroneDeploy, Help.NGO and CatSu|110790_60535"
OAM-443163-242142-19,fold_3,Philippines,"Mapping Buildings - Bato River, Catanduanes - DroneDeploy, Help.NGO and CatSu",0,True,0,"Mapping Buildings - Bato River, Catanduanes - DroneDeploy, Help.NGO and CatSu|110790_60535"
OAM-443163-242143-19,fold_3,Philippines,"Mapping Buildings - Bato River, Catanduanes - DroneDeploy, Help.NGO and CatSu",5,False,5,"Mapping Buildings - Bato River, Catanduanes - DroneDeploy, Help.NGO and CatSu|110790_60535"
OAM-443165-242110-19,fold_1,Philippines,"Mapping Buildings - Bato River, Catanduanes - DroneDeploy, Help.NGO and CatSu",0,True,0,"Mapping Buildings - Bato River, Catanduanes - DroneDeploy, Help.NGO and CatSu|110791_60527"
OAM-443165-242115-19,fold_3,Philippines,"Mapping Buildings - Bato River, Catanduanes - DroneDeploy, Help.NGO and CatSu",0,True,0,"Mapping Buildings - Bato River, Catanduanes - DroneDeploy, Help.NGO and CatSu|110791_60528"
OAM-443165-242120-19,fold_6,Philippines,"Mapping Buildings - Bato River, Catanduanes - DroneDeploy, Help.NGO and CatSu",0,True,0,"Mapping Buildings - Bato River, Catanduanes - DroneDeploy, Help.NGO and CatSu|110791_60530"
OAM-443165-242121-19,fold_6,Philippines,"Mapping Buildings - Bato River, Catanduanes - DroneDeploy, Help.NGO and CatSu",0,True,0,"Mapping Buildings - Bato River, Catanduanes - DroneDeploy, Help.NGO and CatSu|110791_60530"
OAM-443165-242146-19,fold_0,Philippines,"Mapping Buildings - Bato River, Catanduanes - DroneDeploy, Help.NGO and CatSu",9,False,9,"Mapping Buildings - Bato River, Catanduanes - DroneDeploy, Help.NGO and CatSu|110791_60536"
OAM-443166-242114-19,fold_3,Philippines,"Mapping Buildings - Bato River, Catanduanes - DroneDeploy, Help.NGO and CatSu",0,True,0,"Mapping Buildings - Bato River, Catanduanes - DroneDeploy, Help.NGO and CatSu|110791_60528"
OAM-443167-242116-19,fold_4,Philippines,"Mapping Buildings - Bato River, Catanduanes - DroneDeploy, Help.NGO and CatSu",0,True,0,"Mapping Buildings - Bato River, Catanduanes - DroneDeploy, Help.NGO and CatSu|110791_60529"
OAM-443167-242117-19,fold_4,Philippines,"Mapping Buildings - Bato River, Catanduanes - DroneDeploy, Help.NGO and CatSu",0,True,0,"Mapping Buildings - Bato River, Catanduanes - DroneDeploy, Help.NGO and CatSu|110791_60529"
OAM-443168-242116-19,fold_2,Philippines,"Mapping Buildings - Bato River, Catanduanes - DroneDeploy, Help.NGO and CatSu",0,True,0,"Mapping Buildings - Bato River, Catanduanes - DroneDeploy, Help.NGO and CatSu|110792_60529"
OAM-443169-242106-19,fold_4,Philippines,"Mapping Buildings - Bato River, Catanduanes - DroneDeploy, Help.NGO and CatSu",0,True,0,"Mapping Buildings - Bato River, Catanduanes - DroneDeploy, Help.NGO and CatSu|110792_60526"
OAM-443170-242106-19,fold_4,Philippines,"Mapping Buildings - Bato River, Catanduanes - DroneDeploy, Help.NGO and CatSu",0,True,0,"Mapping Buildings - Bato River, Catanduanes - DroneDeploy, Help.NGO and CatSu|110792_60526"
OAM-443172-242099-19,fold_3,Philippines,"Mapping Buildings - Bato River, Catanduanes - DroneDeploy, Help.NGO and CatSu",0,True,0,"Mapping Buildings - Bato River, Catanduanes - DroneDeploy, Help.NGO and CatSu|110793_60524"
OAM-443172-242106-19,fold_0,Philippines,"Mapping Buildings - Bato River, Catanduanes - DroneDeploy, Help.NGO and CatSu",0,True,0,"Mapping Buildings - Bato River, Catanduanes - DroneDeploy, Help.NGO and CatSu|110793_60526"
OAM-443173-242094-19,fold_2,Philippines,"Mapping Buildings - Bato River, Catanduanes - DroneDeploy, Help.NGO and CatSu",0,True,0,"Mapping Buildings - Bato River, Catanduanes - DroneDeploy, Help.NGO and CatSu|110793_60523"
OAM-443173-242101-19,fold_3,Philippines,"Mapping Buildings - Bato River, Catanduanes - DroneDeploy, Help.NGO and CatSu",1,False,1,"Mapping Buildings - Bato River, Catanduanes - DroneDeploy, Help.NGO and CatSu|110793_60525"
OAM-443174-242092-19,fold_2,Philippines,"Mapping Buildings - Bato River, Catanduanes - DroneDeploy, Help.NGO and CatSu",0,True,0,"Mapping Buildings - Bato River, Catanduanes - DroneDeploy, Help.NGO and CatSu|110793_60523"
OAM-443174-242094-19,fold_2,Philippines,"Mapping Buildings - Bato River, Catanduanes - DroneDeploy, Help.NGO and CatSu",0,True,0,"Mapping Buildings - Bato River, Catanduanes - DroneDeploy, Help.NGO and CatSu|110793_60523"
OAM-443174-242097-19,fold_3,Philippines,"Mapping Buildings - Bato River, Catanduanes - DroneDeploy, Help.NGO and CatSu",0,True,0,"Mapping Buildings - Bato River, Catanduanes - DroneDeploy, Help.NGO and CatSu|110793_60524"
OAM-443174-242100-19,fold_3,Philippines,"Mapping Buildings - Bato River, Catanduanes - DroneDeploy, Help.NGO and CatSu",0,True,0,"Mapping Buildings - Bato River, Catanduanes - DroneDeploy, Help.NGO and CatSu|110793_60525"
OAM-443175-242083-19,fold_1,Philippines,"Mapping Buildings - Bato River, Catanduanes - DroneDeploy, Help.NGO and CatSu",0,True,0,"Mapping Buildings - Bato River, Catanduanes - DroneDeploy, Help.NGO and CatSu|110793_60520"
OAM-443175-242086-19,fold_3,Philippines,"Mapping Buildings - Bato River, Catanduanes - DroneDeploy, Help.NGO and CatSu",0,True,0,"Mapping Buildings - Bato River, Catanduanes - DroneDeploy, Help.NGO and CatSu|110793_60521"
OAM-443175-242099-19,fold_3,Philippines,"Mapping Buildings - Bato River, Catanduanes - DroneDeploy, Help.NGO and CatSu",0,True,0,"Mapping Buildings - Bato River, Catanduanes - DroneDeploy, Help.NGO and CatSu|110793_60524"
OAM-443176-242085-19,fold_6,Philippines,"Mapping Buildings - Bato River, Catanduanes - DroneDeploy, Help.NGO and CatSu",0,True,0,"Mapping Buildings - Bato River, Catanduanes - DroneDeploy, Help.NGO and CatSu|110794_60521"
OAM-443176-242088-19,fold_1,Philippines,"Mapping Buildings - Bato River, Catanduanes - DroneDeploy, Help.NGO and CatSu",0,True,0,"Mapping Buildings - Bato River, Catanduanes - DroneDeploy, Help.NGO and CatSu|110794_60522"
OAM-443176-242092-19,fold_4,Philippines,"Mapping Buildings - Bato River, Catanduanes - DroneDeploy, Help.NGO and CatSu",0,True,0,"Mapping Buildings - Bato River, Catanduanes - DroneDeploy, Help.NGO and CatSu|110794_60523"
OAM-443177-242096-19,fold_3,Philippines,"Mapping Buildings - Bato River, Catanduanes - DroneDeploy, Help.NGO and CatSu",0,True,0,"Mapping Buildings - Bato River, Catanduanes - DroneDeploy, Help.NGO and CatSu|110794_60524"
OAM-443177-242098-19,fold_3,Philippines,"Mapping Buildings - Bato River, Catanduanes - DroneDeploy, Help.NGO and CatSu",0,True,0,"Mapping Buildings - Bato River, Catanduanes - DroneDeploy, Help.NGO and CatSu|110794_60524"
OAM-443177-242106-19,fold_4,Philippines,"Mapping Buildings - Bato River, Catanduanes - DroneDeploy, Help.NGO and CatSu",0,True,0,"Mapping Buildings - Bato River, Catanduanes - DroneDeploy, Help.NGO and CatSu|110794_60526"
OAM-443178-242077-19,fold_2,Philippines,"Mapping Buildings - Bato River, Catanduanes - DroneDeploy, Help.NGO and CatSu",0,True,0,"Mapping Buildings - Bato River, Catanduanes - DroneDeploy, Help.NGO and CatSu|110794_60519"
OAM-443178-242096-19,fold_3,Philippines,"Mapping Buildings - Bato River, Catanduanes - DroneDeploy, Help.NGO and CatSu",1,False,1,"Mapping Buildings - Bato River, Catanduanes - DroneDeploy, Help.NGO and CatSu|110794_60524"
OAM-443178-242101-19,fold_4,Philippines,"Mapping Buildings - Bato River, Catanduanes - DroneDeploy, Help.NGO and CatSu",0,True,0,"Mapping Buildings - Bato River, Catanduanes - DroneDeploy, Help.NGO and CatSu|110794_60525"
OAM-443178-242103-19,fold_4,Philippines,"Mapping Buildings - Bato River, Catanduanes - DroneDeploy, Help.NGO and CatSu",0,True,0,"Mapping Buildings - Bato River, Catanduanes - DroneDeploy, Help.NGO and CatSu|110794_60525"
OAM-443179-242096-19,fold_3,Philippines,"Mapping Buildings - Bato River, Catanduanes - DroneDeploy, Help.NGO and CatSu",0,True,0,"Mapping Buildings - Bato River, Catanduanes - DroneDeploy, Help.NGO and CatSu|110794_60524"
OAM-443180-242094-19,fold_0,Philippines,"Mapping Buildings - Bato River, Catanduanes - DroneDeploy, Help.NGO and CatSu",1,False,1,"Mapping Buildings - Bato River, Catanduanes - DroneDeploy, Help.NGO and CatSu|110795_60523"
OAM-443180-242095-19,fold_0,Philippines,"Mapping Buildings - Bato River, Catanduanes - DroneDeploy, Help.NGO and CatSu",0,True,0,"Mapping Buildings - Bato River, Catanduanes - DroneDeploy, Help.NGO and CatSu|110795_60523"
OAM-443180-242100-19,fold_2,Philippines,"Mapping Buildings - Bato River, Catanduanes - DroneDeploy, Help.NGO and CatSu",0,True,0,"Mapping Buildings - Bato River, Catanduanes - DroneDeploy, Help.NGO and CatSu|110795_60525"
OAM-443181-242099-19,fold_5,Philippines,"Mapping Buildings - Bato River, Catanduanes - DroneDeploy, Help.NGO and CatSu",0,True,0,"Mapping Buildings - Bato River, Catanduanes - DroneDeploy, Help.NGO and CatSu|110795_60524"
OAM-443282-242046-19,fold_1,Philippines,"Mapping Buildings - Baras Mangroves, Catanduanes - DroneDeploy, Help.NGO and CatSu",0,True,0,"Mapping Buildings - Baras Mangroves, Catanduanes - DroneDeploy, Help.NGO and CatSu|110820_60511"
OAM-443877-246399-19,fold_4,Philippines,Mapping Buildings – Surrounding Area of Visayas State University Vegetable Farm,6,False,6,Mapping Buildings – Surrounding Area of Visayas State University Vegetable Farm|110969_61599
OAM-443880-246398-19,fold_0,Philippines,Mapping Buildings – Surrounding Area of Visayas State University Vegetable Farm,0,True,0,Mapping Buildings – Surrounding Area of Visayas State University Vegetable Farm|110970_61599
OAM-443880-246402-19,fold_6,Philippines,Mapping Buildings – Surrounding Area of Visayas State University Vegetable Farm,3,False,3,Mapping Buildings – Surrounding Area of Visayas State University Vegetable Farm|110970_61600
OAM-443881-246396-19,fold_0,Philippines,Mapping Buildings – Surrounding Area of Visayas State University Vegetable Farm,12,False,12,Mapping Buildings – Surrounding Area of Visayas State University Vegetable Farm|110970_61599
OAM-443881-246398-19,fold_0,Philippines,Mapping Buildings – Surrounding Area of Visayas State University Vegetable Farm,1,False,1,Mapping Buildings – Surrounding Area of Visayas State University Vegetable Farm|110970_61599
OAM-443882-246399-19,fold_0,Philippines,Mapping Buildings – Surrounding Area of Visayas State University Vegetable Farm,0,True,0,Mapping Buildings – Surrounding Area of Visayas State University Vegetable Farm|110970_61599
OAM-443882-246400-19,fold_6,Philippines,Mapping Buildings – Surrounding Area of Visayas State University Vegetable Farm,1,False,1,Mapping Buildings – Surrounding Area of Visayas State University Vegetable Farm|110970_61600
OAM-443883-246398-19,fold_0,Philippines,Mapping Buildings – Surrounding Area of Visayas State University Vegetable Farm,0,True,0,Mapping Buildings – Surrounding Area of Visayas State University Vegetable Farm|110970_61599
OAM-443884-246404-19,fold_1,Philippines,Mapping Buildings – Surrounding Area of Visayas State University Vegetable Farm,7,False,7,Mapping Buildings – Surrounding Area of Visayas State University Vegetable Farm|110971_61601
OAM-443886-246406-19,fold_1,Philippines,Mapping Buildings – Surrounding Area of Visayas State University Vegetable Farm,0,True,0,Mapping Buildings – Surrounding Area of Visayas State University Vegetable Farm|110971_61601
OAM-444093-246333-19,fold_1,Philippines,"Mapping Buildings and Roads-  Poblacion, Javier, Leyte",1,False,1,"Mapping Buildings and Roads-  Poblacion, Javier, Leyte|111023_61583"
OAM-444094-246334-19,fold_1,Philippines,"Mapping Buildings and Roads-  Poblacion, Javier, Leyte",22,False,22,"Mapping Buildings and Roads-  Poblacion, Javier, Leyte|111023_61583"
OAM-444096-246330-19,fold_2,Philippines,"Mapping Buildings and Roads-  Poblacion, Javier, Leyte",7,False,7,"Mapping Buildings and Roads-  Poblacion, Javier, Leyte|111024_61582"
OAM-444096-246338-19,fold_5,Philippines,"Mapping Buildings and Roads-  Poblacion, Javier, Leyte",0,True,0,"Mapping Buildings and Roads-  Poblacion, Javier, Leyte|111024_61584"
OAM-444097-246329-19,fold_2,Philippines,"Mapping Buildings and Roads-  Poblacion, Javier, Leyte",2,False,2,"Mapping Buildings and Roads-  Poblacion, Javier, Leyte|111024_61582"
OAM-444099-246336-19,fold_5,Philippines,"Mapping Buildings and Roads-  Poblacion, Javier, Leyte",7,False,7,"Mapping Buildings and Roads-  Poblacion, Javier, Leyte|111024_61584"
OAM-444099-246340-19,fold_1,Philippines,"Mapping Buildings and Roads-  Poblacion, Javier, Leyte",0,True,0,"Mapping Buildings and Roads-  Poblacion, Javier, Leyte|111024_61585"
OAM-444100-246355-19,fold_2,Philippines,"Mapping of Building Structures – Javier, Leyte (New Cemetery)",1,False,1,"Mapping of Building Structures – Javier, Leyte (New Cemetery)|111025_61588"
OAM-444101-246354-19,fold_2,Philippines,"Mapping of Building Structures – Javier, Leyte (New Cemetery)",0,True,0,"Mapping of Building Structures – Javier, Leyte (New Cemetery)|111025_61588"
OAM-444101-246362-19,fold_4,Philippines,"Mapping of Building Structures – Javier, Leyte (New Cemetery)",0,True,0,"Mapping of Building Structures – Javier, Leyte (New Cemetery)|111025_61590"
OAM-444102-246337-19,fold_5,Philippines,"Mapping Buildings and Roads-  Poblacion, Javier, Leyte",0,True,0,"Mapping Buildings and Roads-  Poblacion, Javier, Leyte|111025_61584"
OAM-444102-246357-19,fold_3,Philippines,"Mapping of Building Structures – Javier, Leyte (New Cemetery)",0,True,0,"Mapping of Building Structures – Javier, Leyte (New Cemetery)|111025_61589"
OAM-444102-246358-19,fold_3,Philippines,"Mapping of Building Structures – Javier, Leyte (New Cemetery)",1,False,1,"Mapping of Building Structures – Javier, Leyte (New Cemetery)|111025_61589"
OAM-465089-208103-19,fold_0,Japan,Izu-Oshima Disaster Preparedness Mapping 2021 Motomachi 01,0,True,0,Izu-Oshima Disaster Preparedness Mapping 2021 Motomachi 01|116272_52025
OAM-465089-208105-19,fold_4,Japan,Izu-Oshima Disaster Preparedness Mapping 2021 Motomachi 01,1,False,1,Izu-Oshima Disaster Preparedness Mapping 2021 Motomachi 01|116272_52026
OAM-465089-208107-19,fold_4,Japan,Izu-Oshima Disaster Preparedness Mapping 2021 Motomachi 01,0,True,0,Izu-Oshima Disaster Preparedness Mapping 2021 Motomachi 01|116272_52026
OAM-465089-208108-19,fold_2,Japan,Izu-Oshima Disaster Preparedness Mapping 2021 Motomachi 01,0,True,0,Izu-Oshima Disaster Preparedness Mapping 2021 Motomachi 01|116272_52027
OAM-465090-208106-19,fold_4,Japan,Izu-Oshima Disaster Preparedness Mapping 2021 Motomachi 01,0,True,0,Izu-Oshima Disaster Preparedness Mapping 2021 Motomachi 01|116272_52026
OAM-465090-208108-19,fold_2,Japan,Izu-Oshima Disaster Preparedness Mapping 2021 Motomachi 01,1,False,1,Izu-Oshima Disaster Preparedness Mapping 2021 Motomachi 01|116272_52027
OAM-465090-208109-19,fold_2,Japan,Izu-Oshima Disaster Preparedness Mapping 2021 Motomachi 01,1,False,1,Izu-Oshima Disaster Preparedness Mapping 2021 Motomachi 01|116272_52027
OAM-465090-208110-19,fold_2,Japan,Izu-Oshima Disaster Preparedness Mapping 2021 Motomachi 01,1,False,1,Izu-Oshima Disaster Preparedness Mapping 2021 Motomachi 01|116272_52027
OAM-465090-208113-19,fold_4,Japan,Izu-Oshima Disaster Preparedness Mapping 2021 Motomachi 01,0,True,0,Izu-Oshima Disaster Preparedness Mapping 2021 Motomachi 01|116272_52028
OAM-465090-208114-19,fold_4,Japan,Izu-Oshima Disaster Preparedness Mapping 2021 Motomachi 01,0,True,0,Izu-Oshima Disaster Preparedness Mapping 2021 Motomachi 01|116272_52028
OAM-465090-208116-19,fold_4,Japan,Izu-Oshima Disaster Preparedness Mapping 2021 Motomachi 01,0,True,0,Izu-Oshima Disaster Preparedness Mapping 2021 Motomachi 01|116272_52029
OAM-465090-208117-19,fold_4,Japan,Izu-Oshima Disaster Preparedness Mapping 2021 Motomachi 01,0,True,0,Izu-Oshima Disaster Preparedness Mapping 2021 Motomachi 01|116272_52029
OAM-465091-208105-19,fold_4,Japan,Izu-Oshima Disaster Preparedness Mapping 2021 Motomachi 01,5,False,5,Izu-Oshima Disaster Preparedness Mapping 2021 Motomachi 01|116272_52026
OAM-465091-208106-19,fold_4,Japan,Izu-Oshima Disaster Preparedness Mapping 2021 Motomachi 01,1,False,1,Izu-Oshima Disaster Preparedness Mapping 2021 Motomachi 01|116272_52026
OAM-465091-208110-19,fold_2,Japan,Izu-Oshima Disaster Preparedness Mapping 2021 Motomachi 01,5,False,5,Izu-Oshima Disaster Preparedness Mapping 2021 Motomachi 01|116272_52027
OAM-465091-208111-19,fold_2,Japan,Izu-Oshima Disaster Preparedness Mapping 2021 Motomachi 01,2,False,2,Izu-Oshima Disaster Preparedness Mapping 2021 Motomachi 01|116272_52027
OAM-465091-208112-19,fold_4,Japan,Izu-Oshima Disaster Preparedness Mapping 2021 Motomachi 01,4,False,4,Izu-Oshima Disaster Preparedness Mapping 2021 Motomachi 01|116272_52028
OAM-465091-208115-19,fold_4,Japan,Izu-Oshima Disaster Preparedness Mapping 2021 Motomachi 01,18,False,18,Izu-Oshima Disaster Preparedness Mapping 2021 Motomachi 01|116272_52028
OAM-465091-208116-19,fold_4,Japan,Izu-Oshima Disaster Preparedness Mapping 2021 Motomachi 01,1,False,1,Izu-Oshima Disaster Preparedness Mapping 2021 Motomachi 01|116272_52029
OAM-465091-208117-19,fold_4,Japan,Izu-Oshima Disaster Preparedness Mapping 2021 Motomachi 01,0,True,0,Izu-Oshima Disaster Preparedness Mapping 2021 Motomachi 01|116272_52029
OAM-465092-208103-19,fold_6,Japan,Izu-Oshima Disaster Preparedness Mapping 2021 Motomachi 01,0,True,0,Izu-Oshima Disaster Preparedness Mapping 2021 Motomachi 01|116273_52025
OAM-465092-208113-19,fold_1,Japan,Izu-Oshima Disaster Preparedness Mapping 2021 Motomachi 01,15,False,15,Izu-Oshima Disaster Preparedness Mapping 2021 Motomachi 01|116273_52028
OAM-465092-208116-19,fold_4,Japan,Izu-Oshima Disaster Preparedness Mapping 2021 Motomachi 01,18,False,18,Izu-Oshima Disaster Preparedness Mapping 2021 Motomachi 01|116273_52029
OAM-465092-208119-19,fold_4,Japan,Izu-Oshima Disaster Preparedness Mapping 2021 Motomachi 01,1,False,1,Izu-Oshima Disaster Preparedness Mapping 2021 Motomachi 01|116273_52029
OAM-465093-208103-19,fold_6,Japan,Izu-Oshima Disaster Preparedness Mapping 2021 Motomachi 01,0,True,0,Izu-Oshima Disaster Preparedness Mapping 2021 Motomachi 01|116273_52025
OAM-465093-208104-19,fold_0,Japan,Izu-Oshima Disaster Preparedness Mapping 2021 Motomachi 01,7,False,7,Izu-Oshima Disaster Preparedness Mapping 2021 Motomachi 01|116273_52026
OAM-465093-208108-19,fold_6,Japan,Izu-Oshima Disaster Preparedness Mapping 2021 Motomachi 01,4,False,4,Izu-Oshima Disaster Preparedness Mapping 2021 Motomachi 01|116273_52027
OAM-465093-208119-19,fold_4,Japan,Izu-Oshima Disaster Preparedness Mapping 2021 Motomachi 01,1,False,1,Izu-Oshima Disaster Preparedness Mapping 2021 Motomachi 01|116273_52029
OAM-465094-208104-19,fold_0,Japan,Izu-Oshima Disaster Preparedness Mapping 2021 Motomachi 01,1,False,1,Izu-Oshima Disaster Preparedness Mapping 2021 Motomachi 01|116273_52026
OAM-465094-208109-19,fold_6,Japan,Izu-Oshima Disaster Preparedness Mapping 2021 Motomachi 01,8,False,8,Izu-Oshima Disaster Preparedness Mapping 2021 Motomachi 01|116273_52027
OAM-465094-208119-19,fold_4,Japan,Izu-Oshima Disaster Preparedness Mapping 2021 Motomachi 01,2,False,2,Izu-Oshima Disaster Preparedness Mapping 2021 Motomachi 01|116273_52029
OAM-465095-208112-19,fold_1,Japan,Izu-Oshima Disaster Preparedness Mapping 2021 Motomachi 01,3,False,3,Izu-Oshima Disaster Preparedness Mapping 2021 Motomachi 01|116273_52028
OAM-465095-208113-19,fold_1,Japan,Izu-Oshima Disaster Preparedness Mapping 2021 Motomachi 01,8,False,8,Izu-Oshima Disaster Preparedness Mapping 2021 Motomachi 01|116273_52028
OAM-465095-208119-19,fold_4,Japan,Izu-Oshima Disaster Preparedness Mapping 2021 Motomachi 01,6,False,6,Izu-Oshima Disaster Preparedness Mapping 2021 Motomachi 01|116273_52029
OAM-465096-208116-19,fold_0,Japan,Izu-Oshima Disaster Preparedness Mapping 2021 Motomachi 01,38,False,38,Izu-Oshima Disaster Preparedness Mapping 2021 Motomachi 01|116274_52029
OAM-465096-208119-19,fold_0,Japan,Izu-Oshima Disaster Preparedness Mapping 2021 Motomachi 01,5,False,5,Izu-Oshima Disaster Preparedness Mapping 2021 Motomachi 01|116274_52029
OAM-465097-208115-19,fold_3,Japan,Izu-Oshima Disaster Preparedness Mapping 2021 Motomachi 01,2,False,2,Izu-Oshima Disaster Preparedness Mapping 2021 Motomachi 01|116274_52028
OAM-465097-208116-19,fold_0,Japan,Izu-Oshima Disaster Preparedness Mapping 2021 Motomachi 01,10,False,10,Izu-Oshima Disaster Preparedness Mapping 2021 Motomachi 01|116274_52029
OAM-465098-208116-19,fold_0,Japan,Izu-Oshima Disaster Preparedness Mapping 2021 Motomachi 01,0,True,0,Izu-Oshima Disaster Preparedness Mapping 2021 Motomachi 01|116274_52029
OAM-116633-237199-19,benchmark,Mexico,MEXICO ACAPULCO RECOVERY FROM HURRICANE OTIS 2023 - DAMAGED BUILDINGS - (1),0,True,0,
OAM-116646-237199-19,benchmark,Mexico,MEXICO ACAPULCO RECOVERY FROM HURRICANE OTIS 2023 - DAMAGED BUILDINGS - (2),5,False,5,
OAM-116673-237195-19,benchmark,Mexico,MEXICO ACAPULCO RECOVERY FROM HURRICANE OTIS 2023 - DAMAGED BUILDINGS - (3),3,False,3,
OAM-116697-237221-19,benchmark,Mexico,MEXICO ACAPULCO RECOVERY FROM HURRICANE OTIS 2023 - DAMAGED BUILDINGS (9),0,True,0,
OAM-116758-237187-19,benchmark,Mexico,MEXICO ACAPULCO RECOVERY FROM HURRICANE OTIS 2023 - DAMAGED BUILDINGS (18),0,True,0,
OAM-116773-237183-19,benchmark,Mexico,MEXICO ACAPULCO RECOVERY FROM HURRICANE OTIS 2023 - DAMAGED BUILDINGS (18),0,True,0,
OAM-125593-237317-19,benchmark,Mexico,Centro Poblado Francisco I Madero,0,True,0,
OAM-125608-237310-19,benchmark,Mexico,Centro Poblado Francisco I Madero,0,True,0,
OAM-125610-237316-19,benchmark,Mexico,Centro Poblado Francisco I Madero,0,True,0,
OAM-125688-237228-19,benchmark,Mexico,Centro Poblado Los Joaquines,0,True,0,
OAM-125690-237226-19,benchmark,Mexico,Centro Poblado Los Joaquines,12,False,12,
OAM-151760-232385-19,benchmark,Cuba,Caribbean Response Hurricane Melissa 2025 Cuba (1),20,False,20,
OAM-151774-232337-19,benchmark,Cuba,Caribbean Response Hurricane Melissa 2025 Cuba (1),0,True,0,
OAM-151776-232330-19,benchmark,Cuba,Caribbean Response Hurricane Melissa 2025 Cuba (1),5,False,5,
OAM-151776-232390-19,benchmark,Cuba,Caribbean Response Hurricane Melissa 2025 Cuba (1),20,False,20,
OAM-151777-232336-19,benchmark,Cuba,Caribbean Response Hurricane Melissa 2025 Cuba (1),46,False,46,
OAM-151781-232336-19,benchmark,Cuba,Caribbean Response Hurricane Melissa 2025 Cuba (1),46,False,46,
OAM-151781-232391-19,benchmark,Cuba,Caribbean Response Hurricane Melissa 2025 Cuba (1),5,False,5,
OAM-151787-232327-19,benchmark,Cuba,Caribbean Response Hurricane Melissa 2025 Cuba (1),23,False,23,
OAM-151789-232316-19,benchmark,Cuba,Caribbean Response Hurricane Melissa 2025 Cuba (1),48,False,48,
OAM-151789-232326-19,benchmark,Cuba,Caribbean Response Hurricane Melissa 2025 Cuba (1),7,False,7,
OAM-151789-232343-19,benchmark,Cuba,Caribbean Response Hurricane Melissa 2025 Cuba (1),20,False,20,
OAM-151793-232320-19,benchmark,Cuba,Caribbean Response Hurricane Melissa 2025 Cuba (1),20,False,20,
OAM-151935-253105-19,benchmark,Colombia,Proyecto de Mapeo San Antonio de Prado (Vereda Montañita),0,True,0,
OAM-151940-253100-19,benchmark,Colombia,Proyecto de Mapeo San Antonio de Prado (Vereda Montañita),0,True,0,
OAM-152125-275395-19,benchmark,Peru,Mapatón Nacional Perú Mariela Amazonía ,1,False,1,
OAM-152134-275385-19,benchmark,Peru,Mapatón Nacional Perú Mariela Amazonía ,6,False,6,
OAM-152136-275382-19,benchmark,Peru,Mapatón Nacional Perú Mariela Amazonía ,1,False,1,
OAM-152140-275387-19,benchmark,Peru,Mapatón Nacional Perú Mariela Amazonía ,3,False,3,
OAM-152145-275385-19,benchmark,Peru,Mapatón Nacional Perú Mariela Amazonía ,26,False,26,
OAM-152161-275379-19,benchmark,Peru,Mapatón Nacional Perú Mariela Amazonía ,24,False,24,
OAM-152162-275386-19,benchmark,Peru,Mapatón Nacional Perú Mariela Amazonía ,7,False,7,
OAM-152165-275379-19,benchmark,Peru,Mapatón Nacional Perú Mariela Amazonía ,5,False,5,
OAM-152169-275376-19,benchmark,Peru,Mapatón Nacional Perú Mariela Amazonía ,24,False,24,
OAM-152174-275379-19,benchmark,Peru,Mapatón Nacional Perú Mariela Amazonía ,0,True,0,
OAM-152859-275843-19,benchmark,Peru,Mapatón Nacional Perú Puerto Súngaro Amazonía ,10,False,10,
OAM-152863-275865-19,benchmark,Peru,Mapatón Nacional Perú Puerto Súngaro Amazonía ,12,False,12,
OAM-152866-275843-19,benchmark,Peru,Mapatón Nacional Perú Puerto Súngaro Amazonía ,2,False,2,
OAM-152866-275848-19,benchmark,Peru,Mapatón Nacional Perú Puerto Súngaro Amazonía ,15,False,15,
OAM-152866-275853-19,benchmark,Peru,Mapatón Nacional Perú Puerto Súngaro Amazonía ,14,False,14,
OAM-152866-275865-19,benchmark,Peru,Mapatón Nacional Perú Puerto Súngaro Amazonía ,20,False,20,
OAM-152868-275854-19,benchmark,Peru,Mapatón Nacional Perú Puerto Súngaro Amazonía ,14,False,14,
OAM-152871-275837-19,benchmark,Peru,Mapatón Nacional Perú Puerto Súngaro Amazonía ,3,False,3,
OAM-152871-275868-19,benchmark,Peru,Mapatón Nacional Perú Puerto Súngaro Amazonía ,4,False,4,
OAM-152875-275878-19,benchmark,Peru,Mapatón Nacional Perú Puerto Súngaro Amazonía ,4,False,4,
OAM-168537-309700-19,benchmark,Argentina,Villa Aní Mí - Disaster preparedness ,15,False,15,
OAM-168538-309708-19,benchmark,Argentina,Villa Aní Mí - Disaster preparedness ,2,False,2,
OAM-168540-309702-19,benchmark,Argentina,Villa Aní Mí - Disaster preparedness ,11,False,11,
OAM-172282-247268-19,benchmark,Trinidad and Tobago,ODPM's GIS Day Mapathon Fanny Village,10,False,10,
OAM-172286-247268-19,benchmark,Trinidad and Tobago,ODPM's GIS Day Mapathon Fanny Village,10,False,10,
OAM-172288-247262-19,benchmark,Trinidad and Tobago,ODPM's GIS Day Mapathon Fanny Village,10,False,10,
OAM-172292-247259-19,benchmark,Trinidad and Tobago,ODPM's GIS Day Mapathon Fanny Village,10,False,10,
OAM-242846-249743-19,benchmark,Sierra Leone,FreeTown Drone Imagery Mapping,72,False,72,
OAM-242846-249744-19,benchmark,Sierra Leone,FreeTown Drone Imagery Mapping,76,False,76,
OAM-242848-249749-19,benchmark,Sierra Leone,FreeTown Drone Imagery Mapping,0,True,0,
OAM-242851-249744-19,benchmark,Sierra Leone,FreeTown Drone Imagery Mapping,4,False,4,
OAM-242852-249733-19,benchmark,Sierra Leone,FreeTown Drone Imagery Mapping,1,False,1,
OAM-242852-249740-19,benchmark,Sierra Leone,FreeTown Drone Imagery Mapping,77,False,77,
OAM-242854-249736-19,benchmark,Sierra Leone,FreeTown Drone Imagery Mapping,4,False,4,
OAM-242854-249746-19,benchmark,Sierra Leone,FreeTown Drone Imagery Mapping,77,False,77,
OAM-242854-249758-19,benchmark,Sierra Leone,FreeTown Drone Imagery Mapping,128,False,128,
OAM-242856-249749-19,benchmark,Sierra Leone,FreeTown Drone Imagery Mapping,70,False,70,
OAM-242858-249746-19,benchmark,Sierra Leone,FreeTown Drone Imagery Mapping,88,False,88,
OAM-242858-249753-19,benchmark,Sierra Leone,FreeTown Drone Imagery Mapping,98,False,98,
OAM-242859-249742-19,benchmark,Sierra Leone,FreeTown Drone Imagery Mapping,114,False,114,
OAM-242860-249739-19,benchmark,Sierra Leone,"KROO BAY SLUM MAPPING PROJECT - FREETOWN, SIERRA LEONE",71,False,71,
OAM-242861-249749-19,benchmark,Sierra Leone,FreeTown Drone Imagery Mapping,57,False,57,
OAM-242863-249745-19,benchmark,Sierra Leone,FreeTown Drone Imagery Mapping,81,False,81,
OAM-242864-249747-19,benchmark,Sierra Leone,FreeTown Drone Imagery Mapping,92,False,92,
OAM-242870-249752-19,benchmark,Sierra Leone,FreeTown Drone Imagery Mapping,59,False,59,
OAM-242870-249761-19,benchmark,Sierra Leone,FreeTown Drone Imagery Mapping,50,False,50,
OAM-242871-249732-19,benchmark,Sierra Leone,FreeTown Drone Imagery Mapping,20,False,20,
OAM-242873-249754-19,benchmark,Sierra Leone,FreeTown Drone Imagery Mapping,64,False,64,
OAM-242873-249756-19,benchmark,Sierra Leone,FreeTown Drone Imagery Mapping,89,False,89,
OAM-242874-249761-19,benchmark,Sierra Leone,FreeTown Drone Imagery Mapping,53,False,53,
OAM-242875-249771-19,benchmark,Sierra Leone,FreeTown Drone Imagery Mapping,50,False,50,
OAM-242877-249760-19,benchmark,Sierra Leone,FreeTown Drone Imagery Mapping,67,False,67,
OAM-242877-249773-19,benchmark,Sierra Leone,FreeTown Drone Imagery Mapping,55,False,55,
OAM-242878-249759-19,benchmark,Sierra Leone,FreeTown Drone Imagery Mapping,63,False,63,
OAM-242879-249764-19,benchmark,Sierra Leone,FreeTown Drone Imagery Mapping,53,False,53,
OAM-242879-249771-19,benchmark,Sierra Leone,FreeTown Drone Imagery Mapping,57,False,57,
OAM-242880-249767-19,benchmark,Sierra Leone,FreeTown Drone Imagery Mapping,43,False,43,
OAM-242886-249761-19,benchmark,Sierra Leone,FreeTown Drone Imagery Mapping,0,True,0,
OAM-242887-249759-19,benchmark,Sierra Leone,FreeTown Drone Imagery Mapping,0,True,0,
OAM-242899-249755-19,benchmark,Sierra Leone,"COCONUT FARM INFORMAL SETTLEMENT MAPPING PROJECT - FREETOWN, SIERRA LEONE",51,False,51,
OAM-246565-252967-19,benchmark,Liberia,"BassaTown slum mapping project - Monrovia, Liberia",11,False,11,
OAM-246569-252961-19,benchmark,Liberia,"BassaTown slum mapping project - Monrovia, Liberia",21,False,21,
OAM-246574-252950-19,benchmark,Liberia,"WoodCamp  slum mapping project - Monrovia, Liberia",34,False,34,
OAM-246577-252949-19,benchmark,Liberia,"WoodCamp  slum mapping project - Monrovia, Liberia",29,False,29,
OAM-246578-252956-19,benchmark,Liberia,"WoodCamp  slum mapping project - Monrovia, Liberia",23,False,23,
OAM-260609-248010-19,benchmark,Ghana,"Mapping to Create Flood Resilient Communities- Nawuni, Ghana",0,True,0,
OAM-260613-248008-19,benchmark,Ghana,"Mapping to Create Flood Resilient Communities- Nawuni, Ghana",64,False,64,
OAM-260615-248012-19,benchmark,Ghana,"Mapping to Create Flood Resilient Communities- Nawuni, Ghana",0,True,0,
OAM-261778-254085-19,benchmark,Ghana,"Chorkor slum mapping project - Accra, Ghana",102,False,102,
OAM-261781-254084-19,benchmark,Ghana,"Chorkor slum mapping project - Accra, Ghana",92,False,92,
OAM-261817-254052-19,benchmark,Ghana,"Old Fadama slum mapping project - Accra, Ghana",63,False,63,
OAM-261821-254043-19,benchmark,Ghana,"Agbogloshie slum mapping project - Accra, Ghana",6,False,6,
OAM-261821-254048-19,benchmark,Ghana,"Old Fadama slum mapping project - Accra, Ghana",129,False,129,
OAM-261824-254041-19,benchmark,Ghana,"Agbogloshie slum mapping project - Accra, Ghana",50,False,50,
OAM-261826-254046-19,benchmark,Ghana,"Agbogloshie slum mapping project - Accra, Ghana",107,False,107,
OAM-305946-261653-19,benchmark,Uganda,Ruboni Community Tourism Mapping _Kyanya Trading Centre Kasese District,10,False,10,
OAM-305951-261659-19,benchmark,Uganda,Ruboni Community Tourism Mapping _Kyanya Trading Centre Kasese District,3,False,3,
OAM-305952-261658-19,benchmark,Uganda,Ruboni Community Tourism Mapping _Kyanya Trading Centre Kasese District,5,False,5,
OAM-305974-261699-19,benchmark,Uganda,Ruboni Community Tourism Mapping _Bugoye Trading Centre Kasese District,2,False,2,
OAM-305976-261702-19,benchmark,Uganda,Ruboni Community Tourism Mapping _Bugoye Trading Centre Kasese District,33,False,33,
OAM-309412-301270-19,benchmark,Mozambique,Community-Based Urban Planning for Sustainable and Climate-Resilient Development - Mapathon 2025 #4 Matola J,22,False,22,
OAM-309421-301271-19,benchmark,Mozambique,Community-Based Urban Planning for Sustainable and Climate-Resilient Development - Mapathon 2025 #4 Matola J,0,True,0,
OAM-309425-301272-19,benchmark,Mozambique,Community-Based Urban Planning for Sustainable and Climate-Resilient Development - Mapathon 2025 #4 Matola J,29,False,29,
OAM-309428-301251-19,benchmark,Mozambique,Community-Based Urban Planning for Sustainable and Climate-Resilient Development - Mapathon 2025 #4 Matola J,22,False,22,
OAM-309429-301277-19,benchmark,Mozambique,Community-Based Urban Planning for Sustainable and Climate-Resilient Development - Mapathon 2025 #4 Matola J,27,False,27,
OAM-309430-301259-19,benchmark,Mozambique,Community-Based Urban Planning for Sustainable and Climate-Resilient Development - Mapathon 2025 #4 Matola J,24,False,24,
OAM-309430-301281-19,benchmark,Mozambique,Community-Based Urban Planning for Sustainable and Climate-Resilient Development - Mapathon 2025 #4 Matola J,5,False,5,
OAM-309433-301255-19,benchmark,Mozambique,Community-Based Urban Planning for Sustainable and Climate-Resilient Development - Mapathon 2025 #4 Matola J,6,False,6,
OAM-309437-301286-19,benchmark,Mozambique,Community-Based Urban Planning for Sustainable and Climate-Resilient Development - Mapathon 2025 #4 Matola J,3,False,3,
OAM-309439-301275-19,benchmark,Mozambique,Community-Based Urban Planning for Sustainable and Climate-Resilient Development - Mapathon 2025 #4 Matola J,30,False,30,
OAM-309511-301125-19,benchmark,Mozambique,Community-Based Urban Planning for Sustainable and Climate-Resilient Development - Mapathon 2025 #3 1 de Maio,22,False,22,
OAM-309513-301130-19,benchmark,Mozambique,Community-Based Urban Planning for Sustainable and Climate-Resilient Development - Mapathon 2025 #3 1 de Maio,0,True,0,
OAM-309513-301147-19,benchmark,Mozambique,Community-Based Urban Planning for Sustainable and Climate-Resilient Development - Mapathon 2025 #3 1 de Maio,22,False,22,
OAM-309514-301148-19,benchmark,Mozambique,Community-Based Urban Planning for Sustainable and Climate-Resilient Development - Mapathon 2025 #3 1 de Maio,20,False,20,
OAM-309516-301121-19,benchmark,Mozambique,Community-Based Urban Planning for Sustainable and Climate-Resilient Development - Mapathon 2025 #3 1 de Maio,1,False,1,
OAM-309525-301126-19,benchmark,Mozambique,Community-Based Urban Planning for Sustainable and Climate-Resilient Development - Mapathon 2025 #3 1 de Maio,25,False,25,
OAM-309526-301133-19,benchmark,Mozambique,Community-Based Urban Planning for Sustainable and Climate-Resilient Development - Mapathon 2025 #3 1 de Maio,25,False,25,
OAM-309530-301145-19,benchmark,Mozambique,Community-Based Urban Planning for Sustainable and Climate-Resilient Development - Mapathon 2025 #3 1 de Maio,15,False,15,
OAM-309627-301149-19,benchmark,Mozambique,Community-Based Urban Planning for Sustainable and Climate-Resilient Development - Mapathon 2025 #1 Magoanine-C,0,True,0,
OAM-309628-301149-19,benchmark,Mozambique,Community-Based Urban Planning for Sustainable and Climate-Resilient Development - Mapathon 2025 #1 Magoanine-C,0,True,0,
OAM-309630-301146-19,benchmark,Mozambique,Community-Based Urban Planning for Sustainable and Climate-Resilient Development - Mapathon 2025 #1 Magoanine-C,21,False,21,
OAM-309631-301139-19,benchmark,Mozambique,Community-Based Urban Planning for Sustainable and Climate-Resilient Development - Mapathon 2025 #1 Magoanine-C,0,True,0,
OAM-309633-301141-19,benchmark,Mozambique,Community-Based Urban Planning for Sustainable and Climate-Resilient Development - Mapathon 2025 #1 Magoanine-C,21,False,21,
OAM-309634-301145-19,benchmark,Mozambique,Community-Based Urban Planning for Sustainable and Climate-Resilient Development - Mapathon 2025 #1 Magoanine-C,22,False,22,
OAM-309657-301174-19,benchmark,Mozambique,Community-Based Urban Planning for Sustainable and Climate-Resilient Development - Mapathon 2025 #2 Mahotas,1,False,1,
OAM-309658-301181-19,benchmark,Mozambique,Community-Based Urban Planning for Sustainable and Climate-Resilient Development - Mapathon 2025 #2 Mahotas,8,False,8,
OAM-309662-301174-19,benchmark,Mozambique,Community-Based Urban Planning for Sustainable and Climate-Resilient Development - Mapathon 2025 #2 Mahotas,28,False,28,
OAM-309665-301173-19,benchmark,Mozambique,Community-Based Urban Planning for Sustainable and Climate-Resilient Development - Mapathon 2025 #2 Mahotas,20,False,20,
OAM-309672-301051-19,benchmark,Mozambique,Community-Based Urban Planning for Sustainable and Climate-Resilient Development - Mapathon 2025 #5 Guava,0,True,0,
OAM-309675-301043-19,benchmark,Mozambique,Community-Based Urban Planning for Sustainable and Climate-Resilient Development - Mapathon 2025 #5 Guava,4,False,4,
OAM-309678-301032-19,benchmark,Mozambique,Community-Based Urban Planning for Sustainable and Climate-Resilient Development - Mapathon 2025 #5 Guava,0,True,0,
OAM-309682-301066-19,benchmark,Mozambique,Community-Based Urban Planning for Sustainable and Climate-Resilient Development - Mapathon 2025 #5 Guava,21,False,21,
OAM-309685-301059-19,benchmark,Mozambique,Community-Based Urban Planning for Sustainable and Climate-Resilient Development - Mapathon 2025 #5 Guava,23,False,23,
OAM-309691-301058-19,benchmark,Mozambique,Community-Based Urban Planning for Sustainable and Climate-Resilient Development - Mapathon 2025 #5 Guava,2,False,2,
OAM-309694-301053-19,benchmark,Mozambique,Community-Based Urban Planning for Sustainable and Climate-Resilient Development - Mapathon 2025 #5 Guava,0,True,0,
OAM-310036-265794-19,benchmark,Tanzania,"Kigoto slum mapping project - Mwanza, Tanzania",27,False,27,
OAM-310065-265832-19,benchmark,Tanzania,"Mulungushi slum mapping project - Mwanza, Tanzania",53,False,53,
OAM-310170-265826-19,benchmark,Tanzania,"Busenga slum mapping project - Mwanza, Tanzania",5,False,5,
OAM-310170-265835-19,benchmark,Tanzania,"Busenga slum mapping project - Mwanza, Tanzania",23,False,23,
OAM-310171-265829-19,benchmark,Tanzania,"Busenga slum mapping project - Mwanza, Tanzania",5,False,5,
OAM-310176-265839-19,benchmark,Tanzania,"Busenga slum mapping project - Mwanza, Tanzania",0,True,0,
OAM-310178-265834-19,benchmark,Tanzania,"Busenga slum mapping project - Mwanza, Tanzania",0,True,0,
OAM-311465-282219-19,benchmark,Malawi,Malawi- Mapping for People Living in Protracted Crisis- Dzaleka Refugee Camp- part 2,2,False,2,
OAM-311466-282234-19,benchmark,Malawi,Malawi- Mapping for People Living in Protracted Crisis- Dzaleka Refugee Camp,6,False,6,
OAM-311466-282238-19,benchmark,Malawi,Malawi- Mapping for People Living in Protracted Crisis- Dzaleka Refugee Camp,53,False,53,
OAM-311466-282240-19,benchmark,Malawi,Malawi- Mapping for People Living in Protracted Crisis- Dzaleka Refugee Camp,71,False,71,
OAM-311467-282211-19,benchmark,Malawi,Malawi- Mapping for People Living in Protracted Crisis- Dzaleka Refugee Camp- part 2,0,True,0,
OAM-311468-282226-19,benchmark,Malawi,Malawi- Mapping for People Living in Protracted Crisis- Dzaleka Refugee Camp,11,False,11,
OAM-311468-282229-19,benchmark,Malawi,Malawi- Mapping for People Living in Protracted Crisis- Dzaleka Refugee Camp,9,False,9,
OAM-311468-282238-19,benchmark,Malawi,Malawi- Mapping for People Living in Protracted Crisis- Dzaleka Refugee Camp,77,False,77,
OAM-311470-282223-19,benchmark,Malawi,Malawi- Mapping for People Living in Protracted Crisis- Dzaleka Refugee Camp,0,True,0,
OAM-311470-282235-19,benchmark,Malawi,Malawi- Mapping for People Living in Protracted Crisis- Dzaleka Refugee Camp,71,False,71,
OAM-311470-282242-19,benchmark,Malawi,Malawi- Mapping for People Living in Protracted Crisis- Dzaleka Refugee Camp,84,False,84,
OAM-311471-282215-19,benchmark,Malawi,Malawi- Mapping for People Living in Protracted Crisis- Dzaleka Refugee Camp- part 2,52,False,52,
OAM-311471-282219-19,benchmark,Malawi,Malawi- Mapping for People Living in Protracted Crisis- Dzaleka Refugee Camp- part 2,5,False,5,
OAM-311473-282214-19,benchmark,Malawi,Malawi- Mapping for People Living in Protracted Crisis- Dzaleka Refugee Camp- part 2,58,False,58,
OAM-311473-282229-19,benchmark,Malawi,Malawi- Mapping for People Living in Protracted Crisis- Dzaleka Refugee Camp,55,False,55,
OAM-311473-282233-19,benchmark,Malawi,Malawi- Mapping for People Living in Protracted Crisis- Dzaleka Refugee Camp,91,False,91,
OAM-311474-282219-19,benchmark,Malawi,Malawi- Mapping for People Living in Protracted Crisis- Dzaleka Refugee Camp- part 2,80,False,80,
OAM-311474-282223-19,benchmark,Malawi,Malawi- Mapping for People Living in Protracted Crisis- Dzaleka Refugee Camp,76,False,76,
OAM-311474-282236-19,benchmark,Malawi,Malawi- Mapping for People Living in Protracted Crisis- Dzaleka Refugee Camp,63,False,63,
OAM-311475-282225-19,benchmark,Malawi,Malawi- Mapping for People Living in Protracted Crisis- Dzaleka Refugee Camp,55,False,55,
OAM-311476-282222-19,benchmark,Malawi,Malawi- Mapping for People Living in Protracted Crisis- Dzaleka Refugee Camp,79,False,79,
OAM-311476-282232-19,benchmark,Malawi,Malawi- Mapping for People Living in Protracted Crisis- Dzaleka Refugee Camp,101,False,101,
OAM-311477-282219-19,benchmark,Malawi,Malawi- Mapping for People Living in Protracted Crisis- Dzaleka Refugee Camp- part 2,94,False,94,
OAM-311477-282230-19,benchmark,Malawi,Malawi- Mapping for People Living in Protracted Crisis- Dzaleka Refugee Camp,73,False,73,
OAM-312006-260280-19,benchmark,Uganda,Mapping with Drone Imagery -  Busano Bukedea District,5,False,5,
OAM-312008-260271-19,benchmark,Uganda,Mapping with Drone Imagery -  Busano Bukedea District,2,False,2,
OAM-312009-260276-19,benchmark,Uganda,Mapping with Drone Imagery -  Busano Bukedea District,0,True,0,
OAM-312010-260272-19,benchmark,Uganda,Mapping with Drone Imagery -  Busano Bukedea District,0,True,0,
OAM-312012-260279-19,benchmark,Uganda,Mapping with Drone Imagery -  Busano Bukedea District,0,True,0,
OAM-315985-263963-19,benchmark,Kenya,Nairobi River Njiru2,0,True,0,
OAM-315989-263974-19,benchmark,Kenya,Nairobi River Njiru5,0,True,0,
OAM-315990-263956-19,benchmark,Kenya,Nairobi River Njiru2,0,True,0,
OAM-315991-263954-19,benchmark,Kenya,Nairobi River Njiru2,2,False,2,
OAM-315991-263960-19,benchmark,Kenya,Nairobi River Njiru2,0,True,0,
OAM-315991-263966-19,benchmark,Kenya,Nairobi River Njiru2,0,True,0,
OAM-315993-263956-19,benchmark,Kenya,Nairobi River Njiru2,0,True,0,
OAM-315997-263954-19,benchmark,Kenya,Nairobi River Njiru2,3,False,3,
OAM-315997-263961-19,benchmark,Kenya,Nairobi River Njiru2,0,True,0,
OAM-316002-263952-19,benchmark,Kenya,Nairobi River Njiru4,2,False,2,
OAM-316004-263955-19,benchmark,Kenya,Nairobi River Njiru4,1,False,1,
OAM-316005-263958-19,benchmark,Kenya,Nairobi River Njiru4,5,False,5,
OAM-316009-263954-19,benchmark,Kenya,Nairobi River Njiru4,2,False,2,
OAM-316010-263957-19,benchmark,Kenya,Nairobi River Njiru4,0,True,0,
OAM-316013-263954-19,benchmark,Kenya,Nairobi River Njiru3,0,True,0,
OAM-316013-263958-19,benchmark,Kenya,Nairobi River Njiru3,2,False,2,
OAM-316016-263959-19,benchmark,Kenya,Nairobi River Njiru3,7,False,7,
OAM-320592-265467-19,benchmark,Kenya,"Danisa village 2, Tana River",0,True,0,
OAM-320594-265321-19,benchmark,Kenya,"Maziwa village, Tana River",0,True,0,
OAM-320595-265330-19,benchmark,Kenya,"Maziwa village, Tana River",0,True,0,
OAM-320599-265453-19,benchmark,Kenya,"Danisa village, Tana River",0,True,0,
OAM-320713-265549-19,benchmark,Kenya,"Galili village, Tana River",22,False,22,
OAM-320776-265778-19,benchmark,Kenya,"Handaraku village, Tana River",1,False,1,
OAM-320779-265780-19,benchmark,Kenya,"Handaraku village, Tana River",50,False,50,
OAM-320780-265774-19,benchmark,Kenya,"Handaraku village, Tana River",5,False,5,
OAM-320780-265778-19,benchmark,Kenya,"Handaraku village, Tana River",23,False,23,
OAM-331226-214624-19,benchmark,Iraq,Ash Sharish,0,True,0,
OAM-331229-214627-19,benchmark,Iraq,Ash Sharish,14,False,14,
OAM-331234-214624-19,benchmark,Iraq,Ash Sharish,0,True,0,
OAM-331234-214629-19,benchmark,Iraq,Ash Sharish,15,False,15,
OAM-331236-214627-19,benchmark,Iraq,Ash Sharish,6,False,6,
OAM-331239-214628-19,benchmark,Iraq,Ash Sharish,5,False,5,
OAM-331240-214628-19,benchmark,Iraq,Ash Sharish,3,False,3,
OAM-331243-214625-19,benchmark,Iraq,Ash Sharish,0,True,0,
OAM-331247-214623-19,benchmark,Iraq,Ash Sharish,3,False,3,
OAM-364189-201943-19,benchmark,Tajikistan,Missing Maps - vulnerable villages of Tajikistan - Nomandiyon and Chasmai Nav,3,False,3,
OAM-364192-201949-19,benchmark,Tajikistan,Missing Maps - vulnerable villages of Tajikistan - Nomandiyon and Chasmai Nav,5,False,5,
OAM-364194-201952-19,benchmark,Tajikistan,Missing Maps - vulnerable villages of Tajikistan - Nomandiyon and Chasmai Nav,0,True,0,
OAM-364198-201949-19,benchmark,Tajikistan,Missing Maps - vulnerable villages of Tajikistan - Nomandiyon and Chasmai Nav,2,False,2,
OAM-364208-201952-19,benchmark,Tajikistan,Missing Maps - vulnerable villages of Tajikistan - Nomandiyon and Chasmai Nav,1,False,1,
OAM-364209-201948-19,benchmark,Tajikistan,Missing Maps - vulnerable villages of Tajikistan - Nomandiyon and Chasmai Nav,2,False,2,
OAM-401861-229450-19,benchmark,Myanmar,Myanmar Earthquake 2025 - Sagaing Town Building Footprints,0,True,0,
OAM-401863-229374-19,benchmark,Myanmar,Myanmar Earthquake 2025 - Sagaing Town Building Footprints,1,False,1,
OAM-401863-229420-19,benchmark,Myanmar,Myanmar Earthquake 2025 - Sagaing Town Building Footprints,0,True,0,
OAM-401864-229426-19,benchmark,Myanmar,Myanmar Earthquake 2025 - Sagaing Town Building Footprints,0,True,0,
OAM-401867-229415-19,benchmark,Myanmar,Myanmar Earthquake 2025 - Sagaing Town Building Footprints,0,True,0,
OAM-401867-229477-19,benchmark,Myanmar,Myanmar Earthquake 2025 - Sagaing Town Building Footprints,20,False,20,
OAM-401871-229447-19,benchmark,Myanmar,Myanmar Earthquake 2025 - Sagaing Town Building Footprints,0,True,0,
OAM-401874-229436-19,benchmark,Myanmar,Myanmar Earthquake 2025 - Sagaing Town Building Footprints,0,True,0,
OAM-401875-229464-19,benchmark,Myanmar,Myanmar Earthquake 2025 - Sagaing Town Building Footprints,1,False,1,
OAM-401875-229482-19,benchmark,Myanmar,Myanmar Earthquake 2025 - Sagaing Town Building Footprints,0,True,0,
OAM-401877-229407-19,benchmark,Myanmar,Myanmar Earthquake 2025 - Sagaing Town Building Footprints,5,False,5,
OAM-401878-229417-19,benchmark,Myanmar,Myanmar Earthquake 2025 - Sagaing Town Building Footprints,0,True,0,
OAM-401880-229411-19,benchmark,Myanmar,Myanmar Earthquake 2025 - Sagaing Town Building Footprints,50,False,50,
OAM-401883-229434-19,benchmark,Myanmar,Myanmar Earthquake 2025 - Sagaing Town Building Footprints,0,True,0,
OAM-401888-229390-19,benchmark,Myanmar,Myanmar Earthquake 2025 - Sagaing Town Building Footprints,13,False,13,
OAM-401889-229386-19,benchmark,Myanmar,Myanmar Earthquake 2025 - Sagaing Town Building Footprints,1,False,1,
OAM-401895-229373-19,benchmark,Myanmar,Myanmar Earthquake 2025 - Sagaing Town Building Footprints,4,False,4,
OAM-401899-229355-19,benchmark,Myanmar,Myanmar Earthquake 2025 - Sagaing Town Building Footprints,1,False,1,
OAM-401899-229460-19,benchmark,Myanmar,Myanmar Earthquake 2025 - Sagaing Town Building Footprints,0,True,0,
OAM-401901-229469-19,benchmark,Myanmar,Myanmar Earthquake 2025 - Sagaing Town Building Footprints,13,False,13,
OAM-401905-229467-19,benchmark,Myanmar,Myanmar Earthquake 2025 - Sagaing Town Building Footprints,0,True,0,
OAM-401910-229388-19,benchmark,Myanmar,Myanmar Earthquake 2025 - Sagaing Town Building Footprints,3,False,3,
OAM-401911-229487-19,benchmark,Myanmar,Myanmar Earthquake 2025 - Sagaing Town Building Footprints,49,False,49,
OAM-401928-229408-19,benchmark,Myanmar,Myanmar Earthquake 2025 - Sagaing Town Building Footprints,5,False,5,
OAM-401929-229484-19,benchmark,Myanmar,Myanmar Earthquake 2025 - Sagaing Town Building Footprints,5,False,5,
OAM-401932-229371-19,benchmark,Myanmar,Myanmar Earthquake 2025 - Sagaing Town Building Footprints,0,True,0,
OAM-401936-229440-19,benchmark,Myanmar,Myanmar Earthquake 2025 - Sagaing Town Building Footprints,7,False,7,
OAM-401937-229476-19,benchmark,Myanmar,Myanmar Earthquake 2025 - Sagaing Town Building Footprints,20,False,20,
OAM-401941-229463-19,benchmark,Myanmar,Myanmar Earthquake 2025 - Sagaing Town Building Footprints,51,False,51,
OAM-401942-229467-19,benchmark,Myanmar,Myanmar Earthquake 2025 - Sagaing Town Building Footprints,20,False,20,
OAM-401944-229477-19,benchmark,Myanmar,Myanmar Earthquake 2025 - Sagaing Town Building Footprints,0,True,0,
OAM-401947-229471-19,benchmark,Myanmar,Myanmar Earthquake 2025 - Sagaing Town Building Footprints,0,True,0,
OAM-401949-229459-19,benchmark,Myanmar,Myanmar Earthquake 2025 - Sagaing Town Building Footprints,47,False,47,
OAM-401950-229425-19,benchmark,Myanmar,Myanmar Earthquake 2025 - Sagaing Town Building Footprints,3,False,3,
OAM-401950-229429-19,benchmark,Myanmar,Myanmar Earthquake 2025 - Sagaing Town Building Footprints,0,True,0,
OAM-401951-229375-19,benchmark,Myanmar,Myanmar Earthquake 2025 - Sagaing Town Building Footprints,0,True,0,
OAM-401961-229479-19,benchmark,Myanmar,Myanmar Earthquake 2025 - Amarapura/Mandalay Buildings Mapping,52,False,52,
OAM-401981-229479-19,benchmark,Myanmar,Myanmar Earthquake 2025 - Amarapura/Mandalay Buildings Mapping,0,True,0,
OAM-401983-229502-19,benchmark,Myanmar,Myanmar Earthquake 2025 - Amarapura/Mandalay Buildings Mapping,5,False,5,
OAM-401991-229451-19,benchmark,Myanmar,Myanmar Earthquake 2025 - Amarapura/Mandalay Buildings Mapping,21,False,21,
OAM-401999-229443-19,benchmark,Myanmar,Myanmar Earthquake 2025 - Amarapura/Mandalay Buildings Mapping,1,False,1,
OAM-402003-229432-19,benchmark,Myanmar,Myanmar Earthquake 2025 - Amarapura/Mandalay Buildings Mapping,0,True,0,
OAM-402006-229466-19,benchmark,Myanmar,Myanmar Earthquake 2025 - Amarapura/Mandalay Buildings Mapping,3,False,3,
OAM-402008-229466-19,benchmark,Myanmar,Myanmar Earthquake 2025 - Amarapura/Mandalay Buildings Mapping,0,True,0,
OAM-402009-229454-19,benchmark,Myanmar,Myanmar Earthquake 2025 - Amarapura/Mandalay Buildings Mapping,73,False,73,
OAM-402010-229451-19,benchmark,Myanmar,Myanmar Earthquake 2025 - Amarapura/Mandalay Buildings Mapping,50,False,50,
OAM-402011-229420-19,benchmark,Myanmar,Myanmar Earthquake 2025 - Amarapura/Mandalay Buildings Mapping,0,True,0,
OAM-402012-229476-19,benchmark,Myanmar,Myanmar Earthquake 2025 - Amarapura/Mandalay Buildings Mapping,0,True,0,
OAM-402012-229486-19,benchmark,Myanmar,Myanmar Earthquake 2025 - Amarapura/Mandalay Buildings Mapping,0,True,0,
OAM-402013-229442-19,benchmark,Myanmar,Myanmar Earthquake 2025 - Amarapura/Mandalay Buildings Mapping,20,False,20,
OAM-402013-229473-19,benchmark,Myanmar,Myanmar Earthquake 2025 - Amarapura/Mandalay Buildings Mapping,0,True,0,
OAM-402015-229447-19,benchmark,Myanmar,Myanmar Earthquake 2025 - Amarapura/Mandalay Buildings Mapping,49,False,49,
OAM-402018-229447-19,benchmark,Myanmar,Myanmar Earthquake 2025 - Amarapura/Mandalay Buildings Mapping,50,False,50,
OAM-402018-229460-19,benchmark,Myanmar,Myanmar Earthquake 2025 - Amarapura/Mandalay Buildings Mapping,0,True,0,
OAM-402021-229435-19,benchmark,Myanmar,Myanmar Earthquake 2025 - Amarapura/Mandalay Buildings Mapping,71,False,71,
OAM-402022-229429-19,benchmark,Myanmar,Myanmar Earthquake 2025 - Amarapura/Mandalay Buildings Mapping,50,False,50,
OAM-402023-229413-19,benchmark,Myanmar,Myanmar Earthquake 2025 - Amarapura/Mandalay Buildings Mapping,5,False,5,
OAM-402024-229466-19,benchmark,Myanmar,Myanmar Earthquake 2025 - Amarapura/Mandalay Buildings Mapping,5,False,5,
OAM-402029-229390-19,benchmark,Myanmar,Myanmar Earthquake 2025 - Mandalay City Buildings Mapping,0,True,0,
OAM-402029-229420-19,benchmark,Myanmar,Myanmar Earthquake 2025 - Amarapura/Mandalay Buildings Mapping,70,False,70,
OAM-402031-229418-19,benchmark,Myanmar,Myanmar Earthquake 2025 - Amarapura/Mandalay Buildings Mapping,93,False,93,
OAM-402031-229455-19,benchmark,Myanmar,Myanmar Earthquake 2025 - Amarapura/Mandalay Buildings Mapping,1,False,1,
OAM-402033-229416-19,benchmark,Myanmar,Myanmar Earthquake 2025 - Amarapura/Mandalay Buildings Mapping,68,False,68,
OAM-402034-229410-19,benchmark,Myanmar,Myanmar Earthquake 2025 - Amarapura/Mandalay Buildings Mapping,21,False,21,
OAM-402036-229357-19,benchmark,Myanmar,Myanmar Earthquake 2025 - Mandalay City Buildings Mapping,51,False,51,
OAM-402036-229376-19,benchmark,Myanmar,Myanmar Earthquake 2025 - Mandalay City Buildings Mapping,97,False,97,
OAM-402039-229385-19,benchmark,Myanmar,Myanmar Earthquake 2025 - Mandalay City Buildings Mapping,4,False,4,
OAM-402039-229506-19,benchmark,Myanmar,Myanmar Earthquake 2025 - Amarapura/Mandalay Buildings Mapping,0,True,0,
OAM-402041-229316-19,benchmark,Myanmar,Myanmar Earthquake 2025 - Mandalay City Buildings Mapping,3,False,3,
OAM-402041-229348-19,benchmark,Myanmar,Myanmar Earthquake 2025 - Mandalay City Buildings Mapping,75,False,75,
OAM-402044-229476-19,benchmark,Myanmar,Myanmar Earthquake 2025 - Amarapura/Mandalay Buildings Mapping,5,False,5,
OAM-402045-229318-19,benchmark,Myanmar,Myanmar Earthquake 2025 - Mandalay City Buildings Mapping,1,False,1,
OAM-402045-229323-19,benchmark,Myanmar,Myanmar Earthquake 2025 - Mandalay City Buildings Mapping,52,False,52,
OAM-402046-229354-19,benchmark,Myanmar,Myanmar Earthquake 2025 - Mandalay City Buildings Mapping,52,False,52,
OAM-402048-229324-19,benchmark,Myanmar,Myanmar Earthquake 2025 - Mandalay City Buildings Mapping,92,False,92,
OAM-402048-229351-19,benchmark,Myanmar,Myanmar Earthquake 2025 - Mandalay City Buildings Mapping,69,False,69,
OAM-402048-229355-19,benchmark,Myanmar,Myanmar Earthquake 2025 - Mandalay City Buildings Mapping,111,False,111,
OAM-402050-229330-19,benchmark,Myanmar,Myanmar Earthquake 2025 - Mandalay City Buildings Mapping,51,False,51,
OAM-402050-229509-19,benchmark,Myanmar,Myanmar Earthquake 2025 - Amarapura/Mandalay Buildings Mapping,13,False,13,
OAM-402051-229359-19,benchmark,Myanmar,Myanmar Earthquake 2025 - Mandalay City Buildings Mapping,0,True,0,
OAM-402051-229473-19,benchmark,Myanmar,Myanmar Earthquake 2025 - Amarapura/Mandalay Buildings Mapping,18,False,18,
OAM-402054-229308-19,benchmark,Myanmar,Myanmar Earthquake 2025 - Mandalay City Buildings Mapping,71,False,71,
OAM-402054-229397-19,benchmark,Myanmar,Myanmar Earthquake 2025 - Mandalay City Buildings Mapping,9,False,9,
OAM-402054-229403-19,benchmark,Myanmar,Myanmar Earthquake 2025 - Mandalay City Buildings Mapping,20,False,20,
OAM-402055-229370-19,benchmark,Myanmar,Myanmar Earthquake 2025 - Mandalay City Buildings Mapping,0,True,0,
OAM-402055-229492-19,benchmark,Myanmar,Myanmar Earthquake 2025 - Amarapura/Mandalay Buildings Mapping,21,False,21,
OAM-402056-229499-19,benchmark,Myanmar,Myanmar Earthquake 2025 - Amarapura/Mandalay Buildings Mapping,2,False,2,
OAM-402058-229355-19,benchmark,Myanmar,Myanmar Earthquake 2025 - Mandalay City Buildings Mapping,73,False,73,
OAM-402058-229356-19,benchmark,Myanmar,Myanmar Earthquake 2025 - Mandalay City Buildings Mapping,69,False,69,
OAM-402060-229356-19,benchmark,Myanmar,Myanmar Earthquake 2025 - Mandalay City Buildings Mapping,55,False,55,
OAM-402060-229368-19,benchmark,Myanmar,Myanmar Earthquake 2025 - Mandalay City Buildings Mapping,112,False,112,
OAM-402062-229366-19,benchmark,Myanmar,Myanmar Earthquake 2025 - Mandalay City Buildings Mapping,71,False,71,
OAM-402063-229399-19,benchmark,Myanmar,Myanmar Earthquake 2025 - Mandalay City Buildings Mapping,71,False,71,
OAM-402064-229342-19,benchmark,Myanmar,Myanmar Earthquake 2025 - Mandalay City Buildings Mapping,40,False,40,
OAM-402064-229481-19,benchmark,Myanmar,Myanmar Earthquake 2025 - Amarapura/Mandalay Buildings Mapping,0,True,0,
OAM-402066-229433-19,benchmark,Myanmar,Myanmar Earthquake 2025 - Mandalay City Buildings Mapping,70,False,70,
OAM-402067-229369-19,benchmark,Myanmar,Myanmar Earthquake 2025 - Mandalay City Buildings Mapping,44,False,44,
OAM-402068-229368-19,benchmark,Myanmar,Myanmar Earthquake 2025 - Mandalay City Buildings Mapping,83,False,83,
OAM-402069-229407-19,benchmark,Myanmar,Myanmar Earthquake 2025 - Mandalay City Buildings Mapping,49,False,49,
OAM-402069-229412-19,benchmark,Myanmar,Myanmar Earthquake 2025 - Mandalay City Buildings Mapping,1,False,1,
OAM-402074-229376-19,benchmark,Myanmar,Myanmar Earthquake 2025 - Mandalay City Buildings Mapping,86,False,86,
OAM-402075-229367-19,benchmark,Myanmar,Myanmar Earthquake 2025 - Mandalay City Buildings Mapping,22,False,22,
OAM-402076-229426-19,benchmark,Myanmar,Myanmar Earthquake 2025 - Mandalay City Buildings Mapping,50,False,50,
OAM-402077-229349-19,benchmark,Myanmar,Myanmar Earthquake 2025 - Mandalay City Buildings Mapping,54,False,54,
OAM-402079-229355-19,benchmark,Myanmar,Myanmar Earthquake 2025 - Mandalay City Buildings Mapping,50,False,50,
OAM-402082-229483-19,benchmark,Myanmar,Myanmar Earthquake 2025 - Amarapura/Mandalay Buildings Mapping,50,False,50,
OAM-402083-229435-19,benchmark,Myanmar,Myanmar Earthquake 2025 - Mandalay City Buildings Mapping,50,False,50,
OAM-402085-229410-19,benchmark,Myanmar,Myanmar Earthquake 2025 - Mandalay City Buildings Mapping,10,False,10,
OAM-402086-229388-19,benchmark,Myanmar,Myanmar Earthquake 2025 - Mandalay City Buildings Mapping,4,False,4,
OAM-402089-229432-19,benchmark,Myanmar,Myanmar Earthquake 2025 - Mandalay City Buildings Mapping,5,False,5,
OAM-402089-229479-19,benchmark,Myanmar,Myanmar Earthquake 2025 - Amarapura/Mandalay Buildings Mapping,0,True,0,
OAM-402090-229363-19,benchmark,Myanmar,Myanmar Earthquake 2025 - Mandalay City Buildings Mapping,0,True,0,
OAM-402091-229493-19,benchmark,Myanmar,Myanmar Earthquake 2025 - Amarapura/Mandalay Buildings Mapping,2,False,2,
OAM-402092-229447-19,benchmark,Myanmar,Myanmar Earthquake 2025 - Mandalay City Buildings Mapping,21,False,21,
OAM-402094-229450-19,benchmark,Myanmar,Myanmar Earthquake 2025 - Mandalay City Buildings Mapping,5,False,5,
OAM-402097-229387-19,benchmark,Myanmar,Myanmar Earthquake 2025 - Mandalay City Buildings Mapping,88,False,88,
OAM-402098-229428-19,benchmark,Myanmar,Myanmar Earthquake 2025 - Mandalay City Buildings Mapping,52,False,52,
OAM-402098-229464-19,benchmark,Myanmar,Myanmar Earthquake 2025 - Mandalay City Buildings Mapping,11,False,11,
OAM-402101-229489-19,benchmark,Myanmar,Myanmar Earthquake 2025 - Amarapura/Mandalay Buildings Mapping,20,False,20,
OAM-402103-229468-19,benchmark,Myanmar,Myanmar Earthquake 2025 - Mandalay City Buildings Mapping,9,False,9,
OAM-402105-229437-19,benchmark,Myanmar,Myanmar Earthquake 2025 - Mandalay City Buildings Mapping,2,False,2,
OAM-402108-229423-19,benchmark,Myanmar,Myanmar Earthquake 2025 - Mandalay City Buildings Mapping,24,False,24,
OAM-402109-229400-19,benchmark,Myanmar,Myanmar Earthquake 2025 - Mandalay City Buildings Mapping,79,False,79,
OAM-402111-229443-19,benchmark,Myanmar,Myanmar Earthquake 2025 - Mandalay City Buildings Mapping,21,False,21,
OAM-402112-229480-19,benchmark,Myanmar,Myanmar Earthquake 2025 - Mandalay City Buildings Mapping,11,False,11,
OAM-402114-229399-19,benchmark,Myanmar,Myanmar Earthquake 2025 - Mandalay City Buildings Mapping,8,False,8,
OAM-402114-229443-19,benchmark,Myanmar,Myanmar Earthquake 2025 - Mandalay City Buildings Mapping,14,False,14,
OAM-402114-229495-19,benchmark,Myanmar,Myanmar Earthquake 2025 - Amarapura/Mandalay Buildings Mapping,10,False,10,
OAM-402116-229430-19,benchmark,Myanmar,Myanmar Earthquake 2025 - Mandalay City Buildings Mapping,20,False,20,
OAM-402122-229504-19,benchmark,Myanmar,Myanmar Earthquake 2025 - Amarapura/Mandalay Buildings Mapping,0,True,0,
OAM-402123-229417-19,benchmark,Myanmar,Myanmar Earthquake 2025 - Mandalay City Buildings Mapping,51,False,51,
OAM-402127-229416-19,benchmark,Myanmar,Myanmar Earthquake 2025 - Mandalay City Buildings Mapping,73,False,73,
OAM-402129-229416-19,benchmark,Myanmar,Myanmar Earthquake 2025 - Mandalay City Buildings Mapping,51,False,51,
OAM-402130-229408-19,benchmark,Myanmar,Myanmar Earthquake 2025 - Mandalay City Buildings Mapping,96,False,96,
OAM-402131-229459-19,benchmark,Myanmar,Myanmar Earthquake 2025 - Mandalay City Buildings Mapping,53,False,53,
OAM-402133-229319-19,benchmark,Myanmar,Myanmar Earthquake 2025 - Mandalay City Buildings Mapping,67,False,67,
OAM-402133-229337-19,benchmark,Myanmar,Myanmar Earthquake 2025 - Mandalay City Buildings Mapping,14,False,14,
OAM-402133-229449-19,benchmark,Myanmar,Myanmar Earthquake 2025 - Mandalay City Buildings Mapping,8,False,8,
OAM-402134-229313-19,benchmark,Myanmar,Myanmar Earthquake 2025 - Mandalay City Buildings Mapping,81,False,81,
OAM-402135-229370-19,benchmark,Myanmar,Myanmar Earthquake 2025 - Mandalay City Buildings Mapping,21,False,21,
OAM-402136-229340-19,benchmark,Myanmar,Myanmar Earthquake 2025 - Mandalay City Buildings Mapping,11,False,11,
OAM-402136-229432-19,benchmark,Myanmar,Myanmar Earthquake 2025 - Mandalay City Buildings Mapping,50,False,50,
OAM-402142-229348-19,benchmark,Myanmar,Myanmar Earthquake 2025 - Mandalay City Buildings Mapping,5,False,5,
OAM-402143-229367-19,benchmark,Myanmar,Myanmar Earthquake 2025 - Mandalay City Buildings Mapping,20,False,20,
OAM-402143-229416-19,benchmark,Myanmar,Myanmar Earthquake 2025 - Mandalay City Buildings Mapping,50,False,50,
OAM-402148-229392-19,benchmark,Myanmar,Myanmar Earthquake 2025 - Mandalay City Buildings Mapping,20,False,20,
OAM-402152-229427-19,benchmark,Myanmar,Myanmar Earthquake 2025 - Mandalay City Buildings Mapping,50,False,50,
OAM-402153-229435-19,benchmark,Myanmar,Myanmar Earthquake 2025 - Mandalay City Buildings Mapping,1,False,1,
OAM-402154-229386-19,benchmark,Myanmar,Myanmar Earthquake 2025 - Mandalay City Buildings Mapping,52,False,52,
OAM-402161-229497-19,benchmark,Myanmar,Myanmar Earthquake 2025 - Amarapura/Mandalay Buildings Mapping,0,True,0,
OAM-402162-229500-19,benchmark,Myanmar,Myanmar Earthquake 2025 - Amarapura/Mandalay Buildings Mapping,0,True,0,
OAM-439709-246862-19,benchmark,Philippines,"Mapping Buildings – Poblacion and Sagua Coastal Area, Anini-y, Antique",5,False,5,
OAM-439763-246900-19,benchmark,Philippines,"Mapping Buildings – Juraojurao Island, Anini-y, Antique",13,False,13,
OAM-439767-246892-19,benchmark,Philippines,"Mapping Buildings – Juraojurao Island, Anini-y, Antique",11,False,11,
OAM-443009-241423-19,benchmark,Philippines,"Mapping Buildings - Hiyop, Catanduanes - DroneDeploy, Help.NGO and CatSu",0,True,0,
OAM-443132-241551-19,benchmark,Philippines,"Mapping Buildings - San Isidro and Bugao, Catanduanes - DroneDeploy, Help.NGO and CatSu",0,True,0,
OAM-443135-241543-19,benchmark,Philippines,"Mapping Buildings - San Isidro and Bugao, Catanduanes - DroneDeploy, Help.NGO and CatSu",0,True,0,
OAM-443135-241546-19,benchmark,Philippines,"Mapping Buildings - San Isidro and Bugao, Catanduanes - DroneDeploy, Help.NGO and CatSu",0,True,0,
OAM-443153-242151-19,benchmark,Philippines,"Mapping Buildings - Bato River, Catanduanes - DroneDeploy, Help.NGO and CatSu",0,True,0,
OAM-443156-242146-19,benchmark,Philippines,"Mapping Buildings - Bato River, Catanduanes - DroneDeploy, Help.NGO and CatSu",0,True,0,
OAM-443165-242118-19,benchmark,Philippines,"Mapping Buildings - Bato River, Catanduanes - DroneDeploy, Help.NGO and CatSu",0,True,0,
OAM-443165-242145-19,benchmark,Philippines,"Mapping Buildings - Bato River, Catanduanes - DroneDeploy, Help.NGO and CatSu",1,False,1,
OAM-443171-242107-19,benchmark,Philippines,"Mapping Buildings - Bato River, Catanduanes - DroneDeploy, Help.NGO and CatSu",0,True,0,
OAM-443172-242105-19,benchmark,Philippines,"Mapping Buildings - Bato River, Catanduanes - DroneDeploy, Help.NGO and CatSu",0,True,0,
OAM-443173-242096-19,benchmark,Philippines,"Mapping Buildings - Bato River, Catanduanes - DroneDeploy, Help.NGO and CatSu",0,True,0,
OAM-443174-242088-19,benchmark,Philippines,"Mapping Buildings - Bato River, Catanduanes - DroneDeploy, Help.NGO and CatSu",1,False,1,
OAM-443176-242100-19,benchmark,Philippines,"Mapping Buildings - Bato River, Catanduanes - DroneDeploy, Help.NGO and CatSu",0,True,0,
OAM-443178-242097-19,benchmark,Philippines,"Mapping Buildings - Bato River, Catanduanes - DroneDeploy, Help.NGO and CatSu",0,True,0,
OAM-443179-242104-19,benchmark,Philippines,"Mapping Buildings - Bato River, Catanduanes - DroneDeploy, Help.NGO and CatSu",0,True,0,
OAM-443180-242099-19,benchmark,Philippines,"Mapping Buildings - Bato River, Catanduanes - DroneDeploy, Help.NGO and CatSu",1,False,1,
OAM-443280-242052-19,benchmark,Philippines,"Mapping Buildings - Baras Mangroves, Catanduanes - DroneDeploy, Help.NGO and CatSu",0,True,0,
OAM-443881-246403-19,benchmark,Philippines,Mapping Buildings – Surrounding Area of Visayas State University Vegetable Farm,1,False,1,
OAM-444097-246331-19,benchmark,Philippines,"Mapping Buildings and Roads-  Poblacion, Javier, Leyte",26,False,26,
OAM-444097-246335-19,benchmark,Philippines,"Mapping Buildings and Roads-  Poblacion, Javier, Leyte",29,False,29,
OAM-444101-246353-19,benchmark,Philippines,"Mapping of Building Structures – Javier, Leyte (New Cemetery)",0,True,0,
OAM-465090-208112-19,benchmark,Japan,Izu-Oshima Disaster Preparedness Mapping 2021 Motomachi 01,0,True,0,
OAM-465091-208107-19,benchmark,Japan,Izu-Oshima Disaster Preparedness Mapping 2021 Motomachi 01,10,False,10,
OAM-465091-208118-19,benchmark,Japan,Izu-Oshima Disaster Preparedness Mapping 2021 Motomachi 01,0,True,0,
OAM-465092-208112-19,benchmark,Japan,Izu-Oshima Disaster Preparedness Mapping 2021 Motomachi 01,17,False,17,
OAM-465092-208118-19,benchmark,Japan,Izu-Oshima Disaster Preparedness Mapping 2021 Motomachi 01,3,False,3,
OAM-465093-208111-19,benchmark,Japan,Izu-Oshima Disaster Preparedness Mapping 2021 Motomachi 01,14,False,14,
OAM-465094-208107-19,benchmark,Japan,Izu-Oshima Disaster Preparedness Mapping 2021 Motomachi 01,5,False,5,
OAM-465098-208118-19,benchmark,Japan,Izu-Oshima Disaster Preparedness Mapping 2021 Motomachi 01,2,False,2,
